t(),X1,X2,X3,X4,X5,X6,X7,X8,X9,X10,X11,X12,X13,X14,X15,X16,X17,X18,X19,X20,X21,X22,X23,X24,X25,X26,X27,X28,X29,X30,X31,X32,X33,X34,X35,X36,X37,X38,X39,X40,X41,X42,X43,X44,X45,X46,X47,X48,X49,X50,X51,X52,X53,X54,X55,X56
2005-01-03,45.8466,39.8955,17.521205,46.667887,19.05318,19.711178,11.743176,21.664902,16.787895,,4.633858,46.55397,17.43029,1.8352,10.365,28.772561,6.201433,23.013117,41.37428,21.985622,32.239635,25.388436,25.388436,,14.968238,,,27.633905,27.633905,11.577728,,25.388436,,29.443306,2.2963,2.2963,7.808235,18.7883,24.7124,38.517564,,,35.2389,5.329133,20.95,28.96,32.165719,16.0163,22.94987,29.390111,,20.434832,15.995224,29.991,,50.7604
2005-01-04,45.8103,39.9288,17.329738,46.319778,18.938198,19.643724,11.647966,21.796096,16.767126,,4.555906,46.206594,17.3768,1.8626,10.24,28.556832,6.191296,23.320136,41.815761,21.740236,32.123404,25.286484,25.286484,,14.759227,,,27.340468,27.340468,11.208499,,25.286484,,29.458765,2.2006,2.2006,7.862245,18.6712,24.4285,38.243138,,,35.2898,5.278192,21.31,28.74,31.863555,16.2299,22.722644,28.797392,,20.211238,16.004092,30.34,,50.4923
2005-01-05,45.3294,40.0037,17.034457,45.892188,18.997662,19.448159,11.563979,21.628379,16.471335,,4.443528,45.780096,17.733282,1.8763,10.07,28.437846,6.132547,22.888394,40.803501,21.461483,32.319617,25.082675,25.082675,,14.690727,,,27.007961,27.007961,11.31142,,25.082675,,29.086619,2.0944,2.0944,7.848126,18.41,24.1354,38.287668,,,35.2643,5.261226,21.49,28.07,31.959723,15.9295,22.085422,28.079927,,19.79436,15.826448,30.3275,,50.2837
2005-01-06,44.6487,40.1786,17.385526,46.667887,19.02143,19.596487,11.726341,21.628379,16.518067,,4.479501,46.55397,17.862431,1.8822,10.235,28.2667,6.156876,22.782926,40.727329,22.680162,32.36326,25.097293,25.097293,,14.809635,,,27.014458,27.014458,11.244818,,25.097293,,29.24168,2.1625,2.1625,7.792755,18.5361,24.1537,38.562004,,,35.3407,5.271423,21.26,28.6,32.158843,15.8561,22.964689,28.360631,,19.770166,15.604467,30.0761,,51.0137
2005-01-07,44.676,40.1953,17.425426,46.606831,18.981787,19.502105,11.597555,21.446125,16.528452,,4.473495,46.492972,18.271326,1.8179,10.365,28.311381,6.164986,22.850077,41.10791,22.397378,32.130618,25.082675,25.082675,,14.831328,,,26.844911,26.844911,11.214536,,25.082675,,29.51306,2.1156,2.1156,7.907325,18.6622,24.1995,38.895714,,,35.8326,5.303341,21.29,28.52,32.10393,15.9028,24.268772,28.150078,,19.407613,15.69324,30.2081,,50.9914
2005-01-10,44.7213,40.6199,17.569049,46.832827,19.100715,19.56956,11.72073,21.402334,16.590672,,4.489965,46.71845,18.328676,1.8706,10.285,28.311381,6.116327,23.032373,41.2373,22.73012,32.065244,25.060889,25.060889,,14.91414,,,27.216579,27.216579,11.075394,,25.060889,,29.893029,2.1469,2.1469,8.010412,18.7343,24.3277,39.867156,,,36.299,5.386844,21.37,28.71,32.007761,16.0296,24.451541,29.386247,,19.613039,15.684372,30.6732,,50.7679
2005-01-11,44.6034,40.6699,17.321703,46.289201,19.017484,19.488596,11.67032,21.249244,17.068108,,4.136301,46.176095,18.285686,1.8633,10.27,28.088172,6.096053,22.591052,41.59502,22.405626,32.094279,24.922532,24.922532,,14.831328,,,27.268734,27.268734,10.984547,,24.922532,,29.60619,2.1719,2.1719,7.933096,18.5722,24.0988,39.652105,,,36.2482,5.316923,20.75,28.95,31.870431,15.7225,24.056364,29.425187,,19.510326,15.728807,30.0698,,50.6859
2005-01-12,44.6215,40.7449,17.210037,46.661811,18.961966,19.535832,11.698376,21.234617,17.073301,,4.293629,46.547831,18.278506,1.8576,10.22,28.050971,6.025139,22.936387,41.640649,22.413968,32.014387,24.91527,24.91527,,14.831328,,,27.301398,27.301398,11.069259,,24.91527,,29.381282,2.1638,2.1638,7.937009,18.6802,24.1629,39.75592,,,36.0785,5.311482,23.53,28.59,31.746852,15.9629,24.239133,29.63574,,19.153888,15.702108,30.2961,,50.4355
2005-01-13,44.5671,40.8031,17.433461,46.557927,18.688323,19.663942,11.524791,21.088796,17.057723,,4.287623,46.444252,18.145768,1.8215,10.1,28.021249,6.079833,22.744512,41.27534,22.501325,31.876334,24.857079,24.857079,,14.679925,,,27.438281,27.438281,10.893798,,24.857079,,29.489871,2.2313,2.2313,8.023255,18.6442,23.8789,39.244267,,,36.104,5.357624,23.63,28.39,31.588894,15.8293,24.313229,29.698162,,19.365341,15.613334,29.8875,,49.9646
2005-01-14,44.5217,40.6449,17.481305,46.667887,18.61702,19.690869,11.502346,21.161752,17.192727,,4.340128,46.55397,18.163717,1.8352,10.25,28.021249,6.077805,22.878815,41.739682,22.547065,32.196082,24.91527,24.91527,,14.762828,,,27.8067,27.8067,11.014829,,24.91527,,29.489871,2.3256,2.3256,8.158493,18.6532,23.9064,39.177562,,,36.2312,5.413321,23.9,28.59,31.616304,15.9228,24.431782,28.863679,,19.093448,15.488994,30.1578,,50.1141
2005-01-18,44.5489,41.3944,18.502554,46.918384,18.918377,20.102307,11.62552,21.628379,17.81027,,4.365576,46.803711,18.586973,1.8143,10.25,28.534491,6.268339,23.310557,42.47789,23.179275,32.690312,25.060889,25.060889,,14.863733,,,28.266435,28.266435,10.899835,,25.060889,,30.133396,2.4375,2.4375,8.237084,18.9414,23.998,39.666948,,,36.6213,5.492068,24.21,29.55,31.93222,16.2232,24.649129,29.089887,,19.73392,15.75541,30.5098,,50.3458
2005-01-19,44.558,41.1779,18.598334,46.380834,18.95802,20.189889,11.580721,21.453394,17.618239,,4.370096,46.267494,18.716121,1.8395,10.19,28.348582,6.217464,23.291301,42.60728,22.917299,32.450456,24.988079,24.988079,,14.809635,,,27.74471,27.74471,11.051148,,24.988079,,29.986065,2.4,2.4,8.18554,18.8424,24.5293,40.067455,,,36.2227,5.50972,24.01,29.68,31.959723,16.2099,24.45648,29.070368,,19.365341,15.808713,29.9567,,50.6299
2005-01-20,44.3402,40.9031,18.614312,46.301451,18.961966,20.169671,11.62552,21.351274,17.654586,,4.293629,46.188275,18.777061,1.7602,10.18,28.140234,6.317187,23.540747,42.77471,22.850751,32.2106,24.835199,24.835199,,14.892537,,,27.862103,27.862103,11.141897,,24.835199,,30.28855,2.2931,2.2931,8.126257,19.0225,24.4193,39.711479,,,35.8326,5.435686,24.11,30.04,32.145092,16.3835,24.407083,28.820776,,19.365341,15.595599,29.831,,52.0801
2005-01-21,44.2494,41.1029,18.07972,48.811914,18.894519,20.230416,12.011971,21.16902,17.55593,,4.36409,48.692697,18.619192,1.7696,10.085,28.043589,6.343638,23.713464,42.54638,22.97963,32.196082,24.726079,24.726079,,14.741224,,,27.836026,27.836026,11.214536,,24.726079,,30.110207,2.3444,2.3444,8.081177,18.8604,24.2819,39.726323,,,35.9768,5.380032,23.7,30.29,32.035264,16.5036,24.357686,29.043021,,19.365341,15.577767,29.5921,,52.7753
2005-01-24,44.4854,41.0613,18.223343,49.294484,18.815234,19.994415,11.860739,21.329469,17.395053,,4.368548,49.174152,18.594153,1.7674,9.835,28.050971,6.282579,23.934076,42.08972,23.624305,32.2106,24.311105,24.311105,,14.759227,,,28.038147,28.038147,11.160106,,24.311105,,30.117937,2.3931,2.3931,8.005223,18.6893,23.8881,39.533446,,,35.5103,5.396998,23.35,30.35,31.815517,16.6572,24.174917,29.097616,,19.377393,15.568899,29.3595,,52.8126
2005-01-25,44.558,40.6616,18.071685,50.302354,18.779537,19.839288,12.067993,21.205453,17.203112,,4.395543,50.179545,18.612102,1.7313,9.65,27.984047,6.256128,21.967533,42.789981,23.374796,32.312314,24.041843,24.041843,,14.860132,,,28.109882,28.109882,10.911908,,24.041843,,29.737968,2.4338,2.4338,8.021979,18.6352,24.4193,39.592821,,,35.5273,5.424846,23.05,29.97,31.540763,15.2886,24.002028,28.563456,,19.329094,15.577767,29.3721,,52.708
2005-01-26,44.2041,40.8365,18.071685,50.186317,18.815234,19.913452,12.051158,21.001303,17.296486,,4.403035,50.063786,18.680222,1.7342,9.93,27.686534,6.313085,21.670191,43.277091,23.541167,32.188779,24.180105,24.180105,,15.018646,,,28.17512,28.17512,11.32953,,24.180105,,27.915701,2.3925,2.3925,7.964056,18.9324,24.3827,39.607665,,,35.629,5.359681,22.95,30.51,31.465222,15.0816,24.204555,28.602396,,19.468054,15.790978,29.4727,,51.5419
2005-01-27,44.5308,40.953,18.183442,50.247374,19.041251,19.913452,12.224744,21.088796,18.422621,,4.485445,50.124686,18.895439,1.8006,9.96,27.783179,6.325297,22.284131,44.289351,24.098486,32.668491,24.347509,24.347509,,15.04754,,,27.692556,27.692556,11.214536,,24.347509,,28.660086,2.4613,2.4613,8.065782,18.8063,24.5934,39.644683,,,36.4008,5.357624,23.25,30.76,31.643807,15.5089,24.79238,29.202942,,19.347173,16.048527,29.0578,,51.9605
2005-01-28,44.4945,41.2611,18.398832,50.375661,18.973895,19.908374,12.151979,21.212721,18.199435,,4.515474,50.252626,18.974328,1.7999,9.94,27.917124,6.233731,22.351282,44.114332,23.907183,32.915561,24.209247,24.209247,,14.950236,,,27.496932,27.496932,10.094873,,24.209247,,28.768675,2.5406,2.5406,8.139185,18.8694,24.6025,39.466741,,,36.4263,5.420776,23.87,30.56,31.739976,15.5556,24.97021,28.368459,,19.3049,15.764278,29.039,,52.4389
2005-01-31,44.6306,42.1855,19.308415,51.298071,19.124573,20.078462,12.291988,21.380529,18.282514,,4.572375,51.172759,19.006638,1.7638,10.06,28.125374,6.41078,22.5239,44.517681,24.422886,32.443152,24.733342,24.733342,,14.950236,,,27.588247,27.588247,10.488348,,24.733342,,28.822969,2.5563,2.5563,8.220328,19.1396,25.0513,39.822716,,,37.3168,5.459464,23.62,30.27,32.035264,15.6758,25.646949,29.089887,,19.437834,15.24918,29.7052,,52.6183
2005-02-01,44.8847,41.8274,19.140869,50.925461,19.211751,19.731397,12.263931,21.380529,18.137215,,4.563397,50.801022,19.139287,1.8035,10.12,28.155194,6.475895,22.677361,45.088552,24.672396,32.668491,24.529532,24.529532,,14.924942,,,27.210082,27.210082,10.591171,,24.529532,,28.846252,2.7088,2.7088,8.230619,19.1216,24.9964,39.956218,,,38.4956,5.495453,23.05,30.12,32.206881,15.7826,26.190317,29.249709,,19.492248,15.195877,29.7304,,52.4837
2005-02-02,44.803,42.1022,19.116947,51.768391,19.306912,19.765396,12.521504,21.47529,18.318772,,4.581415,51.641936,19.046038,1.8641,10.125,28.2667,6.561378,22.773347,45.415822,24.938589,32.486795,24.747866,24.747866,,15.105149,,,27.39912,27.39912,10.373354,,24.747866,,29.326987,2.6956,2.6956,8.229344,19.4548,25.1979,40.149004,,,38.3769,5.527372,23.17,30.73,32.742544,15.8494,26.432363,29.362863,,19.522468,15.142575,30.0761,,52.3193
2005-02-03,44.0498,42.0439,19.188713,51.554645,19.556786,19.47273,12.711923,21.380529,18.339542,,4.53343,51.428638,19.038858,1.8619,9.98,28.199776,6.488107,22.5239,45.560483,24.772218,32.181565,24.747866,24.747866,,15.040249,,,27.4187,27.4187,10.421747,,24.747866,,29.133091,2.78,2.78,8.208675,19.9412,25.1246,40.289928,,,38.5041,5.560619,23.43,31.5,32.776923,15.6758,26.797901,29.63574,,19.359314,14.95616,29.9818,,52.252
2005-02-04,44.0407,43.0432,19.212635,51.853948,19.885857,19.561219,12.907954,21.292945,18.474456,,4.581415,51.727294,19.010228,1.8518,9.925,28.2667,6.553268,22.351282,45.857303,25.071686,32.3051,24.733342,24.733342,,15.303358,,,28.227274,28.227274,10.560888,,24.733342,,29.350269,2.8681,2.8681,8.628593,20.3555,25.665,41.016632,,,38.5805,5.811127,23.81,31.42,32.872999,15.5556,27.168379,29.538241,,19.866853,15.160407,30.6606,,52.4688
2005-02-07,44.0726,43.218,19.124891,51.792598,19.893839,19.45913,12.930307,20.840855,18.318772,,4.638316,51.666101,18.938429,1.846,9.845,28.013769,6.47184,22.399177,46.055183,24.863793,32.435939,24.347509,24.347509,,15.310559,,,27.699143,27.699143,10.500422,,24.347509,,29.373552,2.9681,2.9681,8.570585,20.2655,25.6284,40.564263,,,38.8688,5.738463,23.95,31.07,33.642161,15.589,26.778142,29.752757,,19.93332,15.053801,30.6732,,52.0427
2005-02-08,44.0544,43.6261,18.933424,51.755847,20.107928,19.363841,12.963976,20.789795,18.090483,,4.569403,51.629366,18.992278,1.8374,9.38,27.894784,6.538982,22.274454,46.306374,24.522709,32.196082,24.544056,24.544056,,15.368168,,,28.135959,28.135959,10.292699,,24.544056,,29.34254,2.5,2.5,8.551277,20.4816,25.5918,41.157556,,,39.1656,5.73645,23.95,31.18,33.168287,15.5022,26.713926,29.550032,,19.727894,14.74295,30.6104,,52.0053
2005-02-09,44.2824,43.3762,18.88558,50.645857,20.048464,19.275352,12.907954,20.695034,17.690844,,4.473495,50.522147,18.884669,1.8374,9.335,27.686534,6.359905,22.034684,45.895343,24.497777,32.246939,24.347509,24.347509,,15.407864,,,27.673066,27.673066,10.262219,,24.347509,,28.900453,2.3722,2.3722,8.407024,20.5177,25.3628,40.779315,,,38.7755,5.689621,23.82,30.9,32.831837,15.3353,26.496579,28.660954,,19.486221,14.440966,29.8687,,51.4895
2005-02-10,44.027,43.5511,19.029203,51.289741,20.032589,19.186863,12.823967,20.673138,17.618239,,4.498943,51.164476,18.884669,1.8007,9.48,27.515388,6.351748,22.945966,46.428082,24.597599,32.406813,24.398532,24.398532,,15.31416,,,27.979496,27.979496,10.088045,,24.398532,,28.947018,2.4388,2.4388,8.551277,20.7158,25.5276,40.905395,,,38.8858,5.759543,23.82,31.05,32.748955,15.9695,26.990549,27.939525,,19.395561,14.680779,29.8372,,51.8857
2005-02-11,44.1274,44.2006,19.348315,51.768097,20.056357,19.377441,12.94153,20.636706,17.644201,,4.557392,51.641643,18.884669,1.8035,9.445,27.768318,6.380274,22.61021,46.610783,24.580915,32.632152,24.36939,24.36939,,15.407864,,,27.855606,27.855606,10.335451,,24.36939,,29.094349,2.4625,2.4625,8.525506,20.7608,25.7933,40.860864,,,39.1317,5.754102,23.89,30.91,32.748955,15.7359,27.351148,28.504897,,19.323068,14.80512,30.2835,,51.9455
2005-02-14,44.0544,44.4255,19.627526,51.602471,20.040482,19.411531,12.627936,20.782527,17.85172,,4.666797,51.476481,18.8739,1.8749,9.435,27.798139,6.420965,22.485584,46.960913,24.464502,32.668491,24.507652,24.507652,,15.443869,,,27.503519,27.503519,10.439362,,24.507652,,29.451036,2.6869,2.6869,8.512662,20.7158,25.3719,40.638391,,,39.0808,5.770382,24.23,33.0,32.873278,15.6491,27.30669,27.491073,,19.359314,14.787384,30.4155,,52.1773
2005-02-15,44.0726,44.184,19.535491,52.062402,20.024696,19.819885,12.560783,21.052363,18.100868,,4.623332,51.935232,18.884669,1.8633,9.495,27.745978,6.41691,22.303289,47.432752,24.564325,32.668491,24.463985,24.463985,,15.368168,,,27.712136,27.712136,10.372166,,24.463985,,29.644932,2.6838,2.6838,8.507474,20.7158,25.1063,40.519823,,,39.6067,5.614259,24.07,33.48,33.101016,15.5222,27.884636,27.491073,,19.449975,14.813988,30.5789,,51.5718
2005-02-16,44.1274,44.1507,19.967821,51.804848,19.969178,19.642908,12.879989,21.037736,17.919222,,4.624818,51.678281,18.902619,1.877,9.6,27.745978,6.451471,22.264875,47.120754,24.206651,32.588509,24.573199,24.573199,,15.602383,,,28.149043,28.149043,10.384339,,24.573199,,29.536342,2.6456,2.6456,8.436623,20.7608,25.5093,40.445605,,,39.4286,5.614259,24.3,33.64,33.038948,15.4955,27.687048,27.900487,,19.613039,14.849555,30.4846,,51.3325
2005-02-17,43.7808,43.3846,19.847755,51.387843,19.517144,19.350241,12.387106,21.504454,17.903645,,4.498943,51.262307,18.712531,1.8229,9.455,27.530347,6.439259,22.514321,46.831523,23.774086,32.188779,24.471247,24.471247,,15.494276,,,27.392623,27.392623,10.146136,,24.471247,,29.202938,2.5494,2.5494,8.334897,20.5717,24.914,39.844981,,,39.1741,5.534141,24.37,33.56,33.349567,15.6691,26.876936,27.569052,,19.286822,14.813988,30.1515,,50.9812
2005-02-18,43.7352,43.7759,19.871768,51.26524,19.509161,19.418331,12.224744,20.818959,17.841335,,4.459998,51.140018,18.558253,1.8403,9.39,27.180673,6.506448,22.034684,46.892424,23.591031,31.985262,24.347509,24.347509,,15.479874,,,27.620821,27.620821,10.176616,,24.347509,,29.326987,2.5056,2.5056,8.358117,20.3555,25.088,40.193444,,,38.8603,5.529385,23.9,33.36,33.266779,15.3353,26.432363,27.366326,,19.141747,15.133707,29.8247,,50.5327
2005-02-22,43.1879,43.3013,19.943808,50.823733,19.481447,18.717219,11.877573,20.082495,17.566315,,4.344586,50.699586,18.203207,1.7862,9.17,27.158333,6.42502,21.775658,47.082714,23.075328,31.738192,24.041843,24.041843,,15.418665,,,27.001374,27.001374,10.07894,,24.041843,,28.884994,2.4131,2.4131,8.128893,20.1934,24.8132,39.437053,,,37.9783,5.418077,24.11,32.98,32.935346,15.155,25.982849,26.590303,,18.241524,14.902857,29.2464,,49.5011
2005-02-23,43.2518,44.0507,18.494702,49.578891,19.727286,18.118287,11.787975,20.30854,17.571507,,4.348363,49.457802,18.421925,1.7587,9.23,27.225355,6.357878,21.612619,46.884094,22.676038,31.861727,24.121914,24.121914,,15.342964,,,27.073109,27.073109,10.07894,,24.121914,,29.171926,2.465,2.465,8.287266,20.2565,24.4377,39.622508,,,37.9104,5.542967,24.05,32.78,33.501486,15.0416,26.274292,26.410961,,18.15689,14.89399,29.3973,,49.3965
2005-02-24,43.3886,44.667,18.662795,50.044898,19.790696,18.587931,11.894315,20.221048,17.670164,,4.416099,49.922691,18.561843,1.8338,9.19,27.493146,6.335481,21.785237,47.464591,22.518009,31.978048,24.398532,24.398532,,15.371768,,,27.588247,27.588247,9.950685,,24.398532,,29.389011,2.6981,2.6981,8.395456,20.4636,24.6208,39.785607,,,38.0207,5.601363,24.15,33.69,33.653311,15.1617,26.699107,26.806602,,18.144838,15.240312,30.4469,,49.7104
2005-02-25,43.343,45.1916,19.359363,50.081748,19.778768,18.66962,11.927984,20.162719,18.043751,,4.560611,49.959426,18.665862,1.8685,9.355,27.813,6.313085,21.850629,47.831196,23.291563,32.381926,24.646008,24.646008,,15.501478,,,27.568667,27.568667,9.797887,,24.646008,,29.458765,2.7481,2.7481,8.461119,20.5357,24.8132,40.022924,,,39.2335,5.624413,23.81,34.1,33.784509,15.2072,26.891755,26.928079,,18.235409,15.427305,30.9121,,50.129
2005-02-28,43.2791,45.508,19.295267,49.670818,20.183267,18.594731,11.955949,20.199152,17.929607,,4.515412,49.549493,18.78424,1.8792,9.335,27.998908,6.339536,21.676446,48.121444,23.266631,32.162629,24.347509,24.347509,,15.422266,,,27.783871,27.783871,9.73079,,24.347509,,29.458765,2.7356,2.7356,8.454655,20.4906,24.9323,39.941374,,,39.4794,5.563318,23.7,34.05,33.936335,15.086,26.442242,27.24158,,18.12667,15.15125,31.5532,,49.7553
2005-03-01,43.3065,45.7745,19.527456,49.995896,20.544088,19.091575,12.185556,20.571018,17.981531,,4.506373,49.873776,18.949199,1.8871,9.46,28.095652,6.475895,21.6958,48.747848,23.399728,32.447661,24.376652,24.376652,,15.591581,,,28.233771,28.233771,9.85291,,24.376652,,29.451036,2.8256,2.8256,8.512662,20.7879,25.6192,40.08963,,,39.3183,5.621028,24.1,34.39,34.253923,15.0994,26.407664,26.838012,,18.724869,15.632034,31.2703,,50.6224
2005-03-02,43.3977,45.7994,19.511478,50.112325,20.857373,19.057575,12.191167,20.731467,18.090483,,4.524452,49.989925,18.769881,1.8583,9.435,27.931985,6.510503,21.66677,48.526274,23.40807,32.338012,24.420319,24.420319,,15.508679,,,27.738214,27.738214,9.718519,,24.420319,,29.4976,2.8869,2.8869,8.481702,20.5267,25.9948,40.052611,,,39.2674,5.628526,24.15,33.82,34.502382,15.0792,26.615132,27.386539,,18.525469,15.81893,31.0629,,51.0933
2005-03-03,43.2335,46.3241,19.863733,50.271777,21.245998,18.921397,12.179944,20.709571,18.417428,,4.494361,50.149046,18.773471,1.8568,9.35,27.872443,6.51253,21.66677,48.900561,23.582689,32.411141,24.551319,24.551319,,15.559176,,,28.083804,28.083804,9.749098,,24.551319,,29.334717,2.865,2.865,8.459843,20.7158,25.8299,40.067455,,,38.9875,5.681438,24.05,33.75,35.040832,15.0792,26.788021,27.92714,,18.815529,15.427305,31.2766,,51.2503
2005-03-04,43.7352,47.0319,20.27205,51.111962,21.618657,19.214063,12.241578,20.709571,18.292899,,4.527486,50.987037,18.759111,1.8605,9.445,28.088172,6.498291,21.705477,49.206174,23.957047,32.586525,24.529532,24.529532,,15.724891,,,28.344667,28.344667,9.06497,,24.529532,,29.660391,2.9069,2.9069,8.506198,20.7338,25.9398,40.015502,,,38.5889,5.756115,24.24,33.91,35.551687,15.1062,26.921393,28.0721,,18.573768,15.37381,31.7857,,51.355
2005-03-07,43.8993,46.8154,20.055931,51.007686,21.729693,19.180063,12.174333,20.585646,18.323964,,4.507921,50.883067,18.597743,1.8071,9.375,27.969187,6.408753,21.647416,49.076321,23.541167,32.25767,24.325723,24.325723,,15.753785,,,27.849109,27.849109,9.266458,,24.325723,,29.451036,2.8338,2.8338,8.454655,20.7788,25.6009,40.200866,,,38.5126,5.760871,24.37,33.67,35.537935,15.0658,27.035007,28.162266,,18.664429,15.302675,31.5972,,50.9663
2005-03-08,43.7169,46.6405,19.919795,50.247276,21.313534,19.064375,11.860739,20.41066,18.12683,,4.364895,50.124589,18.543893,1.805,9.32,27.731117,6.280551,21.424752,48.67908,23.183399,32.067588,24.23839,24.23839,,15.645679,,,27.730995,27.730995,9.303173,,24.23839,,29.629379,2.7938,2.7938,8.461119,20.1664,25.436,39.926531,,,38.2921,5.729295,24.19,33.28,35.275539,14.9109,26.170558,28.961475,,18.247551,15.178046,31.2389,,50.3907
2005-03-09,43.5619,46.2907,19.6236,49.425515,21.253711,18.969086,11.877573,20.337705,17.685651,,4.422105,49.30482,18.343035,1.8035,9.305,27.560069,6.2541,21.144124,48.572181,22.834067,31.950636,23.998176,23.998176,,15.569978,,,27.835935,27.835935,9.138202,,23.998176,,29.489871,2.6394,2.6394,8.369685,20.3195,25.3076,39.449906,,,37.5966,5.678482,23.35,32.78,34.909727,14.7155,26.210076,28.777377,,18.645286,15.044452,31.1132,,50.0468
2005-03-10,43.7899,46.2991,19.831685,49.149634,21.253711,19.227753,11.821551,20.425197,18.033366,,4.470276,49.02955,18.569023,1.7999,9.33,27.57493,6.2541,21.279599,48.57977,22.900615,31.965244,24.23839,24.23839,,15.51957,,,28.216356,28.216356,9.162646,,24.23839,,29.458765,2.555,2.555,8.434071,20.1934,25.5186,39.583951,,,38.097,5.645535,23.48,32.35,35.227223,14.8098,26.180438,29.188773,,18.813668,15.293711,30.7675,,49.9496
2005-03-11,43.3612,45.5169,19.703584,48.836905,20.895312,18.894197,11.664708,20.315809,17.898452,,4.486807,48.717544,18.404065,1.7515,9.27,27.388923,6.21539,21.192508,47.724296,22.659354,31.687515,24.388535,24.388535,,15.407054,,,28.177015,28.177015,9.168782,,24.388535,,29.195209,2.7038,2.7038,8.483574,20.2431,25.4269,39.248793,,,39.0639,5.631825,23.38,32.56,35.206502,14.7492,25.750683,29.051641,,18.551701,15.551839,30.6104,,50.0618
2005-03-14,43.7169,45.5253,19.775715,49.732168,20.915223,19.057575,11.787975,20.520049,18.318772,,4.498881,49.610686,18.608512,1.7652,9.43,27.57493,6.333454,21.037679,47.640258,22.809134,31.804468,24.307898,24.307898,,15.356286,,,28.531177,28.531177,9.370368,,24.307898,,29.319257,3.4106,3.4106,8.487486,20.4511,26.1518,39.271149,,,39.6236,5.641422,23.32,32.3,35.620724,14.6415,26.017427,29.055505,,18.782473,15.59637,30.6984,,50.0991
2005-03-15,43.2974,45.5674,19.69564,49.854771,20.512876,18.880597,11.715119,20.388765,17.799885,,4.461236,49.733072,18.7986,1.758,9.285,27.537729,6.21539,20.650607,47.502815,22.542941,31.672817,24.117481,24.117481,,15.320011,,,28.268871,28.268871,9.675767,,24.117481,,29.164103,3.6531,3.6531,8.497863,20.0804,25.7022,39.107326,,,39.8272,5.596779,23.1,32.42,35.275539,14.3721,25.775382,29.090779,,18.352036,15.49844,30.4406,,49.6282
2005-03-16,43.1788,45.13,19.311336,51.424692,20.664272,18.805708,11.580537,20.775258,17.592277,,4.46427,51.299042,18.633552,1.7573,9.27,27.180673,6.30903,20.331272,47.281242,22.102034,31.475522,24.014964,24.014964,,15.211274,,,28.14426,28.14426,9.608571,,24.014964,,28.884994,3.4738,3.4738,8.402856,20.0804,25.6654,38.839145,,,39.9459,5.545323,23.4,32.08,34.6543,14.1498,25.785261,29.094742,,18.246044,15.37381,30.3841,,49.4264
2005-03-17,43.2335,45.3319,19.495499,50.90341,20.923116,18.819308,11.737564,20.804422,17.91403,,4.513926,50.779098,18.292866,1.7335,9.19,27.195534,6.380274,20.563515,47.678482,22.30168,31.000409,23.839165,23.839165,,15.232968,,,28.111416,28.111416,9.56582,,23.839165,,28.72211,3.5769,3.5769,8.452358,20.0081,25.537,38.950925,,,39.3692,5.567945,23.35,32.08,34.474785,14.3115,25.562974,29.271012,,18.352036,15.293711,30.3087,,49.7926
2005-03-18,43.4159,45.458,19.415424,50.725632,21.158192,18.444953,11.776844,20.709571,17.436593,,4.485321,50.601658,18.482954,1.7256,9.1,27.247597,6.376172,20.6119,47.189614,21.968938,31.292745,23.787954,23.787954,,15.037188,,,28.104919,28.104919,9.657459,,23.787954,,28.497295,3.475,3.475,8.428883,20.0442,25.5278,39.189237,,,38.9706,5.461564,23.0,31.69,34.088253,14.3451,25.538276,29.7373,,18.345832,15.204745,29.8938,,48.9778
2005-03-21,43.2974,44.8273,19.095126,50.468078,21.309498,18.308865,11.765621,20.818959,17.348411,,4.420619,50.344805,18.479364,1.7861,9.195,27.106271,6.268339,20.747375,46.792373,21.777634,31.468218,23.538969,23.538969,,15.087956,,,28.22953,28.22953,9.694075,,23.538969,,28.505025,3.3563,3.3563,8.241336,20.1166,25.5462,39.144525,,,38.8858,5.356511,22.6,31.28,33.963931,14.4394,25.093702,29.510002,,18.439417,15.195781,29.8687,,48.6788
2005-03-22,43.1058,44.6422,18.975059,49.695417,21.333445,18.022998,11.59176,20.709571,17.260139,,4.417585,49.573951,17.726102,1.8338,9.3,27.155085,6.290736,20.66996,46.830598,21.636196,31.256225,23.582824,23.582824,,15.015405,,,28.196685,28.196685,9.559684,,23.582824,,26.527696,3.2731,3.2731,8.276464,20.2793,25.3535,38.801946,,,38.9112,5.351712,22.32,31.54,33.584274,14.3855,25.059124,29.216219,,18.208557,15.017752,29.9315,,48.0285
2005-03-23,43.2244,44.617,19.655557,49.56664,21.504662,18.342864,11.440252,20.534586,17.099263,,4.399506,49.445524,17.987989,1.789,9.24,27.170044,6.323269,20.979618,46.150791,21.503099,31.343962,23.473044,23.473044,,14.935563,,,28.019649,28.019649,9.712383,,23.473044,,27.148033,3.2938,3.2938,8.322054,20.0985,25.381,38.734878,,,39.0724,5.346185,21.63,30.64,33.687876,14.6011,24.836838,29.37287,,18.121264,14.973221,29.0767,,48.2677
2005-03-24,43.1241,44.7095,19.535491,49.83027,21.369231,17.86642,11.5132,20.374137,17.062916,,4.387494,49.708614,17.880381,1.8309,9.3975,27.185004,6.294791,21.028002,45.914039,21.43655,31.300049,23.194728,23.194728,,14.942854,,,28.131086,28.131086,9.571955,,23.194728,,27.124751,3.7425,3.7425,8.298664,20.225,25.4636,38.6679,,,39.0978,5.390828,21.88,30.57,33.791385,14.6347,24.97515,29.345523,,18.632791,15.133514,29.347,,47.7519
2005-03-28,43.2791,44.9955,19.543526,49.713744,21.428964,17.954909,11.55248,20.520049,17.317256,,4.267067,49.592367,17.93773,1.811,9.4,27.439903,6.241888,21.192508,45.952171,21.511628,31.307353,23.509638,23.509638,,14.91387,,,28.327883,28.327883,9.577992,,23.509638,,27.031714,3.6519,3.6519,8.400219,20.0985,25.2984,38.988124,,,39.9883,5.414178,22.21,30.7,34.198638,14.7492,25.399964,30.195662,,18.545409,15.115682,29.4035,,48.2752
2005-03-29,43.1058,43.9105,19.551469,49.039282,21.552466,18.002599,11.496366,20.498153,17.19792,,4.188805,48.919441,17.690203,1.7634,9.23,27.132548,6.217464,21.260246,45.555023,21.428208,31.314656,23.604799,23.604799,,15.011805,,,27.894948,27.894948,9.53524,,23.604799,,27.101468,3.5375,3.5375,8.384569,20.4963,25.3168,38.943413,,,39.2759,5.394941,21.8,30.18,34.357432,14.7964,25.395024,30.129077,,18.576604,14.893122,28.8127,,48.4396
2005-03-30,43.3247,43.633,19.495499,49.603392,21.743684,18.070688,11.602983,20.746094,17.721999,,4.300192,49.482259,17.740462,1.7357,9.42,27.477399,6.302948,21.269923,46.486853,21.786914,31.577867,23.992989,23.992989,,15.214875,,,28.268871,28.268871,9.889526,,23.992989,,26.876653,3.7031,3.7031,8.510961,20.3607,25.592,39.740352,,,40.2767,5.479387,21.72,31.47,34.398873,14.8031,25.987789,30.575747,,18.769978,14.937654,29.3093,,49.0526
2005-03-31,43.2244,43.4816,19.67957,49.44394,21.807364,18.390554,11.5132,21.161752,17.799885,,4.246016,49.323236,17.629263,1.7313,9.32,27.619906,6.331426,21.444105,46.181334,21.678468,31.628994,24.205381,24.205381,,15.11334,,,27.908122,27.908122,9.816294,,24.205381,,26.822079,3.7544,3.7544,8.51615,20.4872,25.5553,39.494527,,,40.1579,5.532942,21.9,31.55,34.723337,14.9243,26.116221,30.234899,,18.71388,14.848591,28.7687,,49.0152
2005-04-01,42.9872,42.7751,19.991834,50.805309,21.600271,18.152286,11.496366,20.760631,17.5767,,4.253508,50.68117,17.449945,1.7299,9.325,27.319933,6.300873,21.298953,45.906357,21.60339,31.205008,24.007607,24.007607,,15.008114,,,27.730995,27.730995,9.633015,,24.007607,,26.674096,3.6731,3.6731,8.488762,20.4149,25.1883,39.293505,,,39.666,5.491083,21.3,31.78,34.295364,14.8233,26.269352,30.5483,,18.576604,14.715093,28.8064,,48.2154
2005-04-04,43.0146,43.019,19.711619,51.099614,21.807364,18.125087,11.55248,20.870019,17.846528,,4.238462,50.974856,17.500115,1.8056,9.29,27.514896,6.30903,21.395721,45.723008,21.570022,31.482826,24.051557,24.051557,,15.040789,,,28.196685,28.196685,9.602436,,24.051557,,26.798704,3.7844,3.7844,8.396307,20.5324,25.2158,39.278571,,,39.5643,5.438214,21.8,31.65,34.419593,14.8906,26.185377,30.485581,,18.601596,14.643863,28.8881,,48.6938
2005-04-05,43.27,43.7423,19.215192,51.817099,22.006564,18.179577,11.563703,20.891915,18.080098,,4.330284,51.690559,17.693793,1.766,9.255,27.739778,6.351748,21.386044,45.967442,17.499604,31.75325,24.183406,24.183406,,15.1822,,,28.222943,28.222943,9.846774,,24.183406,,26.861007,3.8294,3.8294,8.465372,20.8037,25.1516,39.472262,,,39.2674,5.447811,22.09,31.59,34.557667,14.8839,26.402724,30.920459,,18.77627,14.617163,28.7373,,48.9704
2005-04-06,41.6373,44.1713,17.069518,51.522794,22.145942,18.356554,11.501978,20.957512,18.163088,,4.357403,51.39697,17.758412,1.7876,9.14,27.702379,6.327324,21.386044,45.883496,17.641417,31.724035,24.051557,24.051557,,15.127832,,,28.006475,28.006475,9.79185,,24.051557,,26.74413,3.7644,3.7644,8.535712,20.8218,25.2709,39.397772,,,39.1996,5.499309,21.82,31.68,34.364308,14.8839,26.200196,30.489544,,18.71388,14.732925,28.6807,,48.776
2005-04-07,42.0478,44.4236,17.333756,51.633146,22.145942,18.397354,11.479532,20.979589,18.391466,,4.46427,51.507078,17.845019,1.7797,9.1,27.739778,6.319215,21.30863,46.379954,17.766453,31.811772,23.985633,23.985633,,15.276534,,,28.288542,28.288542,9.79185,,23.985633,,26.993438,3.7744,3.7744,8.553914,20.8579,25.3718,39.784973,,,39.5473,5.526772,22.14,31.36,34.495506,14.83,26.906574,31.147757,,18.5891,14.919822,28.8266,,49.3142
2005-04-08,41.9566,44.3479,17.365804,52.724711,22.010511,18.274865,11.400973,21.133587,18.433006,,4.417585,52.595881,17.769182,1.7825,9.085,27.612328,6.268339,21.33766,46.127838,17.683127,31.650906,23.927065,23.927065,,15.269243,,,27.337491,27.337491,9.773542,,23.927065,,27.063564,3.6975,3.6975,8.534351,20.6409,24.8488,39.531817,,,38.9451,5.50068,21.49,31.23,34.288395,14.8502,28.625592,30.947905,,20.129883,14.928786,28.852,,49.1946
2005-04-11,42.0022,44.5329,17.069518,53.233644,21.92692,18.342864,11.361693,21.214266,18.215012,,4.38446,53.103644,17.82339,1.7732,9.055,27.552393,6.195068,21.318307,46.250101,17.783137,31.533953,24.088244,24.088244,,15.185891,,,27.153868,27.153868,9.712383,,24.088244,,27.071387,3.6525,3.6525,8.536988,20.7946,24.8213,39.546661,,,38.784,5.516489,21.51,30.95,34.191762,14.8368,28.546556,30.677605,,20.148583,14.768492,30.1588,,49.1124
2005-04-12,42.6042,44.5413,17.461857,54.864818,22.094191,18.540241,11.810512,21.434314,18.334349,,4.440184,54.730807,17.888368,1.7782,9.25,27.552393,6.227602,21.376368,46.731288,18.717345,31.745947,24.080888,24.080888,,15.352685,,,27.652312,27.652312,9.871218,,24.080888,,27.180442,3.625,3.625,8.490123,21.4004,27.2896,39.948887,,,40.2682,5.467733,21.92,30.83,34.564543,14.8772,29.603653,30.697223,,20.036298,14.893122,30.4697,,49.1498
2005-04-13,42.0113,44.8777,17.261716,53.196893,21.847186,18.336064,11.614114,21.375623,18.687256,,4.358889,53.066909,17.711473,1.8061,9.165,27.319933,6.203178,20.969941,47.013947,18.308682,31.504738,23.75136,23.75136,,15.269243,,,27.219467,27.219467,9.727722,,23.75136,,26.806527,3.5362,3.5362,8.578665,21.3371,26.4271,39.941374,,,39.0978,5.491083,21.52,30.57,34.516226,14.5943,28.630531,30.266209,,19.917811,14.910954,30.4062,,48.5717
2005-04-14,41.9475,44.4824,17.357769,53.294995,21.831311,18.165977,11.619725,21.603031,18.635332,,4.37994,53.164837,17.639315,1.8403,9.175,27.282535,6.156405,21.153801,47.586762,18.21692,31.767858,23.773241,23.773241,,15.258351,,,26.825872,26.825872,9.718519,,23.773241,,26.86883,3.4663,3.4663,8.529163,21.0297,26.317,41.06596,,,39.6067,5.42309,21.41,30.61,34.599015,14.7223,28.15632,30.132942,,19.630852,14.955485,30.3428,,48.4666
2005-04-15,41.7012,44.3983,16.637188,53.368595,21.687898,17.954909,11.31119,21.265598,18.474456,,4.370962,53.23821,17.451561,1.8179,8.96,26.810135,6.129954,21.018326,46.800055,17.916609,31.745947,23.399764,23.399764,,14.975529,,,26.891471,26.891471,9.816294,,23.399764,,26.713024,3.35,3.35,8.462735,21.1925,26.2344,40.835159,,,39.225,5.329733,21.5,30.18,34.523102,14.628,27.440062,29.713817,,19.524772,14.928786,29.8607,,48.0612
2005-04-18,41.6829,44.104,16.196823,52.706286,21.84324,17.88691,11.266299,21.3977,18.048944,,4.38446,52.577562,17.523809,1.8511,9.125,26.457804,6.048525,20.902204,46.593845,17.975003,31.599779,23.033549,23.033549,,14.859412,,,27.435844,27.435844,10.060632,,23.033549,,26.931134,3.3994,3.3994,8.299939,20.9393,26.0508,40.581913,,,39.3607,5.340701,21.5,30.14,34.661176,14.5472,28.185958,29.725509,,19.668251,14.626031,29.867,,48.2789
2005-04-19,41.2907,44.7095,16.413034,52.52841,21.823329,17.812021,11.294356,21.18492,18.080098,,4.45975,52.400122,17.505769,1.8186,9.235,26.765159,6.048525,21.028002,47.273652,19.476466,31.402393,23.084854,23.084854,,15.378069,,,27.901535,27.901535,10.433226,,23.084854,,26.899936,3.3531,3.3531,8.350717,21.0749,26.005,40.589335,,,39.8102,5.351712,22.03,30.18,34.619735,14.6347,28.754024,29.893952,,19.699446,14.599331,29.7211,,48.5792
2005-04-20,41.1357,43.5657,15.892594,51.418518,21.512644,17.628243,11.075512,21.272957,17.87249,,4.38898,51.292903,17.382993,1.8359,9.1,26.532798,5.991285,20.834466,45.753643,18.992631,31.205008,22.887081,22.887081,,15.189491,,,26.9374,26.9374,10.304971,,22.887081,,26.65845,3.3288,3.3288,8.172272,20.7133,25.693,40.336179,,,39.1996,5.296786,21.5,29.4,34.30224,14.5,27.963671,29.91357,,19.343894,14.216574,28.6236,,47.6784
2005-04-21,43.8173,44.4908,16.260919,53.386922,21.934813,17.975399,11.053066,21.515084,18.002212,,4.489841,53.256529,17.512949,1.8641,9.22,26.945064,6.167108,20.998972,46.456311,19.151129,31.468218,22.887081,22.887081,,15.225767,,,27.855606,27.855606,10.384339,,22.887081,,27.110315,3.505,3.505,8.505688,20.7946,25.9316,40.745736,,,39.7593,5.329048,21.43,29.95,34.122725,14.6145,27.948852,30.685432,,20.042591,14.537065,29.9812,,48.2414
2005-04-22,42.8687,44.6927,16.292876,53.810102,21.584306,17.961709,10.985729,21.104241,18.017789,,4.444704,53.678642,17.527399,1.8619,9.11,27.162565,6.234533,21.028002,48.266661,18.759055,31.373178,22.17672,22.17672,,15.280135,,,27.140694,27.140694,10.243812,,22.17672,,27.009084,3.4025,3.4025,8.43926,20.5596,25.7572,40.566979,,,39.4201,5.329048,21.59,30.03,33.687876,14.6347,27.637651,30.344584,,19.456178,14.287805,29.4483,,47.791
2005-04-25,43.1241,45.9206,16.933382,53.436022,22.289355,18.247575,11.14846,21.522352,18.12683,,4.498881,53.305542,17.697024,1.8453,9.22,27.46992,6.306107,21.153801,48.694352,19.559792,31.431609,22.857844,22.857844,,15.479604,,,27.442431,27.442431,10.561482,,22.857844,,27.21164,3.8856,3.8856,8.505688,21.0568,26.0325,41.06596,,,39.9459,5.406638,21.5,29.98,34.391997,14.7223,27.98837,30.607057,,19.730641,14.501401,30.0002,,48.4066
2005-04-26,42.4582,39.0073,16.909369,52.399633,22.026475,17.90051,11.086735,21.595762,18.142318,,4.386008,52.271695,17.48773,1.8684,9.04,27.072612,6.310162,20.64093,48.38115,19.034341,31.285441,22.79192,22.79192,,15.581229,,,26.924316,26.924316,10.256083,,22.79192,,26.993438,3.7013,3.7013,8.335067,21.0297,25.9132,41.110672,,,39.9883,5.295415,21.05,29.76,34.267675,14.3653,26.936212,30.309311,,19.842925,14.207706,28.9027,,50.7263
2005-04-27,42.8322,38.6288,17.261716,52.21568,21.899027,18.342864,10.985729,21.573685,18.215012,,4.369414,52.088214,17.628456,1.8641,8.985,27.642345,6.383763,20.621576,48.587452,18.875843,31.285441,23.216703,23.216703,,15.530372,,,27.265305,27.265305,10.286564,,23.216703,,26.790881,3.7394,3.7394,8.444533,21.8705,26.2252,41.140449,,,40.4972,5.39357,21.15,30.05,34.150321,14.3519,26.768262,30.285828,,19.662047,14.723961,29.7084,,51.447
2005-04-28,42.3853,37.8214,17.317686,51.614721,22.046386,18.310225,11.400973,21.346367,18.069713,,4.24453,51.488661,17.704293,1.8417,8.685,27.185004,6.351041,20.18612,48.549227,18.69232,31.840987,23.597537,23.597537,,15.483295,,,26.9374,26.9374,9.968993,,23.597537,,26.798704,3.4688,3.4688,8.396307,21.9338,25.9958,41.036182,,,31.9143,5.323564,20.68,29.97,33.881142,14.0488,26.185377,24.683139,,19.244106,14.90199,28.6744,,51.0716
2005-04-29,42.7501,38.5195,14.403405,51.866199,22.106119,18.39273,11.38975,21.815811,17.83095,,4.340809,51.739474,17.83057,1.8641,8.875,27.627386,6.365375,20.698991,48.808933,18.367076,32.857039,23.736648,23.736648,,15.755315,,,27.258808,27.258808,10.066669,,23.736648,,26.946687,3.5425,3.5425,8.464011,22.3226,26.3078,41.438408,,,33.6021,5.353083,20.0,30.26,34.253923,14.4057,26.037186,24.193369,,19.262805,15.035584,28.9598,,51.8974
2005-05-02,43.4433,38.6793,14.91581,52.240279,22.058315,18.509597,11.42903,21.764478,17.613047,,4.408545,52.112672,17.787311,1.8323,9.205,27.58241,6.396022,20.495778,48.663809,18.65061,32.82052,23.663461,23.663461,,15.802392,,,27.04234,27.04234,10.311008,,23.663461,,27.102493,3.8588,3.8588,8.518701,22.2864,26.0233,41.63943,,,34.0516,5.41692,20.41,30.5,34.226327,14.2643,26.447182,24.467632,,19.574666,15.49844,29.036,,51.6947
2005-05-03,43.7169,38.5447,15.252087,51.142539,21.946831,18.626554,11.294356,21.955181,18.007404,,4.399506,51.017633,18.029094,1.9189,8.6,27.687322,6.496169,20.844143,48.946468,18.734029,32.973992,24.02232,24.02232,,15.871343,,,26.898058,26.898058,10.304971,,24.02232,,27.016813,4.0925,4.0925,8.594315,22.1689,25.9407,41.646943,,,34.1533,5.46362,20.99,30.78,34.095129,14.5068,26.46694,24.095375,,19.337691,15.765531,28.7695,,51.6121
2005-05-04,43.872,38.1074,15.059981,52.559085,22.616004,18.736531,11.473921,22.153243,19.175078,,4.504887,52.430719,17.931627,1.859,8.765,28.032173,6.580002,21.09574,49.236716,18.65061,33.244416,24.176144,24.176144,,15.933002,,,27.521114,27.521114,10.121692,,24.176144,,27.149244,4.1331,4.1331,8.693235,22.2864,26.3904,42.168279,,,33.5172,5.508906,21.5,30.84,34.074408,14.6819,27.48452,24.604764,,19.487373,16.04149,28.8076,,51.7848
2005-05-05,43.7299,38.4438,14.93188,52.240279,22.508377,18.578411,11.586149,21.977168,19.460483,,4.515412,52.112672,17.920857,1.9268,8.805,27.897244,6.537049,20.85382,49.381841,18.358734,33.171377,23.90509,23.90509,,16.012754,,,26.963657,26.963657,9.993437,,23.90509,,26.720847,4.0781,4.0781,8.703696,22.3136,26.0875,42.034144,,,33.6614,5.528143,22.4,30.45,34.032968,14.5135,27.593193,24.663521,,19.294,16.130553,28.6046,,51.3344
2005-05-06,43.4824,38.3681,15.051946,51.651571,22.5682,18.592192,11.670228,21.933195,19.652514,,4.538012,51.525397,17.848609,2.0199,8.795,27.904724,6.535021,20.85382,49.381841,18.367076,33.229808,23.934421,23.934421,,16.027336,,,27.121023,27.121023,10.24015,,23.934421,,26.565041,4.16,4.16,8.634632,22.3045,25.9866,41.736276,,,33.6275,5.498624,22.39,30.38,33.963931,14.5135,27.573434,24.228642,,19.16922,16.16612,28.6744,,51.6647
2005-05-09,43.7299,38.1074,15.404202,52.261056,22.846954,18.743421,11.838569,22.006514,19.408559,,4.625313,52.133427,17.888368,2.0422,8.86,28.054711,6.492114,20.6119,49.99288,18.667294,33.273722,23.875853,23.875853,,16.165146,,,27.888451,27.888451,10.443716,,23.875853,,26.845455,4.3506,4.3506,8.611241,22.3316,26.5555,41.98201,,,33.8989,5.432044,22.35,30.2,34.219358,14.3451,27.47958,24.397085,,19.443683,16.023659,28.6807,,51.6347
2005-05-10,43.0056,37.1065,15.43625,51.848558,22.584075,18.612773,11.844181,22.079833,19.5176,,4.610268,51.721935,17.772861,2.0091,8.77,27.717339,6.588159,20.157089,49.954655,18.892527,33.032423,23.831903,23.831903,,16.041828,,,27.422761,27.422761,10.141485,,23.831903,,26.697472,4.245,4.245,8.564291,22.2864,26.4821,41.98201,,,33.6105,5.411436,21.87,29.89,34.440313,14.0286,27.109102,24.216851,,19.119326,16.201784,28.3889,,51.4245
2005-05-11,43.1615,36.4085,15.308149,51.940878,22.763364,18.695278,11.928352,22.138525,19.849738,,4.650885,51.814016,17.902728,2.02,8.85,27.889764,6.671992,20.137736,50.336624,18.984289,32.995903,24.080888,24.080888,,16.05632,,,27.744169,27.744169,10.7028,,24.080888,,26.416965,4.2438,4.2438,8.51615,22.413,26.5005,42.39908,,,34.077,5.431359,21.64,29.81,34.778529,14.0151,27.118982,24.036618,,19.506073,16.397548,28.3381,,52.3253
2005-05-12,42.5931,36.7365,15.556316,50.99279,22.691612,18.461544,11.889072,22.094552,19.751081,,4.605748,50.868256,17.762002,2.141,8.805,27.58241,6.653604,20.137736,50.69564,18.800765,32.95208,23.97837,23.97837,,16.020045,,,27.639228,27.639228,11.011267,,23.97837,,26.378037,4.1175,4.1175,8.483574,22.2683,26.1426,42.212901,,,34.3908,5.423775,21.13,29.71,34.778529,14.0151,26.501518,23.84073,,19.16922,16.584541,27.9638,,52.1001
2005-05-13,42.1897,36.6356,15.492311,50.635762,22.703631,18.152105,11.793678,21.867144,19.678477,,4.580177,50.51211,17.664535,2.1353,8.75,27.357429,6.655631,19.876462,50.60392,18.683978,32.82052,23.787954,23.787954,,15.998262,,,27.5933,27.5933,10.807701,,23.787954,,26.144282,3.8956,3.8956,8.458822,22.2231,25.8581,42.026722,,,33.8734,5.38603,20.77,29.77,34.910378,13.8333,26.131041,23.586085,,19.007042,16.548877,27.9638,,51.4094
2005-05-16,42.9323,37.014,15.636391,52.27948,23.054137,18.427092,11.872238,22.057846,19.953497,,4.590702,52.151843,17.83057,2.1808,8.845,27.664883,6.622909,19.924846,50.909439,18.850817,33.12016,24.02232,24.02232,,16.05272,,,28.098332,28.098332,10.931107,,24.02232,,27.024636,4.1694,4.1694,8.608605,22.4492,26.1885,42.198057,,,34.5519,5.581698,21.08,30.17,35.167199,13.867,26.575614,23.723216,,19.194211,16.691339,28.1351,,51.9425
2005-05-17,42.5748,36.8963,15.704779,52.673553,22.811168,18.56463,11.827347,22.131257,19.91715,,4.575657,52.544822,17.84143,2.2789,8.805,27.874805,6.663788,19.982907,49.557507,18.617335,33.090944,23.927065,23.927065,,16.107088,,,28.196685,28.196685,11.005131,,23.927065,,27.188265,4.2075,4.2075,8.634632,22.3859,26.2344,41.922455,,,34.3399,5.598193,20.99,29.99,35.236607,13.9074,26.180438,23.546946,,19.368886,16.780402,28.2303,,52.2653
2005-05-18,43.1248,36.6187,16.026447,53.64624,22.974403,18.784674,11.978854,22.329319,20.078026,,4.733666,53.515137,17.747552,2.2356,8.845,28.219657,6.706742,20.234504,49.725492,19.167812,33.310241,23.985633,23.985633,,16.292065,,,29.088724,29.088724,10.696665,,23.985633,,27.250569,4.3388,4.3388,8.690683,22.3678,26.1885,42.220413,,,34.289,5.671627,21.2,30.4,35.306016,14.0825,26.664529,23.272683,,19.512365,16.931731,28.7886,,52.0626
2005-05-19,43.2807,37.1318,15.962077,53.529223,22.890813,18.578411,12.147196,22.285254,19.844545,,4.828522,53.3985,17.848609,2.2774,9.035,28.287072,6.684252,20.21515,49.771399,18.892527,33.222504,24.007607,24.007607,,16.411783,,,29.023125,29.023125,10.69043,,24.007607,,27.281674,4.3219,4.3219,8.777949,22.5486,26.2344,42.473569,,,33.9583,5.677797,20.99,30.44,35.215794,14.069,26.338508,23.605703,,19.306496,16.913899,28.9281,,52.0626
2005-05-20,43.2807,37.1738,15.962077,53.904773,22.791257,18.798455,12.113528,22.255909,20.285635,,4.826974,53.773062,17.845019,2.3395,9.03,28.18964,6.716974,20.495778,49.626275,18.975947,33.032423,23.934421,23.934421,,16.339232,,,28.898514,28.898514,10.844713,,23.934421,,27.063564,4.33,4.33,8.826091,22.5757,26.2435,42.540637,,,33.5257,5.67574,20.91,30.09,35.056164,14.2643,26.259473,23.66446,,19.786827,16.98513,28.8393,,52.0926
2005-05-23,43.0056,37.9392,16.082691,53.775507,22.703631,18.633445,12.270647,22.608059,20.25448,,4.819482,53.644148,17.877509,2.3452,9.0,28.249674,6.704668,20.39901,49.710591,18.900869,33.375976,24.06627,24.06627,,16.310158,,,28.845999,28.845999,10.770689,,24.06627,,26.861007,4.4988,4.4988,8.848205,22.5938,26.3995,42.257613,,,33.1356,5.689493,21.0,29.12,35.167199,14.197,26.358267,23.605703,,19.643348,16.869368,29.3976,,52.0476
2005-05-24,43.2532,37.9896,16.155096,53.553822,22.831079,18.544049,12.354818,22.718084,20.21294,,4.852607,53.423055,17.83416,2.3863,9.0,28.234616,6.761908,20.476424,49.434596,19.101077,33.346761,23.985633,23.985633,,16.328341,,,28.498423,28.498423,11.054414,,23.985633,,26.713024,4.3906,4.3906,8.85603,22.4492,26.3628,42.279969,,,32.6946,5.677111,20.93,30.43,35.014537,14.2508,25.933452,23.268719,,19.493577,16.913899,29.3088,,51.9274
2005-05-25,43.4549,37.3757,16.042517,53.301463,22.659773,18.39962,12.422062,22.923414,20.083219,,4.811928,53.171268,17.805351,2.3625,8.995,28.06967,6.694483,20.118382,49.311962,18.683978,33.317545,23.934421,23.934421,,16.284774,,,28.118003,28.118003,11.035908,,23.934421,,26.549396,4.3194,4.3194,8.83264,22.4582,26.2252,42.451213,,,32.4062,5.624242,20.72,30.1,34.785498,14.0017,25.587673,23.100277,,19.237814,16.691339,28.8012,,51.7022
2005-05-26,43.7024,37.3589,16.122865,53.17837,22.894759,18.413401,12.37156,22.930773,20.33747,,5.070799,53.048395,17.960526,2.4325,9.145,28.032173,6.148672,20.157089,49.580276,18.683978,33.485625,23.992989,23.992989,,16.281174,,,28.859173,28.859173,10.98039,,23.992989,,26.720847,4.405,4.405,8.814353,22.2593,26.1701,42.458726,,,32.0839,5.641422,20.88,30.7,34.77156,14.0286,25.478999,22.883581,,19.780535,16.789269,28.9408,,52.0926
2005-05-27,43.6382,37.5523,16.090726,53.467677,23.619719,18.282753,12.37156,22.776775,20.280442,,4.869139,53.337112,17.931627,2.4015,9.115,27.762315,6.130284,20.135097,49.480595,18.734029,33.627194,23.992989,23.992989,,16.295666,,,28.767316,28.767316,10.88786,,23.992989,,26.60397,4.4438,4.4438,8.797427,22.2051,26.0233,42.153345,,,32.2196,5.687436,21.05,30.62,34.820156,14.0133,25.706226,23.230275,,19.668251,16.798234,28.5221,,51.935
2005-05-31,42.9506,37.4766,15.962077,53.252167,23.747168,17.980205,12.276258,22.762057,20.223325,,4.914276,53.122158,17.866649,2.4001,9.0,27.267477,6.054655,19.822506,49.212375,18.42547,33.43603,23.758623,23.758623,,16.18684,,,28.819831,28.819831,10.906366,,23.758623,,26.362484,4.6588,4.6588,8.744012,21.8977,26.0325,41.900099,,,32.3469,5.692235,21.11,29.83,34.570303,13.7957,27.47464,23.033297,,19.306496,16.468104,28.1669,,51.2518
2005-06-01,43.3815,37.4177,16.090726,53.683187,23.886545,17.90459,12.24259,22.95276,20.238903,,5.016623,53.552067,18.260108,2.4094,9.225,27.34247,6.163006,20.086322,49.679863,18.400444,33.832965,24.007607,24.007607,,16.183239,,,28.891927,28.891927,11.103797,,24.007607,,26.463716,4.6513,4.6513,8.734912,22.187,26.3353,42.317168,,,31.9313,5.672313,21.38,30.06,35.014537,13.9793,26.98067,23.273575,,19.568463,16.548396,28.7251,,51.0341
2005-06-02,43.629,37.2327,16.428464,53.71396,23.632455,17.828975,12.231367,23.070144,20.186978,,5.024177,53.58276,18.289007,2.4015,9.415,27.357429,6.210015,19.988576,49.695227,18.325366,33.899151,23.97837,23.97837,,16.241298,,,28.701717,28.701717,11.035908,,23.97837,,26.362484,4.7025,4.7025,8.806528,22.5215,26.317,42.376814,,,32.262,5.690178,21.65,28.96,34.924315,13.9113,27.237534,23.20273,,19.612153,16.628687,28.8964,,51.0341
2005-06-03,43.354,37.4261,16.259641,53.43073,23.648419,17.75327,12.24259,22.982106,20.399779,,5.004611,53.300182,18.260108,2.4109,9.49,27.267477,6.163006,19.969027,49.480595,18.225262,33.943245,23.707411,23.707411,,16.041828,,,28.544351,28.544351,10.986625,,23.707411,,26.04305,4.6356,4.6356,8.757111,22.4673,26.1518,41.71392,,,32.5758,5.67574,21.5,28.82,35.070008,13.8977,27.691987,23.194803,,19.574666,16.503768,28.6744,,50.8764
2005-06-06,43.409,37.4934,16.203305,52.667379,23.488413,17.801413,12.208921,22.872081,20.607387,,5.004611,52.538683,18.353985,2.3943,9.73,27.207541,6.193653,19.822506,49.695227,18.100133,34.090224,23.619512,23.619512,,15.947494,,,28.449246,28.449246,10.974255,,23.619512,,26.17548,4.8981,4.8981,8.747925,22.5667,26.2252,41.535163,,,32.3384,5.696348,21.5,28.45,34.778529,13.7957,27.741384,23.277538,,19.718145,16.450272,28.5982,,51.4245
2005-06-07,43.629,37.8635,16.637553,53.092127,23.340426,16.831934,12.298704,22.666751,20.410164,,5.063307,52.962453,18.426143,2.4166,9.705,27.312453,6.254996,19.871379,49.580276,18.141842,34.11962,23.495019,23.495019,,15.998262,,,28.242614,28.242614,10.912601,,23.495019,,26.097624,5.0294,5.0294,8.827367,22.404,26.5464,41.632008,,,32.3553,5.695662,21.55,27.69,34.87572,13.8297,27.662349,23.10424,,19.68695,16.459237,28.6236,,51.4995
2005-06-08,43.5924,38.2756,16.886817,53.683187,23.396482,16.653143,12.20331,22.549367,20.446511,,4.992537,53.552067,18.353985,2.4145,9.64,27.34247,6.250894,19.68576,49.419325,18.191894,33.884363,23.311865,23.311865,,15.92211,,,28.651548,28.651548,11.011267,,23.311865,,25.599008,4.9075,4.9075,8.953759,22.4944,26.6016,41.512264,,,32.3129,5.731351,21.5,27.33,34.4523,13.7005,27.859937,23.100277,,19.730641,16.352149,28.5982,,51.0041
2005-06-09,43.7849,38.4522,16.918956,54.009441,23.35648,16.508804,12.293092,22.512662,20.752686,,5.052782,53.877519,18.451362,2.4166,9.74,27.102531,6.263153,19.519691,49.043742,18.542258,33.913849,23.333839,23.333839,,15.831467,,,28.750533,28.750533,11.338239,,23.333839,,25.497683,5.1019,5.1019,9.018826,22.5577,26.6752,41.527288,,,32.3977,5.797974,21.51,27.9,34.695276,13.5849,27.691987,23.167258,,19.761836,16.485936,28.9535,,50.7338
2005-06-10,43.3632,38.3345,16.428464,54.274149,23.288496,16.302542,12.49501,22.527381,20.721532,,5.078353,54.141583,18.50916,2.3748,9.81,27.095051,6.261125,19.500142,49.059106,19.342994,33.458122,23.28989,23.28989,,15.940293,,,28.684573,28.684573,11.319733,,23.28989,,25.708063,5.1125,5.1125,9.009725,22.4944,26.5832,41.542223,,,32.6607,5.807571,23.08,28.06,34.792467,13.5713,27.682108,23.46659,,19.755544,16.387813,28.668,,50.944
2005-06-13,43.3998,38.4877,16.878782,54.107935,23.436483,16.550057,12.523067,22.527381,20.897985,,5.084359,53.975739,18.415283,2.4231,9.885,27.140027,6.242737,19.373072,49.043742,19.034341,33.193469,23.033549,23.033549,,15.911039,,,28.915478,28.915478,11.301227,,23.033549,,25.708063,5.0519,5.0519,8.992629,22.6804,26.6108,41.579603,,,32.737,5.71627,22.99,28.03,34.840969,13.483,27.919214,23.773848,,19.755544,16.5216,28.6617,,51.0191
2005-06-14,43.3082,38.6665,16.854677,54.421939,23.996415,16.749429,12.455731,22.542008,21.064054,,5.072347,54.289011,18.357575,2.4498,10.08,27.125068,6.248866,19.41217,49.296691,19.568134,33.193469,23.28989,23.28989,,15.962166,,,29.027637,29.027637,11.689853,,23.28989,,25.591185,5.0731,5.0731,8.812312,22.8437,26.4727,41.564669,,,33.39,5.635681,22.41,27.84,34.979786,13.5101,27.65247,23.509988,,19.74934,16.637651,28.427,,51.4995
2005-06-15,42.6664,38.7431,17.031535,54.175656,23.636401,16.550057,12.478268,22.784044,21.30792,,5.101076,54.043363,18.408103,2.4953,9.98,27.162565,6.283616,19.480592,49.472913,19.418072,33.274353,23.070236,23.070236,,15.929311,,,28.750533,28.750533,11.6281,,23.070236,,25.972923,5.0625,5.0625,8.750392,22.635,26.4911,41.751753,,,33.619,5.584311,22.39,27.62,35.285203,13.5577,27.365967,23.186975,,19.955652,16.753606,28.2176,,51.477
2005-06-16,42.5289,38.9304,16.951187,54.206429,23.44043,16.481242,12.528863,22.894159,21.313112,,5.199337,54.074057,18.393654,2.4787,10.065,27.117588,6.289746,19.43172,49.587958,19.393046,33.266959,22.967624,22.967624,,15.980439,,,28.803319,28.803319,11.615829,,22.967624,,26.019674,5.085,5.085,8.768849,22.7439,26.4451,41.931325,,,33.8056,5.583626,22.8,27.99,34.931191,13.5237,27.445002,23.222348,32.16,19.836899,16.762474,28.5919,,51.492
2005-06-17,42.4372,39.1262,17.208485,55.591613,23.708422,16.605,12.585069,22.982106,21.110696,,5.132839,55.455864,18.498301,2.4707,10.085,27.23746,6.263153,19.392621,49.802497,19.518082,33.443424,23.011574,23.011574,,16.079004,,,28.377782,28.377782,11.529435,,23.011574,,26.136552,5.085,5.085,8.824134,22.6804,26.5832,41.721794,,,34.1194,5.600978,22.9,27.68,33.730525,13.4965,27.771023,23.175085,30.31,19.380495,16.637651,29.0994,,52.1226
2005-06-20,42.8039,38.9474,17.192415,56.133377,23.884392,16.501914,12.478268,23.070144,21.152236,,5.144913,55.99627,18.408103,2.5465,9.88,27.245038,6.226376,19.207003,49.963448,19.601502,33.480124,23.458332,23.458332,,16.027876,,,28.790145,28.790145,11.436905,,23.458332,,26.097624,5.0656,5.0656,8.799128,22.8709,26.7672,41.901366,,,34.4926,5.623214,22.85,27.67,33.563926,13.3674,28.521858,23.498098,30.0,19.705561,16.423477,28.4143,,51.9274
2005-06-21,42.4464,38.6494,17.313029,55.46852,23.676403,16.288761,12.377079,22.989465,21.147044,,5.188749,55.332991,18.418963,2.5609,9.915,27.259997,6.207987,19.324297,49.503641,19.818393,33.340449,23.348458,23.348458,,15.943893,,,28.829667,28.829667,11.146944,,23.348458,,26.04305,5.3675,5.3675,8.810951,22.8437,26.6384,41.804158,,,34.4756,5.632211,23.02,27.56,33.487641,13.449,28.591014,23.427253,30.0,19.399194,16.182603,28.2684,,52.2202
2005-06-22,42.4556,39.1432,17.498014,55.357678,23.508414,16.43999,12.562531,22.960119,21.22493,,5.211411,55.222493,18.433323,2.5227,9.965,26.980297,6.183422,19.011609,48.737204,20.277202,33.406634,23.421738,23.421738,,15.85262,,,28.882453,28.882453,11.177821,,23.421738,,26.144282,5.3081,5.3081,8.853138,22.9072,26.5003,41.317758,,,34.7809,5.675269,23.25,27.75,33.501486,13.2314,28.442823,23.659605,30.01,19.242954,16.245062,28.7061,,52.1376
2005-06-23,42.2631,38.7005,16.975291,55.474597,23.432447,16.048136,12.725538,22.8868,21.090016,,5.214444,55.33913,18.408103,2.5061,9.83,26.798817,6.140515,18.884638,47.832769,19.960207,33.002396,23.348458,23.348458,,15.7212,,,28.262284,28.262284,10.924872,,23.348458,,25.848316,5.1675,5.1675,8.713563,22.8618,26.3623,41.055913,,,34.7724,5.594722,22.2,27.77,33.487641,13.143,28.798481,23.703003,30.45,19.067925,16.146939,27.9956,,51.8749
2005-06-24,41.8688,38.1727,17.095906,54.551206,23.6164,16.006884,12.579457,22.754698,20.8876,,5.237106,54.417925,18.296187,2.3597,9.66,26.655228,6.134386,18.865089,47.196648,19.793367,32.686345,23.138424,23.138424,,15.403723,,,28.31507,28.31507,10.721306,,23.138424,,25.91062,5.0581,5.0581,8.575348,22.9253,26.1783,40.606894,,,34.3484,5.406509,22.7,27.42,33.098972,13.1294,27.958731,23.616305,30.45,18.505264,16.05778,27.5705,,51.5671
2005-06-27,41.9789,38.2834,16.886817,53.849401,24.036326,15.95185,12.742464,22.74743,20.944628,,5.267383,53.717813,18.19154,2.3019,9.525,26.715655,6.042396,18.962736,47.641183,19.559136,32.642251,23.212176,23.212176,,15.45116,,,28.49319,28.49319,10.684294,,23.212176,,26.011851,5.1944,5.1944,8.551703,22.889,26.2611,40.614406,,,34.1279,5.404453,22.4,27.4,32.897715,13.1974,29.223296,23.584796,30.55,18.461484,15.5582,27.3295,,51.4245
2005-06-28,42.3181,39.2283,17.12001,55.456172,24.328355,16.11686,12.658109,22.996824,20.840689,,5.339948,55.320713,18.267288,2.3907,9.835,26.821552,6.097608,19.15813,48.216034,20.203343,32.892116,23.529066,23.529066,,15.648199,,,28.631787,28.631787,10.758318,,23.529066,,26.409236,5.3625,5.3625,8.580621,23.0795,26.4083,41.025954,,,34.9251,5.484999,22.73,27.57,32.758898,13.3334,30.458222,24.006299,29.65,18.705284,15.718783,28.1351,,52.2503
2005-06-29,42.0614,39.1006,16.806377,54.994477,24.44827,15.883126,12.489491,22.637405,21.427794,,5.341434,54.860111,17.040152,2.4895,9.67,26.60228,6.087377,19.177679,47.541595,19.952334,32.730439,23.374299,23.374299,,15.58618,,,28.677986,28.677986,10.641147,,23.374299,,25.941818,5.3838,5.3838,8.568799,23.134,26.5095,40.726638,,,34.747,5.41692,22.56,27.36,32.74496,13.347,30.151961,24.179596,28.35,18.480183,15.691987,28.0463,,51.6497
2005-06-30,41.9422,38.8708,17.192415,54.668124,24.180368,15.924378,12.371468,22.571354,21.550085,,5.345954,54.534659,16.888567,2.4477,9.75,26.776182,5.995387,19.353523,47.595184,19.877068,32.664253,23.448052,23.448052,,15.239449,,,28.31507,28.31507,10.616406,,23.448052,,25.458755,5.295,5.295,8.510876,23.2791,26.3255,40.352561,,,34.8997,5.472489,22.44,27.27,32.578454,13.4694,29.144261,24.423837,28.51,18.286456,15.879366,27.7735,,51.6797
2005-07-01,42.0614,39.1262,17.272855,55.72088,24.404322,15.931178,12.399525,22.608059,21.599055,,5.394372,55.584778,16.859668,2.3734,9.88,26.957563,6.093506,19.197228,47.694864,20.069496,32.811322,23.558586,23.558586,,15.407324,,,28.55924,28.55924,10.733677,,23.558586,,25.513328,5.3044,5.3044,8.559613,23.134,26.1139,40.038311,,,35.9937,5.517646,22.66,27.43,32.74496,13.3606,29.539437,24.262331,28.9,18.58653,15.879366,28.3572,,51.6872
2005-07-05,42.1255,39.0155,17.071801,56.625846,24.328355,15.896816,12.34893,22.681379,21.464499,,5.490342,56.487566,17.000394,2.4184,9.975,26.987875,6.134386,19.148453,47.449597,20.119642,32.767138,23.448052,23.448052,,15.476724,,,29.133119,29.133119,10.7028,,23.448052,,25.412003,5.5775,5.5775,8.562164,23.4878,26.4543,40.068179,,,36.4602,5.458607,22.8,27.6,32.654738,13.3266,29.391246,24.01809,29.97,18.705284,15.807942,28.6553,,51.5296
2005-07-06,41.6488,38.9985,16.854677,55.733228,24.076328,15.614939,12.16909,22.446611,21.385001,,5.46087,55.597055,16.617795,2.3827,10.03,26.662806,5.999489,18.95306,46.943698,20.696926,32.627553,23.396463,23.396463,,15.312449,,,28.697747,28.697747,10.863219,,23.396463,,24.950174,5.5063,5.5063,8.505603,22.9979,25.9483,39.34238,,,35.7054,5.415549,22.63,27.5,32.273038,13.1906,29.440643,23.758094,29.5,18.492768,15.923897,28.4206,,51.3344
2005-07-07,41.6397,38.8623,16.782272,56.391911,24.156331,15.594268,12.27589,22.299155,21.391089,,5.45635,56.254196,16.675952,2.3438,10.005,26.677863,5.997414,18.816216,46.384211,20.303728,32.406994,23.064672,23.064672,,15.243049,,,28.922065,28.922065,11.011267,,23.064672,,24.785707,5.5319,5.5319,8.450317,23.5331,27.6321,39.492083,,,35.1286,5.401668,22.48,27.8,32.168971,13.0954,29.499919,23.706967,29.38,18.47398,16.075612,28.2093,,51.0041
2005-07-08,42.1072,38.9048,16.798342,57.395371,24.120365,15.807421,12.41084,22.505667,21.660201,,5.569719,57.255204,16.795946,2.3438,10.215,27.123887,6.071016,18.943285,47.081696,20.663464,32.803928,23.197369,23.197369,,15.597162,,,29.410223,29.410223,11.288857,,23.197369,,25.388535,5.6856,5.6856,8.538519,23.6783,27.5677,40.053245,,,35.9598,5.474588,22.83,28.22,32.19666,13.1838,29.865458,24.569589,29.55,19.09912,16.28969,28.7536,,51.2593
2005-07-11,42.153,38.4792,16.822538,57.567759,23.984396,15.834983,12.30965,22.380288,21.61123,,5.594671,57.427187,16.963148,2.5162,10.225,27.486749,6.085302,19.109355,46.89011,20.663464,32.561367,23.1753,23.1753,,15.611744,,,29.331089,29.331089,11.449275,,23.1753,,25.372889,5.9375,5.9375,8.664911,23.6057,27.3929,40.292643,,,35.8835,5.539154,22.95,27.83,32.203629,13.2994,29.233175,24.699587,29.32,19.261742,16.218363,28.792,,51.0416
2005-07-12,41.933,38.2238,16.806377,58.109524,23.992378,15.855564,12.343319,22.358119,21.868077,,5.640055,57.967594,17.152249,2.5104,10.2,27.585067,6.079173,19.246101,46.821157,20.604883,32.870114,23.219533,23.219533,,15.630017,,,29.317915,29.317915,11.387522,,23.219533,,25.34942,6.0031,6.0031,8.564801,23.7418,27.1445,40.853895,,,35.7647,5.511391,22.5,27.58,32.280006,13.3946,29.203537,24.569589,30.12,19.317928,16.236194,28.7216,,51.0191
2005-07-13,41.988,38.6665,16.967256,57.530812,24.248352,15.944959,12.354634,22.513026,22.149365,,5.646866,57.390355,17.072282,2.5212,10.18,27.706021,6.011748,19.246101,46.57589,20.31207,32.737742,23.234245,23.234245,,15.670163,,,29.528969,29.528969,11.146944,,23.234245,,25.678168,6.0563,6.0563,8.664911,23.8234,27.0064,41.055913,,,34.7724,5.587096,22.62,27.4,32.141189,13.3946,28.709567,25.499292,30.03,19.411779,16.343185,28.5551,,50.8758
2005-07-14,42.2814,40.4372,17.160276,57.918711,24.288354,16.041246,12.416451,22.675291,21.965928,,5.640055,57.777195,17.046794,2.558,10.145,27.751391,6.132358,19.421945,46.706113,20.462601,32.943604,23.32271,23.32271,,15.761436,,,29.047398,29.047398,11.245709,,23.32271,,25.999186,5.9763,5.9763,8.770209,23.7872,27.1905,41.482396,,,34.8827,5.686408,22.32,27.33,32.404886,13.5169,28.423064,24.955719,29.83,19.336716,16.5216,28.3886,,51.5543
2005-07-15,42.6114,39.7732,17.481853,57.457015,24.244316,16.020574,12.365856,22.726987,22.106572,,5.599253,57.316592,17.024985,2.54,9.985,27.811819,6.183422,19.568466,46.552844,20.521182,32.928906,23.514353,23.514353,,15.724891,,,29.060572,29.060572,11.307363,,23.514353,,26.241882,6.1125,6.1125,8.772846,23.6783,27.1997,41.489817,,,34.4926,5.679468,22.55,26.78,32.488232,13.6189,28.31439,24.939964,29.9,19.405487,17.36914,28.5551,,51.6146
2005-07-18,42.1347,38.7942,17.248659,58.257313,24.204315,16.041246,12.343319,22.645855,22.16163,,5.58786,58.115022,16.90867,2.5494,9.85,27.804339,6.169135,19.402396,46.514527,20.127984,32.612855,23.514353,23.514353,,15.670163,,,28.704334,28.704334,11.122303,,23.514353,,26.625483,6.2931,6.2931,8.675373,23.6601,27.0984,40.883763,,,34.4841,5.687779,21.97,26.49,32.550672,13.5033,28.413184,24.837512,29.65,18.792842,16.976648,28.5231,,51.5468
2005-07-19,41.988,38.6324,17.481853,58.22654,24.208351,16.151222,12.860487,22.682741,22.241128,,5.676338,58.084328,16.90867,2.5133,9.785,27.698443,6.212042,19.187453,47.005062,20.378993,32.686345,23.411175,23.411175,,15.816164,,,28.981438,28.981438,11.39059,,23.411175,,26.515869,6.7125,6.7125,8.589807,23.7055,27.3745,41.557157,,,34.6876,5.701661,22.29,26.59,32.779711,13.3538,28.027887,24.817794,29.95,19.086624,16.860597,29.1827,,52.2403
2005-07-20,42.1164,38.7857,17.610593,58.749782,24.148348,15.972431,12.770521,22.704819,22.589648,,5.708101,58.606318,16.828704,2.5249,9.905,27.834553,6.191532,19.089806,46.828747,20.471036,32.730439,22.592921,22.592921,,15.816164,,,29.364024,29.364024,11.603459,,22.592921,,26.813418,6.37,6.37,8.721473,23.5785,27.5677,40.853895,,,34.518,5.797502,22.43,26.83,32.515921,13.2858,27.65247,25.03449,30.48,19.311724,17.003348,29.4388,,51.9764
2005-07-21,41.713,38.7175,17.329099,57.930961,23.820354,15.766168,12.877321,22.572081,22.467357,,5.601482,57.789472,16.91226,2.5126,9.71,27.713599,6.134056,19.001835,47.947721,20.178223,32.723045,22.556139,22.556139,,16.042458,,,29.146383,29.146383,11.134673,,22.556139,,26.742919,6.1375,6.1375,8.660914,23.4333,27.3745,40.913722,,,34.1364,5.763484,22.2,26.48,32.592298,13.2246,27.82042,24.91232,30.08,18.936587,16.771438,29.2531,,51.8558
2005-07-22,41.9147,38.8623,17.682907,58.060326,23.636401,15.766168,12.781743,22.653214,22.522415,,5.628725,57.918484,16.963148,2.5263,9.86,27.842131,6.158668,19.001835,48.269623,20.245147,32.701043,22.732975,22.732975,,16.071622,,,29.251865,29.251865,11.677483,,22.732975,,26.969969,5.7563,5.7563,8.755665,23.3698,27.2457,41.025954,,,34.0516,5.82805,22.68,26.63,32.758898,13.2246,27.929093,25.046281,31.13,19.411779,16.860597,30.0344,,52.3986
2005-07-25,41.988,38.3345,17.690942,57.838642,23.676403,15.910597,12.596291,22.542553,22.143277,,5.599253,57.697391,17.046794,2.4888,9.85,27.864767,6.152538,19.070257,48.0934,20.1113,32.634857,22.563495,22.563495,,15.932912,,,28.829667,28.829667,11.07292,,22.563495,,26.860356,5.6394,5.6394,8.718836,23.4061,26.9788,40.831449,,,33.5257,5.841974,22.5,26.53,32.425699,13.2722,27.731505,24.735059,31.05,18.880312,16.477068,29.4773,,52.3006
2005-07-26,42.0797,37.6023,17.578363,58.115698,23.276477,15.848673,12.787355,22.513026,22.216688,,5.640055,57.973732,17.032255,2.4744,9.885,27.910137,6.109396,19.011609,48.890473,20.077838,32.678951,22.64451,22.64451,,15.947584,,,28.69116,28.69116,11.208697,,22.64451,,26.922939,5.7163,5.7163,8.738569,23.5785,27.0616,40.756597,,,34.0091,5.850971,22.24,26.37,32.627049,13.2314,27.741384,24.502708,31.0,19.299229,16.459237,29.4901,,53.9741
2005-07-27,40.4479,37.5683,17.690942,57.955658,23.288496,15.979321,12.90547,22.690101,22.296186,,5.678567,57.814027,17.057743,2.5025,9.9,28.023512,6.072477,19.09958,48.921108,20.077838,32.980304,22.710906,22.710906,,16.064331,,,28.532802,28.532802,11.183956,,22.710906,,27.024729,6.0813,6.0813,8.759663,23.3608,27.0984,40.966127,,,33.9243,5.769054,21.51,26.3,32.897715,13.2926,27.128861,24.301766,30.88,19.455469,16.468104,29.4068,,54.0118
2005-07-28,41.0438,39.1432,17.972436,58.891397,23.66842,15.911504,13.265151,22.918781,22.167717,,5.733053,58.747509,17.283102,2.5515,10.04,28.204993,6.076579,19.314523,49.434596,20.161446,33.715382,22.688742,22.688742,,16.203042,,,29.35085,29.35085,11.406028,,22.688742,,27.251779,5.9906,5.9906,8.83332,23.5241,26.896,41.100806,,,36.6722,5.787091,21.55,26.3,33.279415,13.4422,27.622831,24.817794,31.14,19.499249,16.503768,30.1497,,54.2756
2005-07-29,40.6587,39.1773,18.446858,58.208017,23.376481,15.800168,13.208945,22.756424,21.831372,,5.712621,58.065911,17.232215,2.5285,9.915,27.804339,6.078607,19.470818,48.951743,20.13642,33.303749,22.519263,22.519263,,15.973148,,,29.179318,29.179318,11.153179,,22.519263,,27.228311,5.775,5.775,8.813588,23.388,26.8316,40.80149,,,36.4687,5.78572,21.68,26.12,33.015719,13.5509,27.069585,24.699587,30.58,19.561816,16.628687,30.5467,,53.6273
2005-08-01,40.3562,38.6069,17.417574,57.697026,23.288496,15.821111,13.33258,22.660573,21.947576,,5.785186,57.556101,17.199456,2.5429,9.905,27.683287,6.386545,19.41217,48.070355,19.851949,33.075885,22.556139,22.556139,,16.013294,,,29.212343,29.212343,11.288857,,22.556139,,26.633305,5.9506,5.9506,8.742567,23.4424,26.9696,40.861317,,,36.4432,5.714171,21.91,26.31,32.578454,13.5101,26.911514,25.140807,30.5,19.467965,16.013152,29.362,,53.4841
2005-08-02,40.5304,38.3004,17.634698,57.918711,23.476485,15.730628,13.2933,22.645855,21.739699,,5.825989,57.777195,17.213996,2.4304,10.055,27.84961,6.382443,19.392621,48.491937,20.019257,33.43603,22.637153,22.637153,,16.162896,,,29.034224,29.034224,11.159315,,22.637153,,26.813418,5.8313,5.8313,8.812312,23.3335,27.1629,41.033467,,,36.5535,5.744719,22.18,26.57,32.987937,13.4965,26.901635,25.672688,30.2,19.624294,16.030984,29.4901,,53.6047
2005-08-03,40.6312,38.5388,17.498014,57.090579,23.132526,15.647125,13.343895,22.645855,21.599055,,5.807848,56.951092,17.174058,2.4469,9.97,27.84961,6.355756,19.881154,48.20067,20.194907,33.414028,22.946781,22.946781,,16.305297,,,29.172731,29.172731,11.054414,,22.946781,,26.860356,6.0419,6.0419,8.884694,23.261,27.6137,40.921234,,,36.2142,5.783621,22.95,26.57,33.23082,13.8365,27.356087,25.459956,29.9,19.618091,16.048816,29.5413,,53.8987
2005-08-04,40.7045,37.1511,17.128045,56.701211,23.156473,15.598438,13.203334,22.513026,21.641848,,5.637764,56.562791,17.054063,2.4397,9.87,27.660651,6.353728,20.389137,47.871087,19.785025,33.200863,22.556139,22.556139,,16.19215,,,29.133119,29.133119,10.813836,,22.556139,,26.570722,6.0281,6.0281,8.891243,23.0432,27.3101,40.928656,,,35.6206,5.795446,23.13,26.21,33.369637,14.1901,27.109102,25.089581,29.98,19.724349,15.879366,29.1763,,53.7178
2005-08-05,41.2119,37.381,16.709958,56.583802,23.064541,15.466249,13.029105,22.431893,21.672376,,5.506255,56.445569,16.981367,2.4715,9.915,27.418743,6.2326,19.900703,47.311599,19.718102,32.943604,22.696193,22.696193,,16.082604,,,28.585588,28.585588,10.542382,,22.696193,,26.194944,5.7163,5.7163,8.730659,22.7711,26.8224,40.696679,,,35.6799,5.754444,23.1,26.17,33.036532,13.8501,26.615132,24.943829,29.63,19.543028,15.932861,28.7408,,53.5896
2005-08-08,40.8614,36.768,16.629518,56.361334,22.896553,15.410581,12.961676,22.505667,21.574525,,5.57201,56.223697,17.035934,2.496,9.49,27.388529,6.220246,20.0179,47.334645,19.500554,32.973,22.696193,22.696193,,15.940293,,,28.301896,28.301896,10.586024,,22.696193,,26.022654,6.035,6.035,8.707013,22.8618,27.1076,40.330114,,,35.3576,5.718327,23.23,26.14,32.987937,13.9317,26.704046,24.739023,30.18,19.624294,15.941825,28.5295,,54.0872
2005-08-09,40.8798,36.5808,16.533009,56.280971,22.716546,15.647125,12.956065,22.498307,21.385001,,5.603773,56.143503,17.195867,2.527,9.565,27.441379,6.214117,19.929929,47.687182,19.542452,33.08328,22.917261,22.917261,,16.097186,,,28.064404,28.064404,10.280923,,22.917261,,25.975717,5.825,5.825,8.73993,22.6985,27.0524,40.591959,,,35.3237,5.744719,23.06,26.15,32.967123,13.8705,26.664529,24.660251,30.4,19.649286,15.870401,27.6585,,54.1701
2005-08-10,40.8337,36.8787,16.935117,57.041186,22.7326,15.723646,13.040328,22.498307,21.281062,,5.748904,56.901787,17.257703,2.5696,9.515,27.638015,6.216144,19.558691,47.342327,19.692982,33.340449,22.909905,22.909905,,16.024185,,,28.394295,28.394295,10.199972,,22.909905,,26.234059,5.4213,5.4213,8.809675,22.7348,27.1168,40.689258,,,36.1633,5.760014,22.94,25.98,32.793555,13.6121,26.832479,24.794212,30.51,19.849394,15.79011,27.1526,,53.9515
2005-08-11,40.9813,37.1086,16.975291,56.7754,22.7326,15.848855,12.995344,22.586799,21.599055,,5.728471,56.636748,17.32672,2.6295,9.65,27.690865,6.2326,19.480592,47.326963,19.659521,33.50952,22.887836,22.887836,,16.100877,,,28.829667,28.829667,10.224811,,22.887836,,26.468932,5.3275,5.3275,8.87942,22.8981,27.2089,40.936168,,,36.1718,5.778051,23.22,26.08,32.869933,13.5577,26.170558,24.821757,30.67,19.980644,15.709819,27.46,,54.1852
2005-08-12,40.8614,37.2873,16.910921,56.695037,22.552594,15.779315,12.984122,22.498307,21.690729,,5.726242,56.556554,17.34126,2.7052,9.455,27.365795,6.27362,19.402396,47.166012,19.333246,33.296355,22.932068,22.932068,,15.907438,,,28.447081,28.447081,9.975722,,22.932068,,26.453286,5.4813,5.4813,8.797852,22.9525,26.988,40.861317,,,35.6884,5.732937,23.06,26.23,32.862964,13.5033,27.109102,24.719305,30.44,19.918165,15.709819,27.127,,54.1098
2005-08-15,41.1381,37.1086,16.894851,57.504645,22.548558,15.897632,12.860487,22.476139,21.672376,,5.696708,57.364143,17.344939,2.7535,9.59,27.396107,6.246933,19.480592,47.135377,19.441973,33.516914,22.983657,22.983657,,15.892766,,,28.552563,28.552563,10.131391,,22.983657,,26.594191,5.5113,5.5113,8.821498,22.9162,27.0432,41.11574,,,36.1294,5.762799,23.05,26.35,33.191052,13.5577,27.198017,25.054208,30.76,19.868094,15.727651,27.3319,,54.3284
2005-08-16,40.8245,36.7085,16.613449,56.435523,22.404606,15.81413,12.956065,22.328592,21.696816,,5.610583,56.297654,17.239484,2.7283,9.465,27.259997,6.195634,19.255875,46.445574,18.990288,33.318447,22.991014,22.991014,,15.805183,,,28.018205,28.018205,9.81382,,22.991014,,26.194944,5.4488,5.4488,8.867598,22.7801,26.8316,40.995995,,,35.9937,5.70723,23.0,26.33,32.716342,13.4014,26.713926,25.132979,30.65,19.661782,15.593864,27.1334,,53.9665
2005-08-17,40.9167,36.8106,16.778985,57.675269,22.436625,15.841964,12.927916,22.409725,21.825285,,5.596962,57.53447,17.290372,2.7196,9.43,27.229783,6.224395,19.314523,46.261578,19.115792,33.487518,22.85096,22.85096,,15.808873,,,27.873111,27.873111,9.932179,,22.85096,,26.312288,5.4225,5.4225,8.932069,22.381,26.8224,40.951103,,,36.0446,5.69472,23.18,26.75,32.841965,13.4422,26.674408,25.298449,30.42,19.643082,15.709819,27.4344,,53.8082
2005-08-18,41.1657,37.2618,16.900056,57.51768,22.572594,15.765443,12.748075,22.321233,21.892518,,6.191108,57.3772,17.352209,2.747,9.365,27.161679,6.226423,19.363298,46.437892,19.073895,33.531612,22.961494,22.961494,,15.889165,,,28.545976,28.545976,9.795215,,22.961494,,26.695982,5.3138,5.3138,9.26506,22.3628,26.7764,40.83887,,,36.0955,5.933617,23.12,26.6,33.456235,13.4762,26.555855,25.613535,30.36,19.536736,15.727651,27.1398,,54.2756
2005-08-19,40.9997,37.2618,16.956574,56.88046,22.576541,15.765443,12.731149,22.321233,22.039339,,6.118542,56.741497,17.388557,2.7167,9.45,27.441379,6.220246,19.500142,46.568208,19.165938,33.6198,22.865672,22.865672,,16.203042,,,29.199169,29.199169,10.374344,,22.865672,,26.852533,5.43,5.43,9.209775,22.5624,26.7028,41.108228,,,36.087,5.841974,23.06,26.73,33.519047,13.5713,26.249593,25.408729,30.49,19.705561,15.736615,26.8645,,54.3359
2005-08-22,40.9628,36.0189,17.683272,57.445353,23.120507,15.772333,12.703092,22.439252,22.363419,,6.236492,57.305094,17.392147,2.7088,9.465,27.736235,6.249008,19.353523,46.614207,19.241203,33.627194,22.924618,22.924618,,16.159295,,,29.885207,29.885207,10.536246,,22.924618,,27.079583,5.7325,5.7325,9.17167,22.4989,26.7856,41.190592,,,36.333,5.784306,23.19,26.75,32.116102,13.4694,26.180438,25.160525,30.35,19.980644,15.683119,26.7556,,54.3284
2005-08-23,40.9997,35.7805,18.022471,56.932989,23.196474,15.709775,12.461342,22.063116,22.21051,,6.20021,56.79392,17.312181,2.799,9.455,27.448957,6.210015,19.294974,46.171708,19.157596,33.428726,22.828796,22.828796,,16.130041,,,29.733526,29.733526,10.417887,,22.828796,,26.641128,5.5938,5.5938,9.174222,22.3175,26.6844,41.085781,,,36.2566,5.826679,23.5,26.79,31.899699,13.4286,26.328629,25.31024,30.29,19.736844,15.656323,26.7428,,54.2756
2005-08-24,40.7691,35.8997,17.82863,56.663675,23.364463,15.681941,12.461342,21.841795,22.192158,,6.07774,56.525276,17.275833,2.8574,9.485,27.108829,6.230525,19.109355,45.148249,18.898245,33.237563,22.954137,22.954137,,15.998622,,,29.364024,29.364024,10.218577,,22.954137,,26.421901,5.3975,5.3975,9.162399,22.1632,26.3715,40.644365,,,36.2821,5.796131,23.47,26.52,32.10904,13.2994,26.931273,25.231469,30.12,19.611799,15.763314,26.4482,,53.5369
2005-08-25,40.8152,35.9253,18.119346,57.084111,23.040504,15.549751,12.467045,21.753303,22.21051,,6.08226,56.944661,17.097681,2.8502,9.15,27.101251,6.224395,18.99206,44.801913,18.739278,33.222865,22.880385,22.880385,,15.99133,,,29.291477,29.291477,10.34317,,22.880385,,26.570722,5.645,5.645,9.201864,22.4445,26.4727,40.786465,,,36.7316,5.823894,23.38,27.61,32.897808,13.2178,27.168379,25.192033,30.25,19.661782,15.79011,26.2561,,53.9439
2005-08-26,40.723,35.7039,18.143542,56.932989,22.932518,15.584476,12.365856,21.598397,22.198335,,5.95979,56.79392,17.050474,2.8134,9.275,26.957563,6.405028,18.767441,44.809595,18.555286,33.193469,22.924618,22.924618,,15.903747,,,28.82308,28.82308,10.050439,,22.924618,,26.437547,5.6625,5.6625,9.145303,22.3538,26.3991,40.636852,,,36.4432,5.771839,23.26,27.88,32.800152,13.0614,27.425243,24.983264,30.09,19.367999,15.700951,26.2497,,53.3333
2005-08-29,40.8429,35.6784,18.119346,57.346859,22.924536,15.869798,12.596291,21.708966,21.996546,,6.066409,57.206776,17.101361,2.8495,9.35,27.154199,6.446096,18.816216,44.8866,18.705817,33.391936,23.116355,23.116355,,16.060731,,,29.390462,29.390462,10.436591,,23.116355,,26.742919,5.7663,5.7663,9.157125,22.4536,26.804,41.01102,,,36.8079,5.805171,23.3,28.16,33.002524,13.0954,27.31657,25.161416,30.14,19.561816,15.781242,26.3906,,53.7253
2005-08-30,41.0089,35.8742,18.038541,56.722772,22.960501,15.688922,12.523251,21.576229,22.23504,,6.079969,56.584228,16.868642,2.7773,9.38,26.942505,6.43379,18.813772,44.709637,18.647235,33.212585,23.020439,23.020439,,15.838038,,,29.469596,29.469596,10.24975,,23.020439,,26.304465,5.9288,5.9288,9.200589,22.1451,26.6292,41.003508,,,36.6298,5.755858,22.8,27.68,33.128147,13.0937,26.97079,25.133673,30.15,19.693065,15.50403,26.2625,,53.4389
2005-08-31,40.8706,36.2317,18.175864,57.136641,22.648561,15.88367,12.562531,21.686889,22.589648,,6.175258,56.997084,16.766867,2.8019,9.435,27.154199,6.546667,18.754538,45.471447,18.839663,33.523226,22.85096,22.85096,,16.060731,,,30.182073,30.182073,10.586024,,22.85096,,26.547161,6.2063,6.2063,9.305887,22.8799,27.126,41.040888,,,37.6136,5.829464,23.5,27.85,33.309706,13.0525,27.188137,25.383166,30.1,19.918165,15.89739,26.6531,,53.5595
2005-09-01,40.9536,36.0615,18.959081,56.762169,22.568558,16.036712,12.51764,22.12944,22.693676,,6.086779,56.623594,16.752328,2.7774,9.24,26.942505,6.665769,18.586709,44.95583,18.97351,33.390133,22.828796,22.828796,,16.016894,,,29.68074,29.68074,10.517542,,22.828796,,26.187028,6.4088,6.4088,9.220321,22.6622,27.0156,41.11574,,,38.1988,5.838504,23.71,28.08,33.470266,12.9357,27.800661,25.438554,30.02,19.986936,15.933247,26.5379,,53.2504
2005-09-02,41.59,35.457,19.144796,56.538917,22.552594,16.273257,12.343319,22.144249,22.553033,,5.987033,56.400747,16.777817,2.6843,9.325,27.002933,6.63083,18.685432,45.048199,19.065553,33.404921,22.865955,22.865955,,16.024185,,,29.060572,29.060572,10.492604,,22.865955,,26.249705,6.1788,6.1788,9.221682,22.508,26.896,40.891276,,,38.2751,5.859326,23.53,28.06,33.533077,13.0044,27.563555,25.545465,29.65,20.280718,15.995802,26.4482,,53.077
2005-09-06,41.7561,35.4996,19.185153,57.635872,22.996467,16.141068,12.461342,22.218022,22.748645,,5.941648,57.495104,16.890451,2.6338,9.34,27.312945,6.647286,18.794028,45.525313,19.040433,33.870837,22.769379,22.769379,,16.250479,,,29.621367,29.621367,10.666976,,22.769379,,25.999186,6.2763,6.2763,9.304611,22.9707,27.0156,41.295312,,,38.5041,5.878777,23.63,28.05,33.512078,13.0799,28.037767,25.632559,29.5,20.199452,16.237158,26.7492,,53.2956
2005-09-07,41.59,34.81,18.733009,57.248365,23.189299,16.050675,12.422062,22.269628,22.712029,,6.014523,57.108459,16.92321,2.6771,9.285,27.706021,6.682177,18.853261,45.325212,18.672355,33.915201,22.665447,22.665447,,16.298006,,,29.561633,29.561633,10.536246,,22.665447,,22.922462,6.38,6.38,9.353263,23.0705,26.8219,41.686224,,,37.5034,5.876678,23.67,28.0,33.323644,13.1212,28.15632,25.870162,29.31,20.255727,16.299811,26.7556,,53.3559
2005-09-08,41.4517,34.461,18.716848,57.563643,23.02454,15.974153,11.236034,22.262268,22.363419,,6.014523,57.422997,16.774137,2.698,9.24,27.275153,6.579531,18.902623,44.925102,18.588748,33.656319,22.769379,22.769379,,16.162896,,,29.555046,29.555046,10.536246,,22.769379,,22.891171,6.29,6.29,9.548039,22.5261,26.6097,41.430624,,,37.0454,5.885118,23.5,27.72,33.198021,13.1555,28.116802,25.794958,29.3,19.786827,16.228291,26.7428,,52.6926
2005-09-09,41.876,35.0229,18.733009,58.266526,23.30177,16.022841,11.044971,22.933499,22.449005,,6.066843,58.124181,16.945019,2.7232,9.3,27.282633,6.526157,18.902623,45.609907,18.889903,33.893019,22.754572,22.754572,,16.079004,,,29.70763,29.70763,10.517542,,22.754572,,23.008607,6.1413,6.1413,9.563859,22.3628,26.379,41.520862,,,37.5458,5.855556,23.89,27.57,33.519047,13.1555,28.136561,26.155226,29.15,19.94936,16.121011,26.8645,,53.3107
2005-09-12,41.7561,34.9462,18.902563,57.970947,24.571055,15.932357,11.297852,22.859725,22.455182,,6.041828,57.829325,17.104951,2.804,9.28,27.214627,6.470708,18.951984,45.594543,18.789518,33.582379,22.977338,22.977338,,16.152004,,,29.8668,29.8668,10.716754,,22.977338,,23.501822,6.025,6.025,9.559947,21.9999,26.6004,41.671199,,,37.3337,5.834477,23.98,28.1,33.57489,13.1899,27.938973,26.083985,29.06,19.836899,16.255086,26.7684,,53.0167
2005-09-13,41.5624,34.4976,18.514972,57.609607,24.02072,15.737609,11.050582,22.793311,22.296186,,5.966724,57.468892,17.021395,2.7478,9.29,27.169257,6.439919,18.784155,44.794231,18.538508,33.501044,22.828796,22.828796,,16.038047,,,29.700952,29.700952,10.554851,,22.828796,,23.486176,5.9288,5.9288,9.452097,21.8861,26.3329,41.693736,,,36.9775,5.764127,23.64,27.73,33.491172,13.0731,28.235355,26.107666,28.95,19.699357,16.138842,26.2177,,52.2478
2005-09-14,41.7561,34.6529,18.458454,57.235135,23.976593,15.709775,10.938171,22.299155,22.167717,,5.880166,57.095402,16.835974,2.6886,9.31,26.836609,6.534361,18.655815,44.324799,18.095165,33.545408,22.784281,22.784281,,15.98665,,,29.369258,29.369258,10.554851,,22.784281,,23.721049,5.82,5.82,9.533325,21.9772,26.0192,41.611101,,,36.5026,5.745147,23.25,27.27,33.065336,12.9838,27.672229,26.369049,28.97,19.486753,15.781242,26.0512,,51.4111
2005-09-15,41.5531,34.9117,18.700687,57.478184,24.177408,15.688922,11.062081,22.158967,22.479622,,5.89614,57.337834,16.726839,2.5919,9.5,26.995454,6.528184,18.685432,44.532582,18.438123,33.648925,23.096172,23.096172,,16.027066,,,29.389109,29.389109,10.635803,,23.096172,,23.869777,5.55,5.55,9.615828,22.0864,26.2037,41.8667,,,36.4771,5.734608,23.62,27.52,33.57489,13.0044,28.245234,26.559091,29.07,19.52424,15.843798,25.9615,,51.9387
2005-09-16,41.6915,34.9376,18.684526,56.722772,24.968738,15.793277,10.994469,22.12208,22.773175,,5.930256,56.584228,16.857783,2.5768,9.67,27.139043,6.517953,18.744666,44.601905,18.630551,33.279132,22.888213,22.888213,,15.942543,,,29.594839,29.594839,11.034325,,22.888213,,24.316054,5.6938,5.6938,9.73431,21.7769,25.9546,42.099673,,,36.6044,5.687479,23.0,27.39,33.672638,13.0456,28.393426,26.507568,29.0,19.586807,16.094118,26.6147,,51.9915
2005-09-19,41.4793,34.5321,18.296935,55.277609,24.81205,15.654106,10.949393,22.092553,22.644706,,5.889329,55.142592,16.625064,2.6194,9.645,26.776182,6.575429,18.715049,44.363301,18.3712,33.035128,22.851148,22.851148,,15.927871,,,29.482048,29.482048,10.741693,,22.851148,,24.151587,5.6825,5.6825,9.712961,22.0682,25.8715,41.671199,,,36.4687,5.726896,23.0,27.8,33.491172,13.025,27.938973,26.408583,28.85,19.611799,15.86163,25.5132,,52.0594
2005-09-20,41.4332,35.1016,18.078989,53.898109,24.703616,15.347931,10.774796,21.90821,22.705852,,5.784567,53.766534,16.432374,2.6713,9.58,26.564488,6.425538,18.596582,43.924689,18.14531,33.02034,22.65064,22.65064,,15.758916,,,28.911508,28.911508,10.766631,,22.65064,,24.245555,5.3888,5.3888,9.696971,21.1669,24.995,41.197561,,,36.2736,5.744462,23.05,28.0,33.407361,12.9425,27.632711,26.277991,27.89,19.417982,15.709626,25.6861,,51.9463
2005-09-21,40.7599,34.627,17.909344,53.215024,24.273824,16.022841,10.763573,21.66472,22.430652,,5.552382,53.085033,16.243363,2.5039,9.34,26.076539,6.34345,18.418978,42.693448,17.785574,32.473089,22.264431,22.264431,,15.52011,,,29.050827,29.050827,10.405418,,22.264431,,24.269023,5.3838,5.3838,9.533325,20.4022,24.7274,40.611148,,,35.5781,5.653033,23.06,27.6,33.142178,12.8189,25.498758,25.688046,27.42,19.380495,15.43251,25.3083,,51.5015
2005-09-22,40.6123,34.5234,18.135507,54.193786,24.048883,15.869798,10.81426,21.635193,22.106572,,5.606992,54.061389,16.792356,2.5299,9.315,26.320513,6.394749,18.42885,42.708811,15.100206,32.413937,21.878221,21.878221,,15.509129,,,28.991093,28.991093,10.305763,,21.878221,,24.276846,5.0613,5.0613,9.570579,20.5478,24.8566,40.708898,,,35.2983,5.62844,23.16,27.47,32.709373,12.8258,26.14092,25.763251,27.1,19.330424,15.584514,25.2186,,52.0744
2005-09-23,40.6123,34.9204,18.393901,53.990135,24.085028,16.127196,10.780408,21.495096,22.308361,,5.713983,53.858225,16.726839,2.4643,9.21,26.732288,6.456375,18.488084,42.708811,15.702516,32.584,21.930187,21.930187,,15.556836,,,28.964564,28.964564,10.604728,,21.930187,,24.355168,5.0825,5.0825,9.570579,20.5478,24.9765,40.979523,,,35.7647,5.638252,23.6,27.77,32.88387,12.867,26.131041,25.557355,26.9,19.286733,15.808038,25.4364,,52.7529
2005-09-26,40.2341,35.1533,18.337383,53.970436,23.426259,16.106343,10.904318,21.583588,22.693676,,5.754971,53.838542,16.679632,2.4585,9.27,26.747542,6.466606,18.478212,43.139741,15.920063,32.709699,22.004506,22.004506,,15.564217,,,28.971242,28.971242,10.897361,,22.004506,,24.300315,5.2813,5.2813,9.651721,20.7208,25.4748,40.859235,,,35.2983,5.67484,23.7,27.98,33.121179,12.8601,25.716105,25.220867,27.1,19.399194,15.664998,25.4172,,52.5192
2005-09-27,40.2526,35.3087,19.064082,53.576265,23.530657,16.231551,10.904318,21.66472,23.268516,,5.805062,53.445369,16.897721,2.4498,9.725,27.258324,6.651388,18.438722,43.339843,16.313261,33.508438,22.42778,22.42778,,15.549545,,,28.321026,28.321026,10.586024,,22.42778,,24.269023,5.365,5.365,9.780835,20.6571,26.259,41.430624,,,35.5357,5.768369,23.39,29.25,33.100273,12.8326,25.251773,25.117919,26.87,19.32422,15.521862,25.1866,,53.3484
2005-09-28,39.8375,35.2137,19.298188,53.576265,23.402132,16.711622,10.938171,21.826986,23.519186,,5.850632,53.445369,17.050474,2.3661,9.62,27.517553,6.65549,18.596582,43.293658,16.539901,33.552802,22.494647,22.494647,,15.747844,,,28.374173,28.374173,10.548617,,22.494647,,25.051871,5.4738,5.4738,9.778198,20.5843,26.2037,41.393062,,,35.5697,5.833063,24.15,29.04,33.323644,12.9425,25.706226,24.951557,26.97,19.442974,15.736518,25.0137,,53.6876
2005-09-29,40.0866,35.6107,19.540421,53.372613,23.526711,16.934204,10.915633,21.871323,23.525274,,5.978055,53.242302,17.246754,2.4138,9.755,27.906495,6.641109,18.626198,43.455257,16.800189,33.833777,22.657996,22.657996,,15.832367,,,28.327703,28.327703,10.928534,,22.657996,,25.34942,5.75,5.75,9.802184,20.5205,26.3236,42.475651,,,35.6206,5.868238,24.54,29.23,33.784323,12.9632,25.686467,25.094139,26.4,19.649286,15.951078,25.2955,,53.7856
2005-09-30,39.6992,36.1198,19.911851,53.425241,23.916322,17.219526,10.983246,21.945006,23.763768,,6.210302,53.294726,17.523091,2.509,9.7,27.860732,6.772517,18.705177,43.332161,16.934505,34.114841,22.717413,22.717413,,15.865402,,,28.526756,28.526756,10.872422,,22.717413,,25.545086,5.885,5.885,9.810094,20.6935,26.3421,42.6335,,,35.5527,5.83799,25.0,29.68,33.882071,13.0181,25.686467,25.343532,26.88,19.849394,16.138842,24.8664,,54.1852
2005-10-03,39.2011,35.9644,19.98453,53.077034,23.647164,17.212545,10.988857,21.871323,24.124643,,6.203429,52.947349,17.494012,2.4065,9.755,27.990346,6.739653,18.724921,44.563402,17.010051,34.159205,22.487197,22.487197,,15.872783,,,28.845187,28.845187,11.021955,,22.487197,,25.592116,5.9113,5.9113,9.870058,21.0577,26.296,42.483163,,,36.2651,5.856284,25.01,29.64,34.028601,13.0318,25.488879,25.054505,26.52,19.905669,16.299811,25.161,,54.4264
2005-10-04,39.0443,34.86,20.186406,52.669731,24.101082,17.219526,10.988857,21.878682,23.372454,,6.187517,52.541119,17.464844,2.3791,9.77,28.234321,6.747857,18.636071,44.140154,16.976496,34.100053,22.375814,22.375814,,15.810314,,,28.559871,28.559871,10.947139,,22.375814,,25.599939,5.615,5.615,9.870058,21.0577,26.0192,42.498188,,,36.0192,5.82955,25.07,30.06,34.342751,12.97,25.093702,25.106029,26.5,20.036919,16.129878,25.0521,,54.841
2005-10-05,38.5554,34.7478,19.693905,51.572776,23.370023,16.955147,10.983246,21.774745,23.231811,,6.04641,51.446762,17.51977,2.4166,9.46,27.830222,6.569252,18.468339,43.347525,16.581892,33.848565,22.338654,22.338654,,15.656031,,,27.757162,27.757162,10.797705,,22.338654,,25.725757,5.55,5.55,9.859341,20.6753,25.8346,43.039437,,,34.6876,5.795789,24.95,29.78,33.253863,12.8532,23.918053,25.18916,26.4,19.479309,15.933247,24.7738,,54.5771
2005-10-06,39.1365,34.5321,19.605065,51.237701,23.418187,16.70464,11.011395,21.61148,23.237898,,6.182997,51.11254,17.67351,2.4289,9.465,27.548062,6.528184,18.369616,43.655358,16.791754,33.885625,22.242173,22.242173,,15.689155,,,27.976067,27.976067,10.704285,,22.242173,,24.946914,5.5738,5.5738,9.682341,20.7663,25.604,43.573174,,,34.3314,5.64952,24.83,29.46,32.834996,12.7845,24.619491,25.090175,26.55,19.498097,16.085251,24.9097,,54.8108
2005-10-07,38.9244,34.4113,19.782654,51.218002,23.076828,16.864664,11.084619,21.500184,23.274604,,6.248999,51.092955,17.582056,2.5111,9.435,27.937004,6.517953,18.527475,43.324479,16.598669,33.73026,22.123339,22.123339,,15.501748,,,27.929687,27.929687,10.7791,,22.123339,,25.096387,5.7325,5.7325,9.643811,20.4932,25.567,43.204798,,,34.3145,5.608047,24.85,30.0,32.569813,12.8945,23.147459,24.820965,27.08,19.435441,16.183566,24.955,,54.4942
2005-10-10,38.9336,34.2042,19.282027,50.58088,23.141046,16.725493,10.876169,21.485284,23.225634,,6.237607,50.457251,17.483152,2.5249,9.355,27.98267,6.515878,18.468339,42.978143,16.732985,33.752442,22.049021,22.049021,,15.420916,,,27.843425,27.843425,10.797705,,22.049021,,24.81318,5.4775,5.4775,9.518695,20.4932,25.4748,43.076999,,,34.1788,5.572186,25.0,30.09,32.702404,12.8532,23.048664,24.753588,27.0,19.353997,16.094118,25.2787,,54.0042
2005-10-11,38.8229,33.859,19.387028,49.923962,23.080775,16.628119,10.825483,21.396246,23.219546,,6.221695,49.801962,17.51977,2.457,9.345,27.654844,6.493293,18.339999,42.77036,16.506345,33.8042,22.026763,22.026763,,15.303448,,,26.470175,26.470175,10.760397,,22.026763,,24.349022,5.5988,5.5988,9.590567,20.4568,25.687,42.949199,,,33.8989,5.629854,25.0,30.15,32.939713,12.7639,22.475659,24.622996,26.25,19.14095,15.82587,24.5731,,53.9665
2005-10-12,38.6938,33.4966,19.217475,50.383795,23.149118,16.586413,10.797334,21.403696,23.048285,,6.239898,50.260713,17.549118,2.3712,9.28,27.769204,6.47481,18.251149,42.985825,16.615447,33.789412,21.893123,21.893123,,15.325411,,,26.841663,26.841663,10.953373,,21.893123,,24.4198,5.2475,5.2475,9.436106,20.302,25.3087,43.385275,,,34.3484,5.60102,25.18,30.13,32.597688,12.7021,22.465779,24.211204,25.59,19.19111,15.888522,24.2753,,53.9892
2005-10-13,38.7952,32.7977,19.249797,50.350964,23.112973,16.537636,10.802945,21.411147,22.48571,,6.146528,50.227973,17.51977,2.4917,9.255,27.814968,6.4543,18.142553,42.893549,16.716207,33.708078,21.952539,21.952539,,15.325411,,,27.279471,27.279471,10.947139,,21.952539,,24.238849,5.3075,5.3075,9.263104,20.0744,25.3548,43.204798,,,34.3738,5.48847,25.11,30.35,32.479033,12.6265,21.981688,24.215167,25.34,19.209898,15.915318,24.0358,,53.7925
2005-10-14,38.9059,33.8245,19.693905,50.974953,23.498548,16.711622,10.786111,21.314659,22.302273,,6.326395,50.850425,17.929742,2.5458,9.45,28.180979,6.657517,18.261021,43.032009,16.875736,33.878231,22.123339,22.123339,,15.45404,,,27.339205,27.339205,10.934769,,22.123339,,24.238849,5.5,5.5,9.404211,20.2565,25.5301,43.234938,,,34.8233,5.537012,25.52,30.78,32.178913,12.709,22.238553,24.472487,25.48,19.303837,15.986838,24.6184,,54.4206
2005-10-17,39.1734,34.4458,19.718101,51.881487,23.434331,16.579432,10.904318,21.463024,22.491798,,6.246709,51.754772,17.96277,2.4044,9.52,28.211488,6.657517,18.231404,45.063563,17.203229,34.018718,21.982248,21.982248,,15.461332,,,27.425468,27.425468,10.897361,,21.982248,,24.215288,5.5413,5.5413,9.976462,20.5023,25.6132,43.422837,,,34.8997,5.89283,26.22,31.01,32.28363,12.6884,22.7918,24.666493,25.35,19.278757,15.986838,24.9745,,53.9741
2005-10-18,38.9244,34.2991,19.718101,50.469156,23.446349,16.628119,11.129602,21.463024,22.614178,,6.271723,50.345876,17.948051,2.4534,9.37,28.249575,6.61032,18.191915,44.709637,18.890746,34.055689,21.826255,21.826255,,15.336483,,,27.000833,27.000833,10.828879,,21.826255,,24.026514,5.595,5.595,9.646448,20.4932,25.5117,43.843889,,,34.6367,5.762028,25.91,31.0,32.178913,12.6609,22.62385,24.365576,25.55,19.034426,16.076287,24.6443,,53.4671
2005-10-19,39.321,34.3595,19.806941,50.153878,23.599001,16.572451,11.146528,21.544702,22.656971,,6.435676,50.031338,17.940781,2.496,9.35,28.211488,6.624748,18.191915,45.77928,18.983164,34.085265,21.083639,21.083639,,15.354846,,,27.631108,27.631108,11.202462,,21.083639,,24.002859,5.68,5.68,9.828806,20.557,25.5947,43.700974,,,35.5781,5.820381,26.4,31.0,32.234756,12.6609,22.347226,24.258665,25.5,19.479309,16.138842,25.1169,,53.3233
2005-10-20,39.0627,34.0316,19.177118,49.464128,23.337915,16.273257,11.022617,21.336919,22.345066,,6.328685,49.343309,17.713807,2.4982,9.185,27.776881,6.480468,18.04383,45.094383,18.647329,33.789412,21.120798,21.120798,,15.465022,,,27.020774,27.020774,10.897361,,21.120798,,23.680351,5.7688,5.7688,9.675707,20.5023,25.1888,43.355226,,,35.0947,5.800716,25.96,30.85,31.899699,12.5578,22.149638,24.151853,25.42,19.072002,16.174602,24.7867,,53.2779
2005-10-21,38.8875,34.1783,19.201314,49.661214,23.996684,16.245423,10.988857,21.344278,22.198335,,6.544958,49.539847,17.677189,2.7752,9.355,27.738695,6.498998,17.91549,45.2483,18.890746,34.085265,20.942548,20.942548,,15.402553,,,27.385675,27.385675,10.835113,,20.942548,,23.939903,5.905,5.905,9.711685,20.4204,25.3641,43.295037,,,35.188,5.830235,25.3,30.19,31.913637,12.4685,22.11012,24.100329,25.31,19.216101,15.843798,24.6832,,53.8379
2005-10-24,38.6661,34.8082,19.475868,50.620278,24.663435,16.294201,11.208529,21.485284,22.803703,,6.65876,50.496617,17.841968,2.7312,9.585,27.80739,6.604143,17.925363,45.132793,19.545639,34.292299,21.09109,21.09109,,15.575199,,,27.657636,27.657636,11.009485,,21.09109,,23.829824,5.9625,5.9625,9.856704,20.7481,25.5301,43.573174,,,35.858,5.906197,25.4,30.5,31.934543,12.4754,22.61397,24.266591,25.05,19.416653,16.129878,25.6606,,53.3687
2005-10-25,38.5093,34.3854,19.362833,50.252372,24.611236,16.266366,11.129602,21.373987,22.840408,,6.60867,50.129655,17.779682,2.6814,9.475,27.63959,6.439259,17.876001,44.178657,19.402888,34.307087,21.128154,21.128154,,15.597252,,,27.544845,27.544845,11.115276,,21.128154,,23.688174,5.875,5.875,9.901954,20.8119,25.5763,43.603313,,,35.5357,5.933617,24.95,30.18,32.081165,12.4411,22.78192,24.20724,24.8,19.128454,16.022598,25.4923,,52.4757
2005-10-26,37.633,34.4458,19.064082,49.424731,24.44253,16.315053,10.955005,21.173654,22.730292,,6.467563,49.303943,17.845558,2.6215,9.34,27.387939,6.424831,17.728014,43.639994,19.512083,34.114841,20.920195,20.920195,,15.553235,,,26.914661,26.914661,10.928534,,20.920195,,23.483661,5.7613,5.7613,9.944566,20.9484,25.5578,43.264988,,,34.7385,5.855556,24.81,29.62,31.857794,12.338,22.584332,24.167607,24.58,18.808883,15.888522,24.4372,,53.8076
2005-10-27,37.4209,33.5657,18.773366,48.596992,24.434458,16.231551,10.622737,21.114235,21.067008,,6.376485,48.478327,17.717486,2.7521,9.315,27.006771,6.330012,17.481207,43.032009,19.151035,33.922596,20.845972,20.845972,,15.483385,,,26.13839,26.13839,10.617198,,20.845972,,23.231932,5.5388,5.5388,9.768842,20.8028,25.6409,43.806237,,,33.9667,5.809156,24.34,28.93,31.131838,12.1663,22.436141,24.112219,24.55,18.514392,15.387786,24.4695,,52.8314
2005-10-28,37.4209,34.696,19.621226,49.135718,25.169553,16.451504,10.650886,21.589221,22.137189,,6.601859,49.015615,17.845558,3.0385,9.48,27.227815,6.498998,17.45159,43.840003,19.461656,34.358845,21.031673,21.031673,,15.733172,,,26.702344,26.702344,10.897361,,21.031673,,23.688174,6.0338,6.0338,9.99645,21.3399,26.093,44.227289,,,33.5003,5.862582,25.41,29.68,31.836888,12.1457,22.426262,24.112219,25.05,18.902911,15.64707,24.0876,,52.9903
2005-10-31,38.0573,35.7142,19.677744,49.904263,25.442747,16.381148,10.645274,21.596671,22.106572,,6.670152,49.782377,17.66624,3.0305,9.66,27.06779,6.554683,17.619419,43.73227,19.990669,32.665335,21.016771,21.016771,,15.714809,,,26.59623,26.59623,10.916065,,21.016771,,23.829824,6.315,6.315,9.988455,21.2307,26.2314,44.415187,,,32.9914,5.977232,25.6,29.58,31.906668,12.2624,23.256132,24.42899,25.84,18.984354,15.915318,24.2365,,52.5968
2005-11-01,37.9835,35.2483,19.774619,48.557594,25.30615,16.402273,10.673423,21.678258,22.308361,,6.745257,48.438961,17.838288,3.0298,9.655,26.991517,6.583539,17.421973,43.570671,19.604407,33.049916,21.083639,21.083639,,15.667102,,,26.251181,26.251181,10.959608,,21.083639,,23.617395,6.2138,6.2138,9.876692,21.1396,26.4251,44.024275,,,33.1102,5.989871,25.13,29.42,31.892731,12.125,23.028906,24.884279,26.18,18.884034,15.995802,23.7898,,52.2184
2005-11-02,38.4078,36.6116,19.750423,49.759707,25.330276,16.402273,10.667812,21.641189,22.864848,,6.854538,49.638164,17.728436,3.0493,9.9,26.968586,6.657706,17.254144,43.832321,19.948678,32.717093,20.927646,20.927646,,15.630377,,,26.556347,26.556347,11.053029,,20.927646,,23.515139,7.235,7.235,9.93521,21.1123,26.8403,44.332461,,,33.3731,6.039784,25.31,29.88,31.8787,12.0083,23.562394,25.300035,25.8,19.203605,16.138842,23.8546,,52.2865
2005-11-03,38.7399,35.835,19.70194,51.106376,25.571272,16.374076,10.560735,21.678258,22.626354,,6.895527,50.981482,17.556387,3.0428,10.48,26.907666,6.641251,17.639164,43.401391,19.696732,32.576606,20.942548,20.942548,,15.641358,,,26.111862,26.111862,10.965843,,20.942548,,23.444267,7.09,7.09,9.887324,20.9939,26.4897,44.39265,,,34.0007,6.05388,26.98,29.96,31.885669,12.2762,23.4636,25.102065,21.2,19.122162,16.308775,23.7445,,52.3243
2005-11-04,38.869,35.8609,19.548547,52.1705,25.627507,16.395201,10.538198,21.60403,22.687499,,6.916021,52.043099,17.439265,3.073,10.295,26.884735,6.534031,17.500952,42.855046,19.679954,32.465695,20.987063,20.987063,,15.538473,,,25.833224,25.833224,11.246105,,20.987063,,23.617395,7.2038,7.2038,9.852707,20.9211,26.3236,44.054324,,,34.1957,6.07076,26.98,30.06,32.03926,12.18,23.038785,25.379202,19.34,19.009346,16.559095,23.505,,52.2184
2005-11-07,39.3146,35.8523,19.201314,53.246189,25.430639,16.536004,10.532586,21.641189,22.828143,,6.592757,53.116117,17.442945,3.0479,10.28,26.892411,6.597967,17.362739,42.831908,19.881474,32.628364,21.039029,21.039029,,15.578889,,,25.859842,25.859842,11.264809,,21.039029,,23.633134,6.9625,6.9625,9.874056,20.8938,26.4897,44.024275,,,34.7385,6.097452,26.54,30.09,31.885669,12.0838,23.186976,25.545465,19.78,19.009346,16.675339,23.8675,,52.4605
2005-11-08,39.0268,35.2483,19.185153,52.210094,25.486874,16.30372,10.487511,21.61893,22.705852,,6.465272,52.082563,17.398968,3.0298,10.81,26.747542,6.727818,17.392356,42.33943,19.637963,32.502665,21.328663,21.328663,,15.479694,,,25.660789,25.660789,11.145361,,21.328663,,23.782607,7.0875,7.0875,9.917944,20.7572,26.4344,43.828774,,,34.8318,6.132627,26.8,29.5,31.801951,12.1044,23.216614,25.565282,19.62,19.084586,16.585891,23.6215,,52.5665
2005-11-09,39.2311,35.2914,19.378994,52.196961,25.703833,16.402273,10.504437,21.552152,22.449005,,6.431095,52.069408,17.505141,3.0241,10.94,26.75512,7.022554,17.510824,42.40866,19.906687,32.657941,21.440046,21.440046,,15.494457,,,25.859842,25.859842,11.082619,,21.440046,,23.947819,8.025,8.025,9.822087,20.912,26.6097,43.828774,,,35.1795,6.148779,26.01,29.6,32.30751,12.1869,22.7918,26.095875,19.4,19.159738,16.648543,24.3271,,52.9751
2005-11-10,39.9737,35.1879,19.70194,52.896414,26.029136,16.521951,10.650886,21.893491,22.577473,,5.916634,52.767181,17.66256,2.9505,11.005,27.022026,7.129727,17.856257,42.431798,20.082994,33.153433,21.662906,21.662906,,15.619305,,,26.397177,26.397177,11.139126,,21.662906,,24.168071,8.4238,8.4238,9.916583,20.9848,27.0064,44.272362,,,35.4509,6.194494,26.3,29.52,32.181143,12.4273,23.167217,26.535311,19.15,19.19111,16.720063,25.0392,,53.9363
2005-11-11,40.0944,34.9894,19.709975,52.645622,26.037208,16.486773,10.690349,21.863782,22.4123,,5.889329,52.517051,17.600364,2.8985,11.105,26.938077,7.214267,17.905618,42.362568,20.032567,33.183009,21.759388,21.759388,,15.707518,,,26.145067,26.145067,11.29618,,21.759388,,24.231027,8.435,8.435,9.961833,20.8301,27.0249,44.129538,,,35.7054,6.189566,26.57,29.9,32.089806,12.4617,23.325288,26.547201,19.13,19.09079,16.541166,24.7544,,53.5427
2005-11-14,40.1408,34.6442,19.500064,52.526842,26.153715,16.226293,10.639663,21.886041,22.840408,,5.74587,52.398563,17.578376,2.8091,10.87,27.06779,7.232797,17.826738,41.739219,19.873132,33.05731,21.74458,21.74458,,15.641358,,,25.999071,25.999071,11.123391,,21.74458,,24.356938,8.585,8.585,9.928576,20.9393,27.0341,44.054324,,,35.4085,6.219814,26.65,29.6,31.921349,12.4067,23.710585,26.772914,18.98,18.902911,14.761938,25.0975,,53.4822
2005-11-15,40.1965,34.6442,19.322476,52.262918,26.366548,16.12774,10.526975,21.745036,22.730292,,5.757262,52.135278,17.556387,2.6886,10.805,26.930499,7.203941,17.70827,41.869997,19.679954,32.805822,21.544072,21.544072,,15.597252,,,25.707259,25.707259,11.101421,,21.544072,,23.955642,8.4863,8.4863,9.900678,20.9302,26.9972,44.129538,,,35.0778,6.270456,26.69,29.5,32.153082,12.3243,23.858776,26.646186,18.5,18.677279,14.81553,24.6249,,53.187
2005-11-16,40.0387,34.2128,19.561513,52.012126,26.382692,15.853207,10.577662,21.648548,23.017757,,5.679867,51.885148,17.5125,2.6677,10.7,26.89999,7.183337,17.530568,41.623804,19.142599,32.524848,21.573781,21.573781,,15.479694,,,25.534734,25.534734,10.9318,,21.573781,,24.010775,8.735,8.735,9.83408,20.7481,26.9879,44.114513,,,34.6792,6.285237,26.25,29.33,31.907318,12.2006,23.779741,26.681856,18.15,18.783803,14.618802,24.9745,,52.6876
2005-11-17,40.1037,34.5925,20.055748,53.384668,26.18986,16.022115,10.628348,21.856423,23.262339,,5.852861,53.254288,17.439265,2.6908,10.88,26.838971,7.216295,17.500952,40.892723,19.277008,32.724487,21.551523,21.551523,,15.38059,,,25.488265,25.488265,11.233339,,21.551523,,23.98712,8.9475,8.9475,9.555949,20.8028,27.0894,43.7837,,,35.1965,6.079201,26.74,29.83,32.124929,12.18,23.779741,26.622406,18.32,19.059506,14.833458,24.9162,,53.0206
2005-11-18,40.0758,34.1093,19.861268,53.549706,26.069317,16.015043,10.72411,22.041947,23.182841,,5.912052,53.418865,17.475883,2.835,10.94,26.747542,7.226621,17.728014,41.554574,19.26023,32.961187,21.74458,21.74458,,15.501748,,,25.481678,25.481678,11.365256,,21.74458,,24.097292,8.9925,8.9925,9.482717,20.8574,27.2094,43.994226,,,35.1626,6.147408,26.72,29.98,31.79489,12.338,23.196856,26.309598,18.96,19.216101,14.967534,25.1751,,53.4065
2005-11-21,40.3358,34.2128,19.828855,53.477085,26.20995,15.944687,10.673423,22.984468,23.592596,,6.053221,53.346467,17.461254,2.8841,10.92,26.732288,7.265802,17.728014,41.823906,19.235017,33.168221,21.818804,21.818804,,15.483385,,,25.866429,25.866429,11.333885,,21.818804,,24.309721,9.265,9.265,9.530603,21.0395,27.2832,43.903987,,,35.6799,6.226841,26.91,30.37,31.647431,12.338,23.512997,26.507568,19.71,19.134657,14.949702,25.4729,,52.4303
2005-11-22,40.8649,34.0834,19.78028,53.259321,26.916883,15.508227,10.701572,22.954759,23.7088,,6.121514,53.129271,17.552708,2.812,10.915,27.204982,7.218369,17.777376,42.314718,19.218239,33.279132,21.900573,21.900573,,15.553235,,,26.317592,26.317592,11.22077,,21.900573,,24.498495,9.2688,9.2688,9.731588,20.8483,27.4862,44.633225,,,35.7647,6.310515,26.85,30.37,31.661554,12.3724,23.058544,26.321489,19.72,18.990558,15.021222,25.5635,,52.8011
2005-11-23,40.6514,33.859,19.869394,52.592896,26.912847,15.444852,11.011395,23.110664,23.727152,,6.130616,52.464433,17.614993,2.7766,11.015,27.327019,6.748423,17.866129,42.670309,19.209804,33.390133,22.323847,22.323847,,15.667102,,,26.702344,26.702344,11.359021,,22.323847,,24.569273,9.0813,9.0813,9.770203,21.1578,27.9383,44.806099,,,35.6714,6.283095,26.51,30.0,31.809013,12.4342,22.821438,26.41651,19.72,18.978062,14.761938,25.9973,,52.8768
2005-11-25,40.7257,34.0489,19.869394,52.368468,27.009263,15.444852,11.00008,23.051246,23.672094,,6.005422,52.240612,17.607634,2.8762,11.0,27.220237,6.723669,17.876001,42.268348,19.117479,33.412315,22.361007,22.361007,,15.72219,,,26.111862,26.111862,11.459567,,22.361007,,24.545712,9.2188,9.2188,9.778198,21.2398,27.9567,45.03165,,,35.7138,6.274654,26.66,30.38,31.998562,12.4411,22.762162,26.408583,19.57,18.99685,15.003294,25.9778,,52.8011
2005-11-28,40.8556,33.6865,19.658753,51.537004,27.358783,15.346299,10.96632,22.90279,23.4336,,5.953041,51.411196,17.578376,2.9332,10.945,27.052535,6.709241,18.004341,42.793961,18.890746,33.45668,22.108438,22.108438,,15.714809,,,25.640848,25.640848,11.333885,,22.108438,,24.679446,9.5825,9.5825,9.700968,21.0486,27.6892,44.821124,,,35.2135,6.149507,26.91,29.36,31.60534,12.5304,22.44602,26.460305,19.71,18.840255,14.92281,25.9002,,52.5286
2005-11-29,41.4962,33.3154,19.642501,51.603059,27.696194,15.332246,11.00008,22.59116,23.623124,,5.980346,51.476969,17.644251,2.9757,10.865,26.961008,6.719567,18.091726,42.593027,18.966293,33.521783,22.108438,22.108438,,15.91824,,,25.508206,25.508206,11.340119,,22.108438,,24.647968,9.865,9.865,9.710324,21.1032,27.6799,44.933899,,,35.2135,6.195222,27.09,29.99,31.837074,12.5911,22.78192,26.583664,19.36,18.909114,15.137948,26.4892,,52.6346
2005-11-30,40.605,33.2895,19.099599,51.444685,27.660049,15.135141,10.847744,22.420445,23.354102,,5.923259,51.319017,17.398968,2.9591,11.165,26.473059,6.760776,18.021838,41.912757,18.680884,32.792567,21.492106,21.492106,,15.78511,,,25.873106,25.873106,11.522309,,21.492106,,24.561451,9.7063,9.7063,9.6877,20.8119,27.2186,44.505425,,,35.3576,6.259916,27.06,29.23,31.844042,12.5425,23.335167,26.49221,19.72,18.927902,15.084164,26.1397,,51.9081
2005-12-01,40.4843,33.4535,19.569548,52.1705,27.647941,15.142213,11.299232,22.620779,23.953382,,6.124301,52.043099,17.761374,3.0479,11.22,26.694102,6.853521,18.131606,42.492513,19.562416,33.06786,22.011956,22.011956,,15.840558,,,26.257858,26.257858,11.87422,,22.011956,,24.915436,10.0313,10.0313,9.715598,21.258,27.6799,45.001601,,,38.097,6.434291,27.18,30.08,32.075776,12.6189,22.999267,26.575737,19.58,18.915406,15.379979,27.0719,,52.2259
2005-12-02,40.3822,32.9099,19.367033,52.698446,27.942302,15.064694,11.158119,22.59852,24.00844,,6.092352,52.569669,17.67351,2.9909,10.88,26.5264,6.797884,18.091726,42.732135,19.268572,33.15713,22.078729,22.078729,,15.833177,,,26.284386,26.284386,11.84275,,22.078729,,25.017786,10.345,10.345,9.75821,21.1578,27.7907,45.03165,,,37.215,6.432191,26.9,30.66,31.94941,12.5911,24.184797,26.691071,18.93,18.978062,15.12002,26.8647,,52.2638
2005-12-05,40.475,32.4871,18.969946,51.972533,27.918176,14.945107,11.37264,22.60597,24.051233,,6.122072,51.845587,17.614993,2.9678,10.865,26.373855,6.748423,17.991928,42.832648,18.899182,33.000863,21.952539,21.952539,,15.770258,,,26.264445,26.264445,11.622855,,21.952539,,24.679446,10.5063,10.5063,9.682341,21.1669,27.7076,45.001601,,,37.0623,6.445559,26.76,30.06,31.514096,12.5217,24.332988,26.325056,18.73,18.902911,14.815337,26.5928,,52.1578
2005-12-06,40.2429,32.8754,19.164426,51.451251,28.071365,14.571931,11.276694,22.346218,23.788298,,6.158602,51.325546,17.596685,2.9649,10.865,26.503469,6.655679,17.981957,43.010444,18.957951,32.896715,21.855963,21.855963,,15.729662,,,26.589553,26.589553,11.704598,,21.855963,,24.876136,10.4863,10.4863,9.639814,21.0486,27.4585,44.888825,,,36.8927,6.560894,26.78,30.11,31.514096,12.5147,24.500938,26.412546,19.27,18.645995,14.671912,27.033,,51.6356
2005-12-07,40.1408,33.0393,19.553387,50.738568,28.244825,14.297397,11.129878,22.138434,23.855531,,6.14721,50.614618,17.67351,2.9497,10.84,26.236662,6.680385,17.981957,42.608483,18.991506,32.613937,21.558879,21.558879,,15.603913,,,27.241122,27.241122,11.679462,,21.558879,,24.600751,10.6288,10.6288,9.582571,20.9393,27.1532,44.715137,,,36.4687,6.572976,26.46,30.09,31.668523,12.5147,24.520697,26.158,19.47,18.526976,14.600199,27.2919,,50.9015
2005-12-08,39.9459,34.2214,19.966634,50.151232,28.353708,14.184792,11.276694,22.012238,23.696535,,6.234016,50.028804,17.611314,2.9447,10.805,26.198575,6.630925,17.932009,42.708997,19.18459,32.67345,21.789096,21.789096,,15.485545,,,27.711956,27.711956,11.811379,,21.789096,,23.522962,10.4325,10.4325,9.566581,20.7937,27.107,44.601909,,,36.0022,6.579403,25.9,29.98,31.675585,12.48,24.530576,26.054557,19.57,18.589632,14.806373,27.0848,,51.1664
2005-12-09,40.1315,34.3768,20.096288,50.811189,28.474699,14.170738,11.395177,22.160693,23.696535,,6.37116,50.687016,17.625943,2.9526,10.84,26.221408,6.651529,17.912069,43.033582,19.402888,32.658572,21.699971,21.699971,,15.348725,,,27.641665,27.641665,11.918159,,21.699971,,23.711829,10.5813,10.5813,9.61047,20.9029,27.144,44.549051,,,36.1888,6.590799,25.42,30.34,31.682554,12.4661,24.520697,26.026714,19.59,18.639703,14.779481,27.771,,51.5448
2005-12-12,40.0109,34.1438,20.055748,50.40859,28.281149,14.114436,11.389566,22.294249,23.65983,,6.396298,50.285463,18.010337,2.9476,10.965,26.335768,6.659781,17.96192,43.381492,19.814269,32.628815,21.930187,21.930187,,15.215685,,,27.3254,27.3254,11.87422,,21.930187,,23.460006,10.8338,10.8338,9.650445,21.2124,27.1625,44.78311,,,35.9768,6.617877,25.79,30.5,31.661554,12.5008,24.550335,26.018689,19.8,18.696067,14.886953,27.7775,,51.6054
2005-12-13,40.3915,34.4763,20.007174,50.474644,28.898212,14.212988,11.35001,22.316508,23.696535,,6.364287,50.351333,18.244581,2.949,10.655,26.427295,6.721642,17.981957,45.437665,20.150104,32.680934,21.811448,21.811448,,15.145385,,,26.966996,26.966996,11.792477,,21.811448,,23.633134,10.79,10.79,9.852707,21.1531,26.9219,44.526424,,,36.0446,6.805361,26.09,30.67,31.75986,12.5147,24.698526,26.396693,19.85,18.671075,14.92281,27.9393,,51.8627
2005-12-14,40.7257,36.1039,19.885646,50.764931,28.926465,14.269291,11.259676,22.457514,23.451953,,6.293455,50.641024,18.314136,2.9324,10.865,26.518724,6.68246,18.171486,44.687887,20.116549,33.06786,21.492106,21.492106,,15.193452,,,26.72806,26.72806,11.805045,,21.492106,,23.853386,10.4838,10.4838,9.812816,21.0708,26.9959,44.737855,,,35.858,6.903002,25.99,31.21,31.310423,12.6467,25.212255,26.440488,19.75,18.828114,15.021415,28.386,,52.1957
2005-12-15,40.8463,35.8326,20.088162,50.435051,28.946645,14.332575,11.231527,22.479773,23.402982,,6.270608,50.31187,18.134818,2.944,10.81,26.427295,6.66393,18.221434,44.672431,19.730381,33.060466,21.291598,21.291598,,15.219376,,,26.531263,26.531263,11.553779,,21.291598,,23.979297,10.0125,10.0125,10.197435,20.9612,27.3845,45.002053,,,35.1711,6.942205,26.29,31.39,31.170026,12.6814,24.8072,26.201696,19.32,18.595658,15.039343,28.1141,,52.1957
2005-12-16,41.1063,36.3926,20.30702,51.365498,28.817582,14.4382,11.231527,22.494673,23.299044,,6.398527,51.239993,18.211643,2.9584,10.515,26.541655,6.707214,18.860006,44.726482,19.478434,33.209249,21.135605,21.135605,,15.237828,,,26.573401,26.573401,11.47837,,21.135605,,23.821908,9.685,9.685,10.290571,21.1439,27.255,45.168229,,,34.6198,6.934364,26.2,31.25,31.07869,13.1259,24.718285,26.348935,19.0,18.407159,15.111056,28.2371,,52.1578
2005-12-19,41.097,36.5414,19.901807,51.477614,28.785293,14.501575,11.175045,22.509482,23.06055,,6.318593,51.351952,18.120099,2.964,10.29,26.24424,6.581464,18.710357,44.60283,19.193026,33.008347,21.039029,21.039029,,15.31551,,,26.306313,26.306313,11.264809,,21.039029,,23.766868,9.8375,9.8375,10.192077,21.2079,27.2735,44.956798,,,34.1957,6.910114,25.59,30.92,30.854018,13.0217,25.143099,26.054557,18.99,18.281581,15.057271,27.9846,,51.7946
2005-12-20,40.7442,36.1126,19.658753,51.385295,28.821618,14.593055,11.067785,22.457514,22.797615,,6.295746,51.259773,18.057904,2.9606,10.01,26.137557,6.647427,18.590619,43.837596,19.193026,33.149736,20.860873,20.860873,,15.241519,,,26.09553,26.09553,11.283612,,20.860873,,23.743214,10.435,10.435,10.122927,21.6556,27.6805,44.677394,,,34.2212,6.778969,25.77,31.01,30.88914,12.9384,25.429602,25.974993,19.02,18.237536,15.146912,27.8228,,51.84
2005-12-21,40.9949,35.9813,20.258355,51.405091,28.160158,14.74093,11.005783,22.472414,23.091167,,6.31172,51.279456,18.065263,2.9685,10.395,26.176038,6.719567,18.780245,43.853053,19.85626,32.881836,20.920195,20.920195,,15.237828,,,26.123592,26.123592,11.258475,,20.920195,,24.065815,10.4513,10.4513,10.156184,21.5734,27.477,44.730252,,,34.3908,6.767573,25.46,31.07,30.90317,13.0703,25.281411,26.05852,18.99,18.394663,15.299302,27.9717,,51.454
2005-12-22,40.7071,36.2176,20.039587,51.94617,28.103654,14.501575,11.028321,22.464964,23.115607,,6.323113,51.819278,18.339805,2.9829,10.445,26.352892,6.711316,18.860006,43.698396,19.990669,33.008347,21.27962,21.27962,,15.263752,,,26.299275,26.299275,11.748538,,21.27962,,24.097292,10.57,10.57,10.226694,21.5185,27.3567,44.715137,,,34.4502,6.853089,25.29,31.15,30.994414,13.1259,25.311049,26.356861,18.85,18.33183,15.335158,28.2759,,51.7946
2005-12-23,40.5679,36.1651,20.420421,52.071516,28.434428,14.325594,11.022709,22.524292,23.10952,,6.394007,51.944392,18.178705,2.9613,10.415,26.037566,6.744274,18.969774,43.358261,20.385273,32.837202,21.025071,21.025071,,15.215685,,,26.35549,26.35549,11.698265,,21.025071,,24.050076,10.6988,10.6988,10.228055,21.5734,27.1902,44.707624,,,34.4247,6.824598,25.44,31.08,31.09272,13.2023,25.538276,26.368851,18.83,18.413451,15.451691,28.4766,,51.7794
2005-12-27,40.4472,35.9026,20.20978,51.932939,28.38196,14.205916,10.937987,22.442705,22.895466,,6.288873,51.806123,18.211643,2.9649,10.535,26.029889,6.727818,18.939864,43.327348,20.074558,32.621421,20.890298,20.890298,,15.149075,,,26.257136,26.257136,11.616621,,20.890298,,24.160248,10.4,10.4,10.107022,21.5277,27.0607,44.692509,,,34.4502,6.767573,25.42,31.0,31.10675,13.1814,25.923573,26.71495,18.71,18.407159,15.460656,27.9911,,51.2345
2005-12-28,40.3915,35.6138,20.420421,51.998994,28.353708,14.241094,10.796874,22.435255,23.268516,,6.302557,51.871993,18.25921,2.975,10.555,26.114429,6.752525,18.979842,43.296435,20.318069,32.569302,21.122401,21.122401,,15.078865,,,26.517186,26.517186,11.742204,,21.122401,,24.152332,10.2525,10.2525,10.107022,21.3723,26.7831,44.798225,,,34.2636,6.811745,25.06,30.71,31.303362,13.2092,25.567914,26.667192,18.48,18.513948,15.469523,28.1788,,51.2194
2005-12-29,40.2058,35.8238,20.396134,51.992329,28.164194,14.262219,10.881597,22.450155,23.250163,,6.304848,51.865367,18.270249,2.9151,10.65,26.183714,6.766953,18.929894,42.886792,20.326504,32.353522,21.204736,21.204736,,15.012255,,,26.299275,26.299275,11.754772,,21.204736,,24.389719,9.9375,9.9375,10.100302,21.5185,26.6351,44.956798,,,34.1533,6.778241,24.95,31.08,31.141873,13.1745,25.656829,26.663228,18.63,18.312954,15.487451,27.9976,,50.894
2005-12-30,39.8809,35.7276,19.982887,51.484278,27.958446,14.276272,10.819503,22.226199,23.030022,,6.297975,51.358481,18.054224,2.9288,10.58,25.937574,6.73607,18.860006,42.708997,20.115987,32.160104,21.069964,21.069964,,14.905049,,,26.039225,26.039225,11.704598,,21.069964,,24.46888,9.8513,9.8513,10.049184,21.2536,26.4686,44.609421,,,33.848,6.79465,25.0,30.6,30.896109,13.1259,25.913693,26.651338,18.72,18.174703,15.326194,28.0688,,50.3188
2006-01-03,40.54,36.2701,19.755993,51.734972,28.757041,14.445272,10.875893,22.397914,23.268516,,6.531089,51.608611,18.149447,2.9113,10.48,26.022114,6.812312,18.909954,42.399775,20.259112,32.532152,21.002625,21.002625,,15.123241,,,26.770199,26.770199,11.936962,,21.002625,,24.698351,10.365,10.365,10.084142,21.7653,26.5889,45.122884,,,33.9583,6.878067,24.95,30.07,31.865134,13.1606,25.676588,26.71495,18.6,18.507745,14.976594,28.0364,,51.3481
2006-01-04,40.7721,36.5676,21.003862,51.523872,28.744933,14.494503,10.825115,22.308331,23.213458,,6.526507,51.397944,18.299507,2.8754,10.55,26.006761,6.890628,18.760305,42.361087,20.368589,32.814839,20.92774,20.92774,,15.093627,,,26.76316,26.76316,12.043842,,20.92774,,25.410607,10.2963,10.2963,10.156779,21.7013,26.6536,45.100256,,,33.9667,7.040574,25.18,30.43,31.96344,13.0564,25.903814,26.595554,18.62,18.055418,15.066235,28.4831,,51.4691
2006-01-05,40.0387,36.1039,20.5015,51.306108,27.930194,14.417075,10.92106,22.487496,23.231811,,6.489977,51.180749,18.200694,2.8278,10.65,25.999085,6.913307,18.810156,42.376544,20.595885,32.933956,20.845406,20.845406,,15.167618,,,26.770199,26.770199,12.02494,,20.845406,,25.276034,10.18,10.18,10.131262,21.7653,26.9682,44.835967,,,34.0007,6.989933,25.13,30.36,32.447999,13.0912,24.747923,26.639349,18.7,18.017665,15.021415,28.5092,,51.174
2006-01-06,40.8278,36.1826,21.109228,51.075113,28.067329,14.381897,11.00008,22.621869,23.237898,,6.428246,50.950399,18.329663,2.8314,10.675,25.96828,6.894777,18.860006,42.051865,19.939118,33.038104,20.718084,20.718084,,15.311819,,,27.002096,27.002096,12.150622,,20.718084,,25.006983,10.7075,10.7075,10.214616,22.1582,27.181,45.002053,,,33.9922,7.011312,25.0,30.65,32.160051,13.1259,25.834658,27.053123,18.84,17.936044,15.066235,28.8099,,51.5978
2006-01-09,40.6885,36.0951,21.368535,51.444685,28.281149,14.473378,10.898523,22.711451,23.225634,,6.373389,51.319017,18.333343,2.8639,10.575,26.283705,6.880349,18.840066,42.090553,20.05703,33.194371,20.605758,20.605758,,15.38572,,,27.030249,27.030249,12.28254,,20.605758,,24.730015,11.2663,11.2663,10.245577,22.2404,27.3105,44.775597,,,34.0685,7.095457,25.57,30.99,32.300541,13.112,25.854417,27.379306,18.9,18.275289,15.084164,28.7315,,51.2724
2006-01-10,40.0573,36.0513,21.230756,51.27308,28.204465,14.325594,10.988765,22.733892,23.219546,,6.300266,51.147814,18.377589,2.8127,10.63,26.276029,6.863847,18.690417,41.866388,20.789531,33.097617,20.575766,20.575766,,15.400573,,,27.198894,27.198894,12.452161,,20.575766,,24.334307,11.3925,11.3925,10.232053,22.2678,27.0607,44.624536,,,34.1109,7.024165,25.72,31.01,31.928318,13.0078,25.80502,27.271899,18.92,18.281581,15.012451,28.7315,,51.1437
2006-01-11,40.0201,36.2351,21.684543,50.870579,28.728789,14.248166,11.011395,22.450155,23.152313,,6.284292,50.74626,18.499198,2.8148,10.705,26.183714,6.851493,18.510761,41.734961,20.755882,32.881836,20.83041,20.83041,,15.407954,,,26.826414,26.826414,12.552707,,20.83041,,23.954432,11.5681,11.5681,10.284532,22.3683,27.1532,44.443336,,,34.0855,7.113966,26.25,30.93,31.935379,12.8828,25.854417,27.54646,18.87,18.19358,15.057271,28.7838,,50.4598
2006-01-12,39.3703,36.1651,21.94385,51.075113,28.575599,14.3537,10.94369,22.621869,23.078902,,6.254572,50.950399,18.418155,2.8459,10.9,26.229871,6.878275,18.550739,41.889526,20.402238,32.725569,21.639045,21.639045,,15.322891,,,26.87559,26.87559,12.414457,,21.639045,,24.286811,11.5188,11.5188,10.268371,22.2678,27.2827,44.42822,,,33.9243,7.154582,25.95,30.65,31.879165,12.9106,26.219955,27.323621,19.01,18.124454,15.137948,28.7184,,50.3762
2006-01-13,39.5931,35.8588,21.70883,51.438021,28.627978,14.445272,10.988765,22.718901,23.127783,,6.282001,51.312391,18.414476,2.8812,10.89,26.15291,6.878275,18.560709,42.090553,20.41911,32.561908,21.489277,21.489277,,15.274824,,,26.791313,26.791313,12.741231,,21.489277,,24.413468,13.0388,13.0388,10.280534,22.3409,27.4678,44.322505,,,33.4664,7.1874,26.44,29.86,31.661554,12.9175,25.834658,27.391295,18.9,18.099374,14.833265,28.8165,,50.7865
2006-01-17,39.2775,35.4476,21.700795,51.226921,28.482771,14.466397,10.977542,22.66666,23.176753,,6.190613,51.101724,18.24494,2.848,11.16,26.114429,6.880349,18.710357,42.569796,20.393803,32.554424,21.55671,21.55671,,15.171308,,,26.76316,26.76316,12.898285,,21.55671,,24.278895,12.365,12.365,10.194458,22.1033,27.0607,44.118677,,,33.2967,7.062639,26.01,29.64,31.59131,13.0217,25.844538,26.500136,18.86,17.936044,14.779481,28.7772,,50.3458
2006-01-18,38.9711,35.8763,22.673196,51.754769,28.200428,14.564949,10.830818,22.621869,23.219546,,6.208878,51.628391,18.392308,2.8372,11.12,26.068272,7.039717,18.660507,42.593027,20.856923,32.554424,21.758822,21.758822,,15.093627,,,26.650731,26.650731,12.747466,,21.758822,,24.263063,11.9238,11.9238,10.203814,22.1033,26.7924,44.088446,,,33.5427,7.029135,25.82,29.9,31.59131,12.987,25.844538,25.943187,18.99,18.105667,14.851193,29.0257,,50.741
2006-01-19,39.0547,36.3139,22.778562,51.860417,28.212537,14.628324,10.774336,22.696551,23.201193,,6.151729,51.733725,18.373909,2.9512,11.15,26.145233,6.952772,18.610559,42.639396,20.83171,32.599059,21.766367,21.766367,,15.134313,,,27.191855,27.191855,12.942224,,21.766367,,24.453048,12.0625,12.0625,10.162137,22.012,26.6351,44.043191,,,33.8141,7.078319,26.19,29.3,31.612402,12.9523,25.686467,25.835681,18.84,18.400867,14.779481,29.4114,,50.9841
2006-01-20,38.3584,35.3951,22.300397,51.160866,28.260969,14.586074,10.779948,22.696551,22.974964,,6.078607,51.035952,18.145409,2.9166,10.95,25.84526,6.905198,18.490821,42.067322,20.755882,32.24189,21.534264,21.534264,,14.823677,,,26.777237,26.777237,13.0113,,21.534264,,24.128584,11.9375,11.9375,10.065345,21.7378,26.2373,43.250325,,,33.1017,7.023436,26.11,28.83,31.141873,12.8689,25.518517,25.883439,18.89,18.218748,14.564342,29.7644,,49.9962
2006-01-23,38.4234,35.9638,22.640783,51.27308,28.515059,14.691608,10.791262,22.606969,23.195106,,6.112908,51.147814,18.01267,2.8625,11.11,25.791426,7.056267,18.341172,41.387145,21.564211,32.093107,21.474281,21.474281,,14.975349,,,27.276223,27.276223,13.256331,,21.474281,,24.730015,11.4225,11.4225,10.027665,21.5916,25.9968,43.416411,,,33.0508,7.033419,26.15,28.85,31.113812,12.7647,25.903814,25.589062,18.93,18.243828,14.770517,30.0193,,48.9323
2006-01-24,38.9711,36.9176,22.964916,51.543669,28.660266,14.860608,10.830818,22.547187,23.164488,,6.096934,51.417725,17.972194,2.9425,11.17,25.883741,6.998319,18.211464,41.820018,21.934726,32.100501,21.444384,21.444384,,15.123241,,,27.718994,27.718994,13.22496,,21.444384,,24.880326,11.7988,11.7988,9.98063,21.8658,26.1355,43.824158,,,33.4918,7.077634,26.13,28.86,30.88914,12.6745,25.992729,25.155372,18.98,18.294077,14.187947,30.5227,,48.8411
2006-01-25,38.5441,37.1451,22.673196,51.04875,28.773185,14.909839,10.712243,22.435255,23.237898,,6.108326,50.923992,17.927947,2.8811,10.96,25.875966,6.934148,18.331202,40.428566,22.448367,32.3684,21.534264,21.534264,,15.211994,,,27.592488,27.592488,13.683552,,21.534264,,24.532115,11.4113,11.4113,9.932148,21.9206,25.9875,43.522126,,,33.4324,7.120392,25.96,27.5,30.762681,12.7578,25.884055,24.988317,19.05,18.080498,13.883167,30.8496,,49.0159
2006-01-26,39.064,36.5239,23.045904,50.441617,28.490843,14.569301,10.779948,22.412814,22.968787,,6.297975,50.318398,17.78785,2.9512,11.01,26.12988,7.014869,18.550739,39.949323,22.507323,32.480032,21.781268,21.781268,,15.326582,,,27.704918,27.704918,13.821803,,21.781268,,24.453048,11.5313,11.5313,9.91871,22.1125,26.1263,43.340925,,,33.8734,7.064781,26.27,27.41,30.790835,12.9106,25.884055,24.80531,19.25,18.199872,13.901096,31.2091,,49.2059
2006-01-27,38.8504,35.5701,23.394416,50.685744,28.744933,14.840299,10.926764,22.397914,22.76091,,6.364287,50.562,17.972194,2.9353,11.12,26.160586,7.033493,18.560709,39.949323,22.439931,32.554424,21.931036,21.931036,,15.51885,,,27.550349,27.550349,13.294036,,21.931036,,24.658771,11.7,11.7,10.050545,22.2769,26.3576,43.944988,,,33.9159,7.169577,26.3,27.54,30.713528,12.9175,25.903814,24.920742,19.3,18.294077,13.775598,31.5164,,49.1147
2006-01-30,38.999,34.4325,23.28905,50.705541,28.67641,14.818902,11.237138,22.427805,22.80979,,6.284292,50.581683,17.997951,2.8581,11.25,26.145233,7.029391,18.331202,39.933866,20.924315,32.502305,22.462675,22.462675,,15.437478,,,28.344486,28.344486,13.319172,,22.462675,,24.286811,11.0038,11.0038,9.940228,22.3866,27.1717,43.522126,,,33.4155,7.191641,25.95,27.15,30.678499,12.7578,26.022367,24.809273,19.45,18.093082,12.789741,31.0391,,48.9475
2006-01-31,38.4698,34.0738,25.525572,49.46501,28.603762,14.78327,11.141193,22.345672,23.195106,,6.286583,49.344186,17.916819,2.7629,11.655,26.106752,6.940372,18.241374,39.578275,22.962008,31.921961,22.043362,22.043362,,15.300658,,,29.145661,29.145661,13.608143,,22.043362,,23.907029,10.975,10.975,9.729122,22.3775,26.8294,43.17484,,,33.3307,7.208051,25.9,26.84,30.545071,12.6953,26.368146,24.864958,19.65,18.250121,12.843525,30.8888,,48.6055
2006-02-01,38.4327,34.4763,24.464057,50.593425,28.12787,14.961608,11.129878,22.427805,23.231811,,6.14721,50.469821,17.961065,2.9216,11.31,26.15291,6.956921,18.231404,40.204401,23.408257,32.494911,21.901139,21.901139,,15.345034,,,29.388206,29.388206,12.552707,,21.901139,,24.073172,11.2075,11.2075,9.885113,22.6333,26.8942,43.242813,,,31.3885,7.378398,25.64,26.79,30.825957,12.6884,25.884055,24.8928,19.61,18.180995,12.977987,31.1634,,48.8259
2006-02-02,38.1542,33.9688,24.512632,52.144137,28.373888,14.790433,11.045247,22.27844,23.286779,,6.368869,52.01679,17.839455,2.8459,11.11,26.083723,7.132886,18.091726,39.817897,22.734619,32.532152,21.901139,21.901139,,15.245209,,,28.998131,28.998131,12.383086,,21.901139,,24.120668,10.8413,10.8413,9.687359,22.3683,26.5241,43.378668,,,31.3461,7.243697,25.02,26.99,30.783773,12.5911,25.992729,24.964438,20.16,18.08679,12.915238,30.5292,,49.4339
2006-02-03,37.9964,33.6975,24.310025,51.635988,28.248861,15.082827,10.853356,22.181408,23.561979,,6.236307,51.509904,17.529822,2.8603,11.81,26.075948,7.192908,17.512877,39.833353,22.962008,32.212133,21.773817,21.773817,,15.11586,,,29.026193,29.026193,12.508768,,21.773817,,24.223483,10.8763,10.8763,9.643046,22.2038,26.7831,43.29567,,,32.4062,7.189499,25.19,26.72,30.545071,12.1883,26.002608,24.88091,20.7,17.936044,12.816633,30.4835,,49.1907
2006-02-06,37.8293,33.5313,24.180372,52.776261,27.821311,14.897417,10.915449,22.099276,23.727152,,6.277419,52.647329,17.507744,2.8322,11.995,25.922123,7.114214,17.822241,39.47008,22.726277,32.06335,21.541714,21.541714,,15.138003,,,29.356535,29.356535,12.697193,,21.541714,,24.318475,10.0738,10.0738,9.600008,22.2038,26.7369,42.865205,,,31.7786,7.254365,25.23,26.22,30.404581,12.4036,25.933452,24.8928,20.68,18.080498,12.637351,30.7188,,49.1679
2006-02-07,37.8106,33.785,24.301991,52.206174,27.434122,14.733405,10.94369,21.837979,23.623124,,6.215751,52.078665,17.507744,2.799,11.955,26.15291,7.068714,17.492936,39.493218,22.75149,31.765694,21.72138,21.72138,,15.171308,,,29.138713,29.138713,12.57151,,21.72138,,24.342223,10.0763,10.0763,9.555609,21.9023,26.8387,42.933178,,,31.7023,7.04126,25.51,26.0,30.306275,12.1744,26.012488,24.972365,20.56,17.866919,12.619423,30.405,,48.256
2006-02-08,38.0255,33.7413,24.812478,51.722231,27.490626,14.71908,10.983154,21.763297,23.488658,,6.24547,51.595846,17.411892,2.8242,11.83,26.537521,7.06664,17.612675,39.307741,23.037742,31.728453,21.564161,21.564161,,15.245209,,,29.272167,29.272167,12.812187,,21.564161,,24.793343,10.5375,10.5375,9.595925,21.9206,26.6814,43.250325,,,32.1603,7.297851,25.75,26.1,30.025389,12.2578,25.933452,25.250889,20.65,17.873211,12.673207,30.3985,,47.1996
2006-02-09,37.876,34.1525,25.363506,52.093469,27.547041,14.669214,11.338695,21.725956,23.45804,,6.247699,51.966219,17.415572,2.835,11.795,27.106763,7.081115,17.652653,39.23814,23.290345,31.944234,21.743826,21.743826,,15.160147,,,29.145661,29.145661,12.881857,,21.743826,,25.006983,10.4688,10.4688,9.659121,22.0577,26.7276,43.574984,,,32.3044,7.327071,25.55,26.5,29.580226,12.2855,25.785261,25.063918,20.6,17.910875,13.013843,30.0324,,48.1952
2006-02-10,37.7732,34.3188,24.893466,51.768587,27.50677,14.597861,11.169434,21.845429,23.464128,,6.204296,51.642131,17.511423,2.7521,11.81,27.183626,7.074891,17.872189,39.933866,23.11357,32.003837,21.728925,21.728925,,15.219376,,,29.30032,29.30032,12.033253,,21.728925,,25.252286,10.4713,10.4713,9.66584,22.2952,26.8017,43.74116,,,31.4987,7.297166,25.62,26.21,29.50961,12.4383,25.992729,25.155372,20.8,18.061621,13.031771,29.3787,,47.7924
2006-02-13,37.9134,34.1,24.917845,51.430474,27.563185,14.583626,11.084711,21.987253,22.999404,,6.282001,51.304888,17.563029,2.7737,11.79,27.122116,7.108038,17.532817,39.864266,22.734619,31.959112,21.624049,21.624049,,15.064012,,,29.033231,29.033231,11.849578,,21.624049,,25.070311,10.2963,10.2963,9.582486,22.3135,26.4593,43.491986,,,32.1942,7.194512,25.46,26.12,29.39653,12.2022,26.575614,25.246926,20.6,17.46484,13.067531,28.0712,,48.0052
2006-02-14,38.2872,34.555,25.039372,51.669211,27.48659,14.62642,11.152507,22.353122,22.993316,,6.448803,51.542936,17.563029,2.799,11.93,27.383608,7.105963,17.812271,40.281683,23.063049,32.070744,21.81871,21.81871,,15.285895,,,29.468965,29.468965,11.81791,,21.81871,,25.181042,10.1638,10.1638,9.762718,22.2495,26.5981,43.756185,,,32.1433,7.339196,25.89,26.34,29.933587,12.3967,26.64477,25.342442,20.62,17.722376,13.210957,28.0777,,47.8
2006-02-15,38.9507,34.3975,24.876757,51.364224,27.676104,14.690611,11.090414,22.315781,22.968787,,6.476231,51.238726,17.684638,2.8538,11.955,27.775897,7.093515,17.95195,40.428566,23.037742,32.576786,22.028367,22.028367,,15.285895,,,29.398764,29.398764,12.242262,,22.028367,,25.426439,10.7738,10.7738,9.874311,22.1399,26.8202,43.703327,,,32.72,7.455388,26.29,26.34,30.025389,12.4939,26.674408,25.270805,21.5,17.508797,13.184064,28.3523,,48.3548
2006-02-16,39.0629,33.995,24.852379,51.496823,27.857635,14.690611,11.112952,22.741342,23.115607,,6.547063,51.37105,17.905779,2.8733,11.995,28.01436,7.18461,17.882159,40.969727,22.869403,33.06786,21.893594,21.893594,,15.378339,,,29.41275,29.41275,12.976861,,21.893594,,25.758725,11.245,11.245,9.844797,22.2587,26.9312,44.322505,,,32.3214,7.44185,26.45,27.0,29.983019,12.4453,27.049826,25.179251,21.51,17.57163,13.139244,28.2216,,49.2287
2006-02-17,38.7825,33.2862,24.454014,51.821607,27.647941,14.697683,11.062173,22.883166,23.13396,,6.489977,51.695041,18.038518,2.8653,11.915,28.229793,7.217709,17.832211,41.472109,22.482016,33.112495,22.125697,22.125697,,15.45233,,,29.237067,29.237067,13.173203,,22.125697,,26.035786,11.4013,11.4013,9.800398,22.4506,27.1162,44.488681,,,32.3129,7.441121,26.0,26.94,27.029206,12.4106,25.034426,25.159435,21.51,17.559046,13.139244,27.9993,,48.2712
2006-02-21,38.5676,33.3212,25.356384,51.311204,27.849563,14.669214,11.10734,22.704001,22.901553,,6.377971,51.185816,18.008991,2.9274,11.78,28.291304,7.165985,17.782361,40.900127,22.945137,33.298519,22.118246,22.118246,,15.474474,,,29.068422,29.068422,13.27454,,22.118246,,26.035786,11.4375,11.4375,9.710239,22.3044,27.2735,44.42822,,,32.2875,7.427583,26.05,26.87,26.697122,12.3758,25.143099,25.179251,21.66,17.65334,12.852489,27.4436,,48.4155
2006-02-22,38.9694,33.9775,25.218239,52.146489,28.256933,14.925886,11.073488,23.114662,23.36019,,6.570653,52.019129,17.986912,2.9223,11.9,28.160508,7.18461,17.922039,41.199076,23.079921,33.454786,22.342899,22.342899,,15.559536,,,28.920802,28.920802,13.217538,,22.342899,,25.996206,11.4213,11.4213,9.868952,22.2587,27.292,44.549051,,,32.9575,7.527366,25.7,27.11,27.467399,12.4731,25.508638,25.406054,21.98,17.81667,12.735956,27.7443,,48.8031
2006-02-23,39.1937,34.2138,25.193769,52.040449,28.301329,14.712008,11.090414,23.144462,23.237898,,6.527064,51.913308,18.104842,2.9187,11.76,28.622082,7.205309,17.802301,40.62441,22.743055,33.558934,22.589997,22.589997,,15.541083,,,28.70289,28.70289,13.363211,,22.589997,,26.35224,12.1175,12.1175,9.868952,22.1947,27.1902,45.047399,,,32.8896,7.601486,25.5,27.15,27.594602,12.3897,25.933452,25.354332,21.99,17.665835,12.691135,28.3,,48.8031
2006-02-24,39.0815,34.1875,25.169391,51.563073,28.071365,14.940211,11.050858,23.256485,23.237898,,6.490348,51.437115,18.300225,2.949,11.825,28.868221,7.132886,17.872189,40.73316,23.155655,33.432514,22.679783,22.679783,,15.614984,,,28.695942,28.695942,14.066241,,22.679783,,26.407652,11.81,11.81,9.743921,21.9754,27.2272,44.956798,,,33.0338,7.507401,25.5,27.0,27.94787,12.4383,25.844538,25.258419,21.92,17.942336,12.646315,27.6136,,49.1679
2006-02-27,39.3899,34.555,25.925489,51.868061,28.309401,15.253912,11.146804,23.174353,23.225634,,6.444468,51.741325,18.233811,2.9692,11.835,28.922055,7.037642,18.131997,40.360354,23.265132,33.37823,22.612443,22.612443,,15.725881,,,28.745119,28.745119,14.129577,,22.612443,,26.312753,11.7625,11.7625,9.78024,22.0759,27.2735,44.934171,,,33.2713,7.550159,26.35,26.93,28.258769,12.6192,26.407664,25.17836,22.27,18.030249,12.646315,27.3456,,48.8411
2006-02-28,38.8199,34.0213,25.787253,51.41058,28.377924,14.997239,11.090414,23.241585,22.913818,,6.306891,51.28501,18.152768,2.9584,11.67,29.129714,7.126662,17.829279,39.723584,22.70097,33.176066,22.530109,22.530109,,15.51885,,,28.210942,28.210942,13.768561,,22.530109,,25.980374,11.6675,11.6675,9.669923,21.8566,27.1625,44.632139,,,32.7539,7.56584,26.73,26.43,27.926685,12.4085,26.022367,25.090472,22.55,17.753837,12.161001,26.5872,,48.2864
2006-03-01,38.8199,34.66,25.36451,52.05368,30.652718,15.225443,11.259676,23.174353,23.152313,,6.499512,51.92656,18.067955,3.0089,11.835,28.95286,7.07904,17.728405,39.925444,22.608365,33.18355,22.19313,22.19313,,15.644599,,,28.393663,28.393663,13.97757,,22.19313,,25.956626,11.9313,11.9313,9.690081,22.1033,27.181,44.737855,,,32.8048,7.584391,26.8,26.99,28.421372,12.3383,26.210076,25.014475,22.92,18.023957,12.394646,26.3977,,47.7696
2006-03-02,38.661,34.695,25.96612,51.868061,30.846267,15.025708,10.988765,23.166903,23.072815,,6.384843,51.741325,18.12692,2.8956,11.63,28.729749,7.068714,17.617367,39.770139,22.945137,33.146129,22.118246,22.118246,,15.496707,,,28.042297,28.042297,13.863565,,22.118246,,25.932877,12.3713,12.3713,9.630883,21.9937,27.2272,44.760482,,,32.7794,7.562284,26.75,27.23,28.463742,12.261,26.150799,25.89414,24.81,17.879503,12.24187,25.757,,47.7772
2006-03-03,38.5208,35.4826,26.234375,51.775251,31.064033,15.06143,11.022709,23.137012,23.103343,,6.394069,51.648757,17.997951,2.9072,11.52,29.406658,7.045941,17.617367,39.785688,22.684098,33.116102,22.230572,22.230572,,15.456021,,,28.014145,28.014145,13.926901,,22.230572,,25.996206,12.3488,12.3488,9.698161,21.884,27.3382,44.911453,,,32.3638,7.624279,26.7,27.34,28.315355,12.261,26.239714,26.030083,25.07,17.628171,11.990201,25.7831,,47.686
2006-03-06,38.689,35.7013,26.136861,51.828271,31.019548,14.840299,11.062173,23.137012,22.815967,,6.263302,51.701667,17.964744,2.9144,11.565,29.429688,6.992095,17.647668,39.925444,22.482016,33.101133,22.073354,22.073354,,15.511469,,,27.986082,27.986082,13.939569,,22.073354,,25.893297,12.9125,12.9125,9.616083,21.8658,27.4308,45.062514,,,32.3808,7.498146,25.75,27.03,28.449619,12.2821,26.417543,26.138085,25.17,17.351759,11.828365,25.3713,,47.9064
2006-03-07,38.9694,35.7888,25.795379,51.974101,31.096411,14.81183,11.169434,23.301277,22.724204,,6.274757,51.847146,17.990592,2.887,11.415,29.237382,6.992095,17.576998,40.1895,22.254721,33.318266,22.170684,22.170684,,15.456021,,,28.084436,28.084436,13.920568,,22.170684,,25.94871,12.5863,12.5863,9.655124,21.7744,27.3567,45.122884,,,32.2536,7.496733,26.28,27.1,28.760517,12.2329,26.29899,26.186041,26.05,17.433468,11.828365,24.9268,,48.3927
2006-03-08,39.418,36.1039,25.665361,52.312214,31.294804,14.797505,11.225824,23.480441,22.871025,,6.325218,52.184486,18.045877,2.8855,11.27,29.006693,7.004543,17.688037,40.872916,22.330455,33.655237,22.18568,22.18568,,15.614984,,,28.416943,28.416943,13.629222,,22.18568,,26.257341,12.5613,12.5613,9.770799,21.9663,27.3939,45.365541,,,32.4486,7.689316,26.9,27.19,28.506112,12.3102,26.684288,27.18966,26.1,17.50862,11.828365,25.5674,,48.8715
2006-03-09,40.1282,35.9288,26.193744,52.279088,31.54172,14.804667,11.231527,23.741738,22.828143,,6.192222,52.151356,17.994272,2.8358,11.29,29.329696,7.019018,17.71824,40.500203,22.56628,33.797438,22.530109,22.530109,,15.677814,,,28.303791,28.303791,13.401212,,22.530109,,26.447232,12.2813,12.2813,9.794954,21.9389,27.3846,45.50212,,,32.3129,7.706625,27.0,28.1,28.449619,12.3312,26.348388,27.297562,26.63,17.599546,12.259799,25.4171,,49.8594
2006-03-10,40.1376,35.4563,26.193744,52.736471,31.906038,14.847461,11.412103,23.891102,22.889288,,6.311473,52.607671,18.005311,2.8726,11.44,29.368177,7.039717,17.960453,40.709837,23.155655,33.902307,22.889439,22.889439,,15.814634,,,28.678708,28.678708,13.470882,,22.889439,,26.708368,13.175,13.175,9.933509,22.1125,27.4866,45.759892,,,32.737,7.769391,27.0,28.12,28.442557,12.4998,26.990549,27.293599,26.25,17.820126,12.268859,25.4367,,50.7258
2006-03-13,39.8292,35.6338,27.193719,52.716577,31.958686,14.954446,11.400789,23.659605,22.638619,,6.254139,52.587793,17.968424,2.9274,11.6,29.437364,7.037642,17.859482,40.577855,23.383044,33.92476,22.459469,22.459469,,15.825796,,,28.282496,28.282496,13.464548,,22.459469,,26.819192,13.8625,13.8625,9.993303,22.1171,27.6258,45.873663,,,32.7455,7.768663,27.01,28.07,28.371848,12.4296,26.842358,27.029739,26.62,17.735758,11.738532,25.4694,,50.3002
2006-03-14,40.4927,35.8735,28.006701,53.001669,32.497092,14.797505,11.468585,24.010575,22.730292,,6.274757,52.872223,18.031158,2.8855,12.005,29.422011,6.958996,18.222803,41.315601,23.820858,34.126924,22.730994,22.730994,,15.937592,,,28.86973,28.86973,13.654556,,22.730994,,26.953765,13.8675,13.8675,10.123863,22.4202,27.7371,45.828137,,,33.0762,7.887683,27.3,28.2,28.357725,12.6824,26.723805,27.365534,26.52,17.904494,11.918295,25.8224,,50.8169
2006-03-15,40.5207,35.8646,27.681472,53.452486,32.480858,14.555067,11.451567,23.853761,22.846495,,6.199095,53.321912,18.082764,2.8863,12.135,29.183548,6.89275,18.152132,40.93502,24.006068,34.216735,22.738539,22.738539,,15.915269,,,29.067791,29.067791,13.743227,,22.738539,,26.866688,14.175,14.175,10.043656,22.411,27.7464,45.547556,,,33.0593,7.872516,27.2,27.95,28.26583,12.6332,26.63489,27.477498,26.51,17.865589,11.630673,23.9592,,50.8473
2006-03-16,40.502,35.9001,28.152973,54.247982,33.035408,13.906088,11.711991,23.958243,23.280691,,6.332091,54.115469,18.053237,2.8892,12.695,29.029723,6.880349,18.212637,40.779715,24.797619,33.842433,22.836624,22.836624,,15.900327,,,29.103162,29.103162,13.787562,,22.836624,,27.119908,14.2063,14.2063,10.047738,22.5671,28.1916,45.426273,,,33.6699,7.851608,26.74,28.01,28.26583,12.6753,26.407664,27.729468,26.36,17.735758,11.828365,23.9135,,50.133
2006-03-17,40.4833,36.0687,28.665195,54.327561,33.156847,14.006,11.751547,24.115057,23.329662,,6.306891,54.194883,18.182206,2.887,12.715,29.475845,6.867902,18.343812,41.828163,25.024915,34.052082,22.829079,22.829079,,15.937592,,,29.435578,29.435578,14.129577,,22.829079,,27.199068,14.4588,14.4588,10.000107,22.5763,28.2102,45.547556,,,33.8056,7.85088,26.85,28.11,28.287108,12.7666,25.953211,27.96935,26.49,18.086258,12.008129,23.9919,,50.8093
2006-03-20,41.0721,36.2285,28.453823,54.360687,33.092092,14.084426,11.728917,23.935893,23.482481,,6.318345,54.227916,18.189655,2.8928,12.8,29.414335,6.830653,18.23287,42.216426,24.881789,33.909791,22.979979,22.979979,,15.974858,,,29.371965,29.371965,14.281583,,22.979979,,26.953765,14.3675,14.3675,10.005551,22.5212,28.3308,45.395862,,,33.6529,7.855207,26.74,28.7,28.202276,12.6894,25.735864,28.209231,25.98,18.469106,12.178929,24.0573,,49.943
2006-03-21,40.4646,36.5213,28.39694,54.029238,32.833068,14.255601,11.745935,23.81642,23.849443,,6.286273,53.897202,18.138049,2.8206,12.195,29.368177,6.886526,18.253006,41.727187,24.797619,33.812496,22.972434,22.972434,,15.92265,,,29.039458,29.039458,13.648223,,22.972434,,27.626347,14.0088,14.0088,9.851941,22.4753,28.4699,45.145602,,,32.8642,7.719606,26.8,28.53,28.166967,12.7034,25.735864,27.993328,26.17,18.280872,12.259799,23.7239,,49.867
2006-03-22,40.8384,36.3438,28.657069,54.320897,32.707503,14.448082,11.808213,24.107607,23.867796,,6.377971,54.188257,18.421835,2.8444,12.53,29.275174,6.890675,18.38418,41.944688,25.092307,33.992118,23.493039,23.493039,,15.930121,,,29.718548,29.718548,14.148577,,23.493039,,27.555196,14.035,14.035,9.964809,22.4569,28.6462,45.365541,,,33.1186,7.762879,27.01,28.76,28.251707,12.7947,25.97297,28.161275,26.35,18.670278,12.331704,23.835,,50.0038
2006-03-23,40.4366,36.2285,28.209947,54.493286,32.452516,14.647817,11.768565,24.047916,23.73324,,6.439887,54.360143,18.514007,2.8372,12.475,29.31395,6.834802,18.273239,41.672858,24.789184,33.692658,23.047884,23.047884,,15.796001,,,29.612434,29.612434,14.034573,,23.047884,,27.697591,14.3113,14.3113,9.891407,22.4569,28.5534,44.842303,,,32.8896,7.727532,27.33,28.87,28.188152,12.7175,25.63707,27.96935,26.37,18.58591,12.421634,23.7304,,49.829
2006-03-24,40.0908,36.264,28.575716,54.76505,32.169187,14.897417,11.734621,24.324113,23.500833,,6.508737,54.63132,18.668734,2.8733,12.59,29.360402,6.903123,18.212637,41.470906,24.662929,33.67769,23.161059,23.161059,,15.889165,,,29.732714,29.732714,13.945902,,23.161059,,27.729255,14.15,14.15,9.917179,22.4569,28.5163,45.001601,,,33.0847,7.716736,27.44,28.92,28.22346,12.6753,25.251773,27.821418,26.52,18.540446,12.385682,23.8612,,49.8138
2006-03-27,40.1376,36.4858,28.478202,54.307667,32.027478,15.032871,11.655325,24.018025,23.427512,,6.485766,54.175005,18.639296,2.8825,12.615,29.135619,6.834802,18.182434,41.16807,24.755534,33.415652,23.161059,23.161059,,15.78862,,,29.577063,29.577063,13.857232,,23.161059,,27.09616,15.1413,15.1413,9.79623,22.4018,28.2751,44.736135,,,32.9236,7.687859,26.51,28.95,28.004456,12.6543,25.340688,27.629493,26.1,18.501541,12.358693,23.9789,,49.5251
2006-03-28,39.9133,36.1663,28.071711,53.929764,31.970794,14.925886,11.661029,23.898552,23.592596,,6.398651,53.798007,18.628257,2.8791,12.835,29.089068,6.830653,18.000822,40.795264,24.679519,32.816643,22.685724,22.685724,,15.702928,,,29.301222,29.301222,13.692558,,22.685724,,26.827108,14.3738,14.3738,9.793508,22.2732,28.2844,44.319066,,,32.3044,7.695785,26.01,28.9,27.940809,12.5279,24.97515,27.321639,25.2,18.339274,12.448623,23.6454,,49.0387
2006-03-29,40.4459,36.5568,27.917222,54.141942,31.987028,15.204046,11.570418,24.301763,23.696535,,6.600435,54.009648,18.742507,2.8899,13.2,29.453504,6.898974,18.08156,41.067094,24.738663,33.108618,22.904529,22.904529,,15.702928,,,29.619563,29.619563,14.243582,,22.904529,,27.040748,14.9675,14.9675,9.900848,22.4018,28.5163,44.296257,,,32.4826,7.825645,26.06,29.41,28.10332,12.5841,25.30117,27.529517,25.89,18.910355,12.178929,23.7174,,49.0007
2006-03-30,39.9693,36.5036,27.55958,53.704356,31.464856,15.175487,11.474197,24.137498,24.271374,,6.733492,53.573211,18.654015,2.8589,13.005,29.16662,6.958996,18.212637,40.888465,24.738663,33.078681,22.776264,22.776264,,15.687985,,,29.626601,29.626601,13.983904,,22.776264,,26.810066,14.8875,14.8875,9.751321,22.1446,28.2195,44.068806,,,32.5589,7.679933,25.98,29.39,28.166967,12.6753,24.698526,27.465509,26.19,18.832545,12.205918,23.8939,,49.0843
2006-03-31,39.9693,36.9207,27.356334,53.452486,31.157131,15.303868,11.513844,24.189739,23.745505,,6.811445,53.321912,18.679863,2.8653,13.095,29.399179,6.996245,18.041191,40.562306,24.966615,32.973902,22.866804,22.866804,,15.594911,,,29.71151,29.71151,14.249915,,22.866804,,26.937374,15.7563,15.7563,9.63437,22.4569,28.1916,43.826058,,,32.2705,7.609969,26.01,29.34,28.053888,12.556,24.747923,27.437567,26.55,18.994723,12.349729,24.0377,,48.6359
2006-04-03,40.0908,37.4976,28.624564,53.386138,30.94672,15.439412,11.564807,24.376354,23.922764,,6.788536,53.255749,18.760906,2.8697,13.125,29.569734,7.06664,18.293375,40.383677,25.506969,32.958933,22.844169,22.844169,,15.594911,,,29.499283,29.499283,14.319585,,22.844169,,26.937374,15.8875,15.8875,9.69561,22.4845,28.2844,43.871585,,,31.8719,7.72539,26.24,29.25,28.287108,12.7315,24.945511,27.649507,26.94,18.806579,12.376717,23.9462,,48.6283
2006-04-04,40.2403,37.2846,29.234209,53.319887,30.841424,15.410853,11.553492,24.21209,23.769945,,6.836645,53.189684,18.672503,2.8112,13.15,29.577509,7.081115,18.424549,40.422457,24.569761,32.958933,23.191239,23.191239,,15.673133,,,29.704472,29.704472,14.629832,,23.191239,,27.207822,16.03,16.03,9.664309,22.0711,28.2844,43.841264,,,31.6344,7.70444,26.92,29.25,28.110381,12.8228,25.577794,27.529517,26.11,19.040186,12.304812,24.0246,,46.9869
2006-04-05,40.2964,37.8615,30.234185,53.392802,30.821154,15.517837,11.762862,24.144948,23.812738,,6.953604,53.262375,18.7093,2.835,13.2,29.655061,7.08319,18.323676,40.383677,24.966615,33.146129,22.851714,22.851714,,15.624706,,,29.718548,29.718548,14.541162,,22.851714,,27.032832,15.9713,15.9713,9.677918,22.2181,28.739,43.901906,,,31.5751,7.765064,27.48,28.73,28.138721,12.7526,25.567914,27.393574,26.45,18.819517,12.053142,24.5018,,46.8729
2006-04-06,40.1189,37.2757,30.014687,52.564083,30.651193,15.467881,11.683658,24.235076,23.727152,,6.852743,52.435785,18.646207,2.7954,13.085,29.585284,6.983844,18.182434,40.329348,24.06315,33.018807,22.851714,22.851714,,15.527851,,,29.640767,29.640767,14.490493,,22.851714,,26.79414,16.0938,16.0938,9.58002,22.1354,28.9245,44.000471,,,31.3291,7.648914,27.21,27.68,27.721712,12.6543,25.152979,27.593525,26.43,18.624815,11.918295,24.4754,,46.4929
2006-04-07,39.2684,36.9296,29.307436,51.728798,30.104715,15.360896,11.661029,23.822143,23.537538,,6.689904,51.602472,18.583113,2.7261,12.745,29.43018,7.06664,18.091628,39.234253,23.928085,32.869032,22.633004,22.633004,,15.401203,,,29.294184,29.294184,14.585497,,22.633004,,26.921449,15.7438,15.7438,9.483482,21.9701,29.3605,43.833661,,,30.7524,7.571752,27.2,27.26,27.417875,12.5911,23.700706,27.329566,26.45,18.443139,11.918295,24.396,,46.1509
2006-04-10,39.5021,36.5391,29.429329,51.96087,30.104715,15.375221,11.661029,23.867116,23.427512,,6.609598,51.833894,18.590563,2.7304,12.565,29.476731,7.093515,17.950386,39.032393,23.809891,32.93648,22.444379,22.444379,,15.44963,,,29.23048,29.23048,14.57283,,22.444379,,27.12028,15.3763,15.3763,9.522948,22.31,29.5831,44.0536,,,30.5658,7.54506,26.64,27.22,27.940809,12.4928,23.769861,27.18966,26.0,18.417173,11.900271,24.3696,,46.0521
2006-04-11,39.689,36.7077,29.713927,51.868061,29.77681,15.368059,11.547789,23.91218,23.078902,,6.481185,51.741325,18.289994,2.615,12.445,29.282949,7.000394,17.849414,38.946966,22.889555,32.779221,22.074674,22.074674,,15.378879,,,28.86973,28.86973,14.566496,,22.074674,,26.897607,15.4263,15.4263,9.425049,21.8966,29.1842,43.841264,,,30.3623,7.475096,26.18,26.68,27.778298,12.4225,23.4636,27.01775,26.24,18.319866,11.747496,24.3365,,45.2922
2006-04-12,39.3152,36.5923,30.396799,51.841502,29.914484,15.139855,11.570418,24.17493,23.048285,,6.501803,51.714919,18.304892,2.6194,12.475,29.275174,6.990021,17.698104,39.933219,23.776055,32.35244,21.953954,21.953954,,15.326762,,,29.223442,29.223442,14.680501,,21.953954,,26.810066,15.6125,15.6125,9.461708,22.1814,29.277,43.894303,,,30.1163,7.558042,26.53,26.89,27.538016,12.3172,23.483359,26.85773,26.13,18.495072,11.774484,24.482,,45.0401
2006-04-13,39.4554,37.4089,29.957804,51.443803,29.712055,15.111296,11.491215,24.03983,22.871025,,6.579817,51.31814,18.048839,2.6626,12.495,29.205396,6.946595,17.677871,39.358553,24.42626,32.277597,21.969044,21.969044,,15.367718,,,29.124366,29.124366,14.636166,,21.969044,,26.698682,15.7113,15.7113,9.381501,22.2732,29.2306,43.88679,,,30.4471,7.530622,26.11,26.44,27.700527,12.3032,23.354926,26.869719,26.4,18.345832,11.75646,24.3563,,44.7058
2006-04-17,39.1563,38.1633,29.461925,51.616093,29.602723,15.211209,11.423234,24.077353,22.736469,,6.522483,51.490026,18.152678,2.7247,12.62,29.422405,6.936222,17.617367,38.861539,23.700133,32.337471,21.916229,21.916229,,15.285805,,,29.011215,29.011215,14.705836,,21.916229,,26.571374,15.97,15.97,9.338038,22.1354,29.3605,43.52276,,,30.0146,7.527752,26.08,26.56,27.601664,12.261,23.196856,26.793821,26.2,18.410704,11.837426,24.1712,,43.5598
2006-04-18,39.8572,38.4916,29.90092,52.544286,30.060139,15.261074,11.508141,24.084894,22.901553,,6.699067,52.415908,18.167577,2.7369,12.985,29.344951,7.031419,17.819211,39.265351,24.324938,32.449735,22.104854,22.104854,,15.38257,,,29.732714,29.732714,15.218858,,22.104854,,26.43615,16.2188,16.2188,9.441295,22.4477,28.9894,44.045997,,,30.7948,7.644587,27.14,26.75,27.728866,12.4015,23.947691,26.953742,26.4,18.929852,11.990201,24.5547,,43.5789
2006-04-19,39.8292,38.1189,30.648802,52.988439,30.137093,15.339499,11.434549,24.29513,23.427512,,6.70594,52.858971,18.200963,2.7521,13.025,29.802391,7.068856,17.78891,39.366327,25.718049,32.884001,22.278389,22.278389,,15.527851,,,29.746881,29.746881,15.586207,,22.278389,,26.690766,16.6125,16.6125,9.376057,22.6957,28.841,44.045997,,,31.1595,7.620766,27.3,27.0,27.771236,12.3804,23.710585,26.933727,26.6,18.916913,11.92726,24.4423,,45.2406
2006-04-20,39.8105,38.2076,30.323664,52.796156,30.027761,15.482115,11.598751,24.197462,24.00844,,6.662351,52.667207,18.200963,2.7398,13.11,30.283057,6.915052,17.970521,38.644038,25.895387,32.981386,22.957344,22.957344,,15.572588,,,29.661972,29.661972,15.706545,,22.957344,,27.040748,16.6363,16.6363,9.522948,22.7784,29.1007,43.454515,,,30.8881,7.706625,27.25,26.85,27.693465,12.5068,23.888414,26.945716,26.87,18.806579,11.612649,24.3299,,45.1642
2006-04-21,39.932,38.4384,30.778912,52.292319,29.760666,15.560631,11.627084,24.250067,23.855531,,6.593562,52.164608,18.163807,2.7593,13.27,30.887728,6.88596,18.031026,39.770139,26.385033,33.093649,23.425134,23.425134,,15.58744,,,29.71151,29.71151,15.655876,,23.425134,,27.295364,16.9563,16.9563,9.590907,22.6222,29.3883,43.378668,,,31.1425,7.723205,27.08,27.26,27.806544,12.5489,23.710585,28.245199,26.68,18.767585,12.628387,24.6804,,45.7659
2006-04-24,40.2123,39.2993,31.063419,52.915524,29.631065,15.881494,11.700676,24.062362,23.65983,,6.56149,52.78628,18.082226,2.7687,13.385,30.492389,6.935845,18.01089,40.73316,26.325983,33.370746,23.508129,23.508129,,15.479424,,,29.619563,29.619563,15.244192,,23.508129,,27.271523,17.5063,17.5063,9.69561,22.8702,29.3048,43.431707,,,31.3376,7.922301,27.41,27.29,27.686403,12.5349,23.720464,28.92095,26.39,18.793551,12.331704,24.7928,,45.403
2006-04-25,39.8385,39.8673,29.811441,53.048025,29.546129,15.938522,11.706288,24.084894,23.598684,,6.492639,52.918507,18.226901,2.773,13.49,31.314167,6.856869,17.960453,40.608861,24.865292,33.355688,23.583579,23.583579,,15.401203,,,29.188071,29.188071,15.180856,,23.583579,,27.510121,17.7913,17.7913,9.737712,21.07,29.4254,43.606119,,,31.4309,7.982882,27.24,27.21,27.785359,12.4998,24.342867,29.148941,26.65,18.819517,12.331704,24.8259,,45.0687
2006-04-26,41.9599,39.459,30.022813,53.160729,30.197813,16.138257,11.632696,24.137407,23.935029,,6.570653,53.030953,18.163807,2.7694,13.61,30.903278,7.029344,18.051259,41.564107,25.279017,33.692658,23.613759,23.613759,,15.539013,,,29.343631,29.343631,15.516537,,23.613759,,27.645345,17.21,17.21,9.703775,21.6854,29.6481,43.879188,,,31.7193,8.023284,27.3,27.69,27.877254,12.563,24.046485,29.348793,26.76,18.929852,12.960926,24.7267,,44.7249
2006-04-27,41.6982,39.4768,29.421203,53.512171,29.942826,16.238895,11.298772,24.16748,23.983999,,6.483476,53.381448,18.271416,2.8091,13.47,31.221163,7.006476,18.142065,41.595205,23.843634,34.141893,23.621304,23.621304,,15.661971,,,29.251685,29.251685,15.605207,,23.621304,,27.852186,17.0,17.0,9.779899,21.4925,29.611,44.045997,,,31.9228,7.95619,27.0,27.78,27.792421,12.6262,24.263832,29.496725,26.78,18.988254,13.077748,25.0177,,44.6772
2006-04-28,41.6608,38.9886,29.543186,53.233644,30.157363,16.303539,11.055274,24.129957,24.222494,,6.442178,53.103644,18.308572,2.8711,13.45,32.182496,6.97531,18.031026,41.424351,23.640989,34.673453,23.568489,23.568489,,15.628396,,,29.039458,29.039458,16.156231,,23.568489,,27.709046,16.1825,16.1825,9.947118,21.6946,29.7779,44.167371,,,31.6175,7.909319,26.98,26.9,27.74299,12.5489,24.402144,29.532792,26.2,18.981784,13.122665,25.1764,,44.9541
2006-05-01,41.801,38.9443,30.892678,52.935419,29.594651,16.33237,11.083607,24.422689,24.002262,,6.446759,52.80606,18.553496,2.835,13.45,31.849159,6.952442,17.869648,41.199076,23.379295,34.636032,23.508129,23.508129,,15.632177,,,28.62917,28.62917,15.738213,,23.508129,,27.605579,17.1425,17.1425,9.843776,21.1251,29.5553,44.114242,,,33.8734,8.0615,26.92,26.86,27.933747,12.4366,23.888414,28.589118,25.66,18.981784,13.221559,24.5944,,44.639
2006-05-02,42.2402,39.4945,34.063253,53.432592,30.537825,16.576712,11.043959,24.512817,24.33252,,6.669224,53.302034,18.482954,2.8199,13.62,32.756264,7.066781,18.23287,41.315601,23.337023,34.553706,23.417589,23.417589,,15.732722,,,28.565466,28.565466,16.555149,,23.417589,,27.971578,17.6438,17.6438,9.911735,21.3088,29.6295,43.947432,,,33.3561,8.103359,27.15,27.17,28.181091,12.6894,24.688647,27.597489,25.74,19.526899,13.158618,24.8722,,44.7249
2006-05-03,42.8663,38.9443,35.217717,53.85685,30.400242,16.447333,11.11194,24.370176,22.644706,,6.533937,53.725316,18.397603,2.8681,13.505,32.46938,7.002327,18.101696,41.113648,23.429909,34.426384,23.394954,23.394954,,15.613544,,,28.501852,28.501852,16.238568,,23.394954,,27.398738,17.4088,17.4088,9.943035,21.3455,29.7594,44.326578,,,32.9829,8.097575,27.31,27.17,28.159906,12.5981,24.204555,26.76578,25.41,19.449,13.149654,24.9978,,44.276
2006-05-04,42.6514,39.1218,32.518642,53.233644,30.663301,16.440171,11.157199,24.415239,22.088219,,6.621115,53.103644,18.401372,3.0688,13.58,32.097267,6.933771,18.273239,41.222399,22.897991,34.651001,23.447769,23.447769,,15.673133,,,28.721117,28.721117,16.409476,,23.447769,,27.549887,17.4063,17.4063,10.013716,21.4374,29.9356,44.546517,,,33.0762,8.207941,27.4,27.28,28.449619,12.7175,24.224314,26.829788,25.4,19.332196,13.131726,25.1301,,44.4288
2006-05-05,43.112,39.2016,33.087748,53.863514,30.582401,16.533646,11.168514,24.647917,22.540768,,6.742656,53.731942,18.438438,3.138,13.44,32.802717,7.031419,18.7172,41.734961,23.02462,34.733417,23.719389,23.719389,,15.907798,,,28.86973,28.86973,16.529814,,23.719389,,27.860195,18.525,18.525,10.03549,21.6303,29.9635,44.880227,,,32.8472,8.254812,27.33,27.96,28.831227,13.0265,24.599732,26.969694,25.38,19.942182,13.464265,25.1102,,45.2024
2006-05-08,43.0368,39.104,35.136364,54.003365,30.683571,16.562387,11.230791,24.708062,22.864848,,6.868779,53.87138,18.553496,3.1849,13.26,32.663162,7.058483,18.858442,41.696181,23.261101,34.740902,23.975824,23.975824,,16.153625,,,28.82723,28.82723,16.593546,,23.975824,,27.931812,18.9563,18.9563,10.006912,21.6854,29.815,44.667891,,,32.8388,8.206484,26.99,27.93,29.085539,13.1248,24.718285,27.013687,25.63,19.481436,13.36537,25.4012,,44.9637
2006-05-09,44.0051,39.0241,36.762328,53.670349,30.695679,16.720507,11.259124,24.67799,22.553033,,6.836645,53.539302,18.52011,3.1878,13.275,32.593385,7.025195,18.515355,41.991243,23.72544,34.823228,23.983369,23.983369,,16.265331,,,28.770655,28.770655,16.389684,,23.983369,,28.043195,21.9775,21.9775,10.038212,21.5568,29.6852,44.523799,,,32.508,8.221651,27.5,27.69,28.923028,12.886,24.698526,27.033702,25.45,19.546396,13.464265,25.1565,,44.3715
2006-05-10,43.9393,38.5538,36.583461,53.250893,30.84546,16.59829,11.191143,24.692981,22.663059,,6.880233,53.120794,18.479274,3.1424,13.245,32.515833,6.942069,18.444783,42.286396,23.185086,34.995456,23.923009,23.923009,,16.231846,,,28.784821,28.784821,16.172956,,23.923009,,27.971578,25.1325,25.1325,9.883242,21.4741,29.8243,44.622364,,,35.6206,8.188447,26.43,27.66,28.753456,12.8369,24.194676,26.833751,25.6,19.494463,14.10245,24.9052,,44.6103
2006-05-11,43.3283,37.9946,36.786707,52.718145,30.554059,16.483327,11.010015,24.595403,22.656971,,6.593562,52.589352,18.182385,3.1741,13.075,32.221272,7.029344,18.01089,41.967919,23.007749,34.710965,23.576034,23.576034,,16.157315,,,28.367405,28.367405,15.656866,,23.576034,,27.613588,23.0363,23.0363,9.701053,21.07,29.2863,44.250731,,,34.9336,8.04779,25.86,27.99,28.710807,12.5349,24.006967,26.437912,25.77,19.267325,14.120379,24.5481,,44.2951
2006-05-12,43.2625,37.7905,35.851832,52.345241,30.193777,16.353858,11.072292,24.475294,22.48571,,6.472021,52.217421,18.171256,3.0544,12.705,32.058491,6.958713,18.091628,41.874718,22.881119,34.486348,23.228964,23.228964,,16.082874,,,28.126936,28.126936,15.631333,,23.228964,,27.541971,21.64,21.64,9.571855,21.07,29.0729,44.47067,,,34.2636,7.959103,26.02,27.42,28.618262,12.5911,23.947691,26.341999,26.35,19.176487,13.814828,24.0058,,43.8081
2006-05-15,43.6103,38.3053,35.152616,51.992329,30.521681,16.389852,11.213773,24.54289,22.375684,,6.501803,51.865367,18.475505,3.0507,12.935,32.182496,7.021046,18.091628,42.364049,22.737618,34.628548,23.523219,23.523219,,16.365876,,,28.416943,28.416943,15.873495,,23.523219,,27.87612,24.3713,24.3713,9.705136,21.171,29.1286,45.282181,,,34.6537,8.046376,25.68,27.59,28.931298,12.5911,23.868656,26.573855,26.85,19.487994,14.273154,24.0125,,44.6103
2006-05-16,43.7983,37.9769,35.876211,51.639418,30.388044,16.25322,11.208161,24.692981,22.11266,,6.449112,51.513314,18.438438,3.0421,12.885,32.104944,7.012747,17.910017,42.472707,22.619331,34.800775,23.870194,23.870194,,16.328701,,,28.530095,28.530095,15.663199,,23.870194,,28.122728,24.1025,24.1025,9.755404,20.9414,29.2677,45.244258,,,35.417,8.089649,25.83,26.74,29.208839,12.4647,24.253953,26.449901,27.14,19.474966,14.048473,24.601,,45.5749
2006-05-17,43.4975,38.0568,34.376887,50.600677,29.724163,16.138257,11.004403,24.587862,21.794667,,6.380261,50.477032,18.42363,3.1012,12.68,31.810383,6.912977,17.677871,42.697983,22.104378,34.433868,23.772109,23.772109,,16.220685,,,28.126936,28.126936,15.293574,,23.772109,,27.716962,23.3538,23.3538,9.654783,20.8496,28.9987,45.236655,,,35.4933,7.96703,26.21,26.85,28.853062,12.3032,23.809379,26.325947,26.81,19.474966,13.635064,24.4291,,45.0783
2006-05-18,43.4223,37.8437,32.429528,50.540699,29.602723,16.210154,10.925108,24.580412,21.972016,,6.357353,50.417301,18.412501,3.0839,12.405,31.779382,6.894259,17.536629,42.868837,21.876332,34.31412,23.764564,23.764564,,16.220685,,,27.935913,27.935913,15.127911,,23.764564,,27.605579,22.1,22.1,9.582742,20.3811,28.7111,44.508593,,,35.7987,7.827102,26.72,27.3,28.789043,12.2048,24.1354,25.938134,26.81,19.397067,13.976568,24.0588,,44.5052
2006-05-19,43.3659,38.1633,32.755488,51.006804,29.971078,16.087938,11.066681,24.512817,22.008721,,6.3046,50.882288,18.386474,3.0673,12.535,32.135945,7.062632,17.657735,43.404723,22.163428,34.359025,23.757019,23.757019,,16.25786,,,28.141012,28.141012,15.242609,,23.757019,,27.860195,22.9375,22.9375,9.653422,20.6659,28.5534,44.440349,,,35.4085,7.842954,26.95,27.6,29.045213,12.2891,24.392264,25.962112,26.8,19.676138,14.821506,24.3299,,44.1805
2006-05-22,44.1461,38.2964,32.592508,51.146656,30.080409,16.116679,11.027033,25.338681,22.014809,,6.451403,51.021725,18.464376,2.9259,12.535,31.732831,7.0855,17.506328,43.622131,22.568717,34.628548,23.968279,23.968279,,16.239227,,,27.935913,27.935913,15.491202,,23.968279,,27.709046,22.2925,22.2925,9.633009,20.6108,28.4143,44.948471,,,35.663,7.923029,26.61,27.54,29.102078,12.1838,24.214435,25.690226,26.39,19.786473,15.423643,24.2175,,45.1356
2006-05-23,43.7137,38.2431,32.63323,50.320975,30.282838,16.116679,11.015718,25.368663,21.95984,,6.3298,50.198059,18.638847,2.98,12.555,33.322159,6.996103,17.223843,43.680533,22.762926,34.478773,24.066364,24.066364,,16.231846,,,27.46896,27.46896,15.236275,,24.066364,,27.526046,22.175,22.175,9.641174,20.1883,28.5256,45.297296,,,35.0184,7.934554,25.99,27.2,28.82463,11.9872,23.878535,25.594214,26.12,19.546396,14.947292,24.0521,,44.553
2006-05-24,43.7137,38.8111,32.836932,50.094586,30.193777,16.123841,11.066681,25.939318,22.198335,,6.320636,49.972191,18.779843,3.001,12.59,33.035374,7.041839,17.233911,43.953566,22.594024,34.875618,24.488884,24.488884,,16.399451,,,27.7873,27.7873,15.6441,,24.488884,,27.621504,21.2463,21.2463,9.762208,20.2893,28.4328,45.775098,,,34.9505,8.084593,26.38,28.2,29.166191,11.9942,24.056364,25.590251,26.0,19.935712,14.560776,24.4225,,44.7058
2006-05-25,44.0051,39.4768,33.716932,50.161131,30.517556,16.339533,11.202458,26.209609,22.143277,,6.66006,50.038646,19.329016,2.9223,12.805,33.19038,7.409705,17.244076,44.234374,23.193522,35.279947,24.888674,24.888674,,16.5261,,,28.339163,28.339163,15.459337,,24.888674,,27.780663,22.74,22.74,9.805671,20.2985,28.8688,45.926792,,,35.5357,8.039136,27.24,28.09,28.931298,12.0012,24.500938,25.590251,25.86,20.389989,14.74054,24.773,,44.3811
2006-05-26,43.018,39.5212,34.800635,50.047936,30.379972,16.33237,11.145884,26.35225,22.045426,,6.513319,49.925712,19.217727,2.9404,12.955,33.260157,7.397257,17.355017,44.320171,23.387731,35.422237,24.805679,24.805679,,16.570747,,,27.723686,27.723686,15.48477,,24.805679,,27.804504,22.8975,22.8975,9.853302,20.5097,28.9709,46.00264,,,35.7308,8.149502,27.17,28.2,29.137665,12.0784,24.095882,25.710836,25.72,20.013611,14.704587,24.9648,,44.3524
2006-05-30,42.7736,38.9798,33.293276,49.129054,30.448764,16.152582,11.094922,26.036895,21.751874,,6.657769,49.00899,19.18802,2.8863,12.565,32.709713,7.257975,17.127955,44.039363,22.298493,35.329992,24.768048,24.768048,,16.265331,,,27.292104,27.292104,15.064179,,24.768048,,27.605579,22.4138,22.4138,9.706497,20.3077,28.8967,45.820624,,,35.2983,7.967758,26.61,27.58,28.952669,11.9204,23.572273,25.718861,25.6,19.494463,14.470364,24.2836,,43.9131
2006-05-31,42.9052,39.0596,33.871786,49.275569,30.886,16.246057,11.128866,26.419755,21.831372,,6.666933,49.155151,19.254793,2.848,12.835,32.833718,7.463739,17.321882,44.390327,22.526538,35.473094,24.971669,24.971669,,16.399451,,,27.568035,27.568035,15.178877,,24.971669,,27.406747,23.1088,23.1088,9.836972,20.5097,29.0729,45.850945,,,35.4594,7.930227,27.03,27.81,29.500597,12.0554,24.402144,26.032263,24.99,19.682608,14.425254,24.3762,,43.6648
2006-06-01,43.2343,39.317,35.224291,50.340967,29.963006,16.339533,11.191143,26.750101,21.849725,,6.683031,50.218034,19.225086,2.8928,13.09,32.857043,7.455441,17.832211,44.460575,22.551845,35.698973,24.858494,24.858494,,16.358495,,,28.197678,28.197678,15.178877,,24.858494,,27.287355,22.97,22.97,9.845137,20.3444,29.1471,46.336259,,,35.5612,8.060772,27.36,27.96,29.650007,12.4105,24.659008,26.647177,25.14,19.955209,14.326167,24.9648,,43.7412
2006-06-02,42.8864,39.1573,34.499145,49.874862,30.120859,16.296376,11.230791,26.99041,21.880342,,6.802281,49.753047,19.258473,2.8899,13.085,33.105151,7.474159,17.760759,43.937925,22.357636,35.90231,25.047119,25.047119,,16.347243,,,28.452314,28.452314,14.975014,,25.047119,,27.16014,23.035,23.035,9.904931,20.6108,29.1657,46.010152,,,35.417,8.0175,26.89,27.74,29.607265,12.3608,24.678767,26.614974,24.82,19.870841,14.335228,25.0838,,43.4738
2006-06-05,42.2096,38.4295,33.81472,48.629627,30.129021,16.317955,11.072292,27.057914,21.360561,,6.742656,48.510872,19.024767,2.9029,12.79,32.942272,7.349447,17.811782,43.610377,21.445736,35.593563,24.911309,24.911309,,16.175948,,,27.412384,27.412384,14.528891,,24.911309,,26.865757,22.5,22.5,9.740434,20.3077,28.9894,45.312502,,,35.1117,7.856664,26.62,27.73,29.3156,12.3963,24.441661,26.373904,24.62,19.195895,14.055895,24.396,,43.1491
2006-06-06,42.266,38.6514,34.091741,48.216737,30.474415,16.210154,11.015718,27.117969,21.678553,,6.731202,48.09899,19.180571,2.9072,12.755,32.554609,7.436722,17.658713,43.758555,21.665252,35.977693,24.481339,24.481339,,16.202052,,,27.221452,27.221452,14.650021,,24.481339,,26.810066,21.735,21.735,9.793508,20.0597,29.0822,45.896472,,,35.0438,7.805423,26.55,27.51,29.05943,12.2898,24.836838,26.442172,24.69,19.202453,14.064859,24.7002,,42.9772
2006-06-07,42.4634,38.7934,33.871786,48.81603,30.42966,16.123841,11.038348,26.802705,22.033161,,6.974284,48.696789,19.124927,2.9469,13.26,32.58561,7.474159,17.781188,43.337344,21.614638,35.631255,23.968279,23.968279,,16.157315,,,27.292645,27.292645,14.930382,,23.968279,,26.778215,21.2963,21.2963,9.646618,20.2617,29.1101,45.957385,,,35.6206,7.80765,26.93,27.87,29.301384,12.375,24.787441,27.30212,25.02,19.092119,14.173007,24.6936,,42.8435
2006-06-08,42.3882,39.6809,32.600634,48.090215,29.803986,15.75003,10.981682,26.344709,21.849725,,6.923822,47.972805,19.124927,2.9036,13.2,31.601051,7.295413,17.760759,43.212581,21.403557,35.284726,23.674119,23.674119,,16.161006,,,27.435032,27.435032,14.694653,,23.674119,,26.412309,20.125,20.125,9.692888,19.83,29.1753,45.827865,,,35.1371,7.949207,27.05,26.99,29.137665,12.3608,24.688647,27.406653,24.7,19.215392,13.938783,24.2836,,42.5187
2006-06-09,42.501,39.9205,33.619145,48.02367,29.356974,15.90824,10.959052,26.434837,21.647936,,6.859615,47.90635,18.99874,2.8639,13.045,31.756057,7.297487,17.64845,43.259321,21.639945,35.397711,23.659029,23.659029,,16.220685,,,27.235618,27.235618,14.337794,,23.659029,,26.43615,20.72,20.72,9.662949,19.977,29.0822,45.675447,,,35.1286,7.98571,26.83,27.5,29.130604,12.2827,24.530576,27.310245,24.3,19.01422,13.821575,24.2439,,43.0345
2006-06-12,42.2754,39.9649,32.828806,47.524243,28.885656,15.965722,10.953441,26.217059,21.219827,,6.712813,47.408136,18.950545,2.7925,12.94,31.593276,7.233033,17.617855,42.884941,22.070541,35.299784,23.545854,23.545854,,16.131211,,,26.87956,26.87956,14.114732,,23.545854,,26.452075,19.5013,19.5013,9.66567,20.0137,29.138,45.515335,,,34.7385,7.972556,26.63,26.65,28.888649,12.2614,24.402144,27.113266,23.58,18.709183,13.641426,24.0389,,42.8817
2006-06-13,42.5292,38.7784,31.133998,46.578704,28.747534,15.786024,10.930811,26.209609,22.045426,,6.522483,46.464909,18.842936,2.7088,12.955,31.151386,7.197717,17.240166,42.190696,22.307022,35.088963,23.161059,23.161059,,16.097456,,,26.929369,26.929369,13.624076,,23.161059,,26.117926,18.7438,18.7438,9.565305,19.6766,28.8029,44.95897,,,34.1364,7.969643,26.48,26.54,28.568459,11.9985,24.006967,27.294094,23.18,18.474955,13.263006,24.0323,,42.8817
2006-06-14,42.4352,38.6525,31.59025,46.272344,29.389531,15.821927,10.720706,26.322177,22.247216,,6.399208,46.159335,19.09522,2.5818,12.66,31.011832,7.208091,17.352476,42.136182,22.391379,35.201948,23.183694,23.183694,,16.060011,,,26.907984,26.907984,13.668708,,23.183694,,26.125842,19.72,19.72,9.620251,19.6488,28.7005,44.859953,,,34.1957,7.935325,26.8,26.36,28.554243,12.0767,24.105761,27.117329,23.11,18.50101,13.263006,23.8273,,42.8053
2006-06-15,42.6984,39.4436,32.38068,47.297855,30.015295,15.879499,10.959144,26.637532,22.314538,,6.671019,47.182365,18.861424,2.6691,12.965,31.461497,7.272545,17.515809,42.549527,23.218829,35.653798,23.304414,23.304414,,16.146244,,,27.413737,27.413737,13.827939,,23.304414,,26.245234,20.4275,20.4275,9.705561,20.1385,28.9891,45.027577,,,34.5265,8.111199,27.3,26.09,28.511501,12.1903,24.589852,27.410617,23.29,18.741796,13.136834,24.568,,43.1109
2006-06-16,42.7924,39.6054,31.842892,46.9716,29.832418,15.900987,10.873962,26.449828,21.953663,,6.63647,46.856816,18.716749,2.6648,12.835,31.856836,7.434647,17.474951,42.721121,23.396166,35.676431,23.281779,23.281779,,16.210063,,,27.078974,27.078974,13.961835,,23.281779,,26.229309,20.25,20.25,9.746813,19.9445,28.9705,45.500129,,,34.7724,8.096632,27.21,26.6,28.99541,12.1619,24.589852,27.157458,23.31,18.468397,13.073796,24.4688,,43.1013
2006-06-19,42.6796,39.6413,31.264382,46.272344,29.385406,15.814765,10.885368,26.652523,21.745786,,6.456852,46.159335,18.349408,2.6518,12.695,31.864611,7.5074,17.38307,42.214112,23.261101,35.299784,23.455314,23.455314,,16.105017,,,26.872432,26.872432,13.617742,,23.455314,,26.014552,19.8525,19.8525,9.810094,19.8336,28.8029,45.202894,,,34.1448,8.086393,26.94,26.49,28.753456,12.098,24.451541,26.83603,23.72,18.403348,13.190908,24.1712,,42.8435
2006-06-20,42.8676,39.9739,32.095442,45.906104,29.889281,15.980137,10.913701,26.922814,21.709081,,6.47295,45.79403,18.534918,2.6554,12.795,32.089492,7.51782,17.29119,42.82256,23.370859,35.766782,23.500584,23.500584,,16.05623,,,26.872432,26.872432,13.764306,,23.500584,,26.054319,20.1063,20.1063,9.885708,20.1015,29.1846,45.187598,,,34.7724,8.136006,27.33,26.81,30.809789,12.034,25.044305,27.270017,24.08,18.390321,13.12787,24.2042,,42.9963
2006-06-21,42.9146,39.9469,31.671786,46.532054,29.877083,15.936981,11.163638,27.133051,21.86199,,6.486757,46.41843,18.705621,2.6742,13.03,31.878389,7.652906,17.117691,42.916132,24.054714,35.751724,23.364774,23.364774,,16.134992,,,27.299774,27.299774,14.356894,,23.364774,,25.950852,21.0313,21.0313,9.904931,20.4248,29.799,45.431522,,,35.0438,8.191489,27.38,26.95,31.542714,11.9133,25.478999,27.466896,23.71,18.650692,13.299055,24.1183,,43.2637
2006-06-22,42.7736,39.7851,31.655442,46.245785,29.478862,15.706964,11.152231,27.035383,22.241128,,6.357786,46.132831,19.039576,2.6634,13.17,31.495253,7.596797,17.076834,42.791369,24.105422,36.165971,23.651484,23.651484,,16.082514,,,26.950754,26.950754,14.24853,,23.651484,,25.887244,21.2063,21.2063,9.931043,20.277,29.6035,45.743963,,,35.2813,8.111199,27.97,27.36,31.549776,11.8849,25.696346,27.3584,23.51,18.526976,13.407107,23.986,,43.044
2006-06-23,42.6984,39.4525,31.696164,45.892874,29.458592,15.678133,11.055734,27.117969,22.21051,,6.367011,45.780778,18.965354,2.6619,12.975,31.229332,7.609245,16.964622,42.596359,24.198215,36.022869,23.515674,23.515674,,16.037507,,,27.135911,27.135911,14.254962,,23.515674,,25.89516,21.4938,21.4938,9.797676,20.2678,29.557,45.340017,,,35.5697,8.075467,28.03,27.8,31.478695,11.8067,25.627191,27.165484,24.02,18.468397,13.524314,23.8471,,43.2923
2006-06-26,42.5856,39.4076,32.559912,46.072613,29.072569,15.714127,11.12951,27.403342,21.947576,,6.43611,45.960069,19.110029,2.6944,13.06,31.315348,7.630038,16.688979,42.775728,24.316784,36.015295,23.561227,23.561227,,16.067482,,,27.577509,27.577509,14.203997,,23.561227,,26.125842,21.6813,21.6813,9.922792,20.2308,29.6035,45.355313,,,35.9513,8.20974,28.03,27.71,31.827317,11.6149,25.232014,27.237815,24.14,18.741796,13.46118,24.1117,,43.512
2006-06-27,42.3882,38.8683,32.062846,45.88621,28.77193,15.692548,11.118195,27.786201,21.880342,,6.314011,45.774054,18.920838,2.6879,12.725,31.354518,7.596797,16.301125,43.087726,24.198215,35.698973,23.447203,23.447203,,15.947404,,,27.071846,27.071846,13.566678,,23.447203,,25.990618,21.0875,21.0875,9.969573,19.9629,29.5197,45.050476,,,35.4085,8.204599,27.92,28.15,32.190249,11.345,25.103582,27.105241,24.6,18.709183,12.992638,23.8207,,43.0249
2006-06-28,42.2848,39.2368,32.722892,45.866217,28.946645,15.635067,11.123807,27.621029,22.014809,,6.318593,45.754176,19.09522,2.6742,12.47,31.409237,7.592648,16.444029,43.220356,24.172814,35.894826,23.386466,23.386466,,15.913649,,,27.121654,27.121654,13.783406,,23.386466,,26.690766,21.8088,21.8088,10.045187,19.889,29.5849,44.898057,,,35.4255,8.309695,27.99,28.29,31.891337,11.4444,25.567914,27.157458,24.7,18.819872,12.866562,23.9265,,43.1968
2006-06-29,42.9898,40.6211,33.448038,46.898294,29.438233,15.735705,11.316894,27.651101,22.369507,,6.475241,46.783735,19.202829,2.7088,13.0,31.995603,7.738106,16.4236,43.532354,24.66396,36.369308,23.538403,23.538403,,16.153805,,,27.940786,27.940786,14.490691,,23.538403,,26.722524,23.235,23.235,10.160692,20.2308,29.9573,45.34771,,,36.4687,8.405279,29.44,28.99,32.197311,11.4302,25.923573,27.48701,25.17,19.340438,13.380118,24.6341,,43.2541
2006-06-30,42.8582,40.6211,33.635488,47.284526,29.031939,15.893824,11.566739,27.861247,22.742557,,6.597339,47.169016,19.169442,2.8978,12.88,32.230228,7.719435,16.352148,42.955189,25.908603,36.474719,23.485211,23.485211,,16.138772,,,28.111686,28.111686,14.669121,,23.485211,,26.690766,23.7963,23.7963,10.097496,20.4248,29.9293,45.759259,,,36.0701,8.414062,29.29,28.83,31.805947,11.3805,24.698526,27.278043,23.89,18.956527,13.389082,24.6143,,43.321
2006-07-03,42.83,40.2615,35.061402,47.011488,29.23105,15.879499,11.538406,28.319243,22.681411,,6.645696,46.896669,19.247344,2.9757,13.185,32.386612,7.765123,16.546075,43.079952,25.866237,36.640454,23.599234,23.599234,,16.270102,,,28.346742,28.346742,14.739186,,23.599234,,26.897607,24.7763,24.7763,10.185443,20.4987,30.4134,45.934576,,,36.3584,8.391441,28.99,28.83,31.877121,11.5155,25.054185,27.386539,24.75,19.125707,13.380118,24.601,,43.4642
2006-07-05,42.8018,41.2054,34.393231,46.651912,29.015706,15.90824,11.492963,28.304252,21.996546,,6.500564,46.53799,19.277051,2.7701,12.87,32.707154,7.661204,16.505218,43.111142,25.739232,36.452176,23.667611,23.667611,,16.138772,,,27.848207,27.848207,14.669121,,23.667611,,26.841543,25.6688,25.6688,10.083717,20.3417,30.0317,45.934576,,,35.858,8.345469,29.13,28.53,32.866216,11.487,24.728164,27.45887,24.09,18.826341,13.019723,24.1778,,43.2159
2006-07-06,42.8676,41.2683,34.605059,47.477594,29.060371,15.814765,11.651921,28.296711,23.127783,,6.507499,47.361656,19.060397,2.856,13.155,32.652435,7.694492,16.484886,43.586961,26.204884,36.135854,23.082402,23.082402,,16.25507,,,27.919401,27.919401,14.439725,,23.082402,,27.377411,25.4588,25.4588,10.692882,20.508,30.1248,46.003092,,,36.0276,8.680423,29.05,28.42,32.453481,11.4728,24.994908,27.450845,24.01,18.904417,13.389082,24.1912,,43.3687
2006-07-07,43.2061,41.4121,35.093998,47.697416,28.564657,15.714127,11.578145,27.896862,22.907641,,6.360077,47.580898,19.415264,2.768,13.05,32.417908,7.66955,16.484886,43.274962,26.10328,35.7969,22.953194,22.953194,,16.198811,,,28.026236,28.026236,14.076533,,22.953194,,27.273479,25.4763,25.4763,10.69841,20.314,30.1155,46.079302,,,35.7393,8.618385,29.37,28.73,32.652694,11.4728,24.767682,27.716092,23.7,18.585555,13.019723,24.238,,43.1968
2006-07-10,43.2907,41.6998,35.126594,48.190178,28.585017,16.023203,11.685958,28.311793,22.999404,,6.396917,48.072389,19.658124,2.7001,12.885,32.535122,7.679923,16.862478,43.727365,26.10328,36.489777,22.960834,22.960834,,16.367586,,,27.79118,27.79118,14.076533,,22.960834,,27.51338,23.115,23.115,10.635129,20.4156,30.1155,46.452836,,,35.9513,8.646833,29.27,28.98,32.844845,11.7357,24.540455,27.780397,23.96,18.741796,13.767598,24.2916,,43.0727
2006-07-11,43.4505,41.8526,35.566594,48.256723,29.291949,16.059197,11.930191,28.598438,23.415247,,6.523597,48.138844,19.721577,2.7117,13.165,33.129361,7.727733,16.964622,43.945792,25.806999,36.866333,23.052034,23.052034,,16.435097,,,28.133071,28.133071,14.420626,,23.052034,,27.833374,25.295,25.295,10.718994,20.277,31.6143,46.940594,,,35.875,8.689891,29.93,29.41,33.0868,11.8067,24.747923,27.961225,23.62,18.904417,13.956808,24.6462,,43.1873
2006-07-12,43.3283,41.538,34.816887,47.943797,28.601251,16.016041,11.703068,28.160884,22.962699,,6.468368,47.826644,19.561016,2.672,12.77,33.27797,7.675774,16.964622,44.273339,25.722267,36.632879,23.272442,23.272442,,16.345083,,,27.762667,27.762667,13.993701,,23.272442,,27.753376,24.6,24.6,10.62824,19.9629,31.9215,46.56715,,,35.3661,8.673139,29.32,29.2,33.264642,11.8067,24.767682,28.017504,23.41,18.455458,13.659451,24.673,,42.5495
2006-07-13,42.736,41.4031,33.920634,47.950461,28.239623,15.814765,11.583757,27.79883,22.773175,,6.449917,47.83327,19.512372,2.5984,12.555,32.511699,7.671624,16.791026,44.023722,25.366655,36.12828,23.036849,23.036849,,16.168747,,,27.093231,27.093231,13.55401,,23.036849,,27.545417,23.525,23.525,10.548458,19.8059,31.5305,47.306435,,,34.8403,8.58848,28.79,29.02,33.40699,11.6859,24.698526,27.575393,23.2,18.149535,13.281031,24.238,,41.9252
2006-07-14,42.4822,41.6908,34.205781,47.164668,27.979523,15.75003,11.504277,27.414063,22.644706,,6.392335,47.049456,19.392827,2.5422,12.565,32.535122,7.576004,16.66855,43.337344,24.66396,36.203573,23.082402,23.082402,,15.999972,,,27.021947,27.021947,13.369148,,23.082402,,27.39343,22.915,22.915,10.642019,19.6304,31.0744,47.100615,,,34.4756,8.716154,28.57,28.74,32.937297,11.6007,24.244073,27.48701,22.61,17.967328,12.947624,24.1042,,41.4546
2006-07-17,42.6984,41.8616,33.439912,46.978265,28.40214,15.836343,11.6292,27.610217,22.822055,,6.373884,46.863442,19.475037,2.5941,12.505,32.816692,7.590526,16.852312,43.329569,24.621594,36.79104,23.082402,23.082402,,16.018695,,,26.957882,26.957882,13.235351,,23.082402,,27.545417,23.575,23.575,10.581459,19.5195,31.1489,47.466456,,,34.0855,8.743917,28.45,28.55,32.738084,11.7286,24.491058,27.788423,23.08,18.058431,12.803428,24.0707,,41.8484
2006-07-18,43.018,43.0841,33.456165,47.104787,28.609323,15.82918,11.94721,27.678085,23.023844,,6.438401,46.989725,19.575914,2.7102,12.66,32.988626,7.650831,16.719574,43.774197,24.892568,36.647938,23.052034,23.052034,,16.337612,,,27.14304,27.14304,13.59221,,23.052034,,27.665368,23.435,23.435,10.662602,19.4641,31.5771,48.175239,,,34.3399,8.784062,28.49,29.2,32.908865,11.6362,24.402144,28.033556,23.4,18.325272,12.875526,24.0573,,41.5794
2006-07-19,44.0239,44.4234,34.059145,48.010342,29.34074,15.893824,11.981246,27.497013,23.005492,,6.627306,47.893098,19.673023,2.8134,12.97,33.317042,7.746782,16.923764,43.836578,25.070374,36.84379,22.983657,22.983657,,16.438877,,,27.855335,27.855335,14.261296,,22.983657,,27.889345,23.875,23.875,10.65163,19.5103,31.6609,47.76369,,,35.2474,8.780377,28.45,28.76,33.49238,11.7783,24.846717,28.37916,23.58,18.728768,13.136834,24.4254,,41.589
2006-07-20,43.8923,44.5403,32.739144,47.730639,29.210691,15.778771,11.952913,27.368817,22.944346,,6.572015,47.614125,19.575914,2.6937,12.645,33.121586,7.71967,16.89317,43.76633,24.807836,36.775981,22.983657,22.983657,,16.446348,,,27.321159,27.321159,13.700574,,22.983657,,27.809346,22.705,22.705,10.87575,19.7505,31.6329,47.618875,,,34.9421,9.027758,28.36,28.7,33.314445,11.757,24.846717,28.314855,23.65,18.27972,13.226957,24.0038,,41.7523
2006-07-21,44.0051,44.8909,32.152508,47.071466,29.259482,15.742867,12.043707,27.119877,22.687499,,6.521306,46.956498,19.303168,2.7889,12.5,32.84789,7.671672,16.954358,43.735139,24.49459,36.708172,22.793618,22.793618,,16.468852,,,26.83679,26.83679,13.394681,,22.793618,,27.849299,21.535,21.535,10.955532,19.8706,31.5492,47.832297,,,34.6707,9.089067,28.37,28.73,32.460636,11.7996,24.510817,28.274627,23.09,17.986913,12.848537,23.6558,,41.5602
2006-07-24,44.3718,44.1448,32.49472,47.943797,29.462628,15.728452,12.214073,27.466849,22.877113,,6.572015,47.826644,19.295719,2.8134,12.675,32.761874,7.880311,17.066668,43.501164,24.63003,36.979318,23.181242,23.181242,,16.506387,,,27.399481,27.399481,14.031901,,23.181242,,27.921288,22.48,22.48,10.930781,20.2031,31.1861,48.28195,,,35.2559,9.178097,28.47,29.18,32.738084,11.8778,24.589852,28.214384,23.98,18.383851,13.091821,24.0841,,41.541
2006-07-25,44.776,44.2706,34.099867,47.770625,29.564246,15.786024,12.236794,27.874239,22.944346,,6.631888,47.653979,19.497474,2.8134,11.25,32.84789,7.930385,17.148286,43.945792,26.374254,37.152537,24.746923,24.746923,,16.600181,,,27.31403,27.31403,14.019134,,24.746923,,28.297253,23.255,23.255,11.007756,20.3047,31.1675,47.801795,,,35.3068,9.19125,28.68,29.18,32.702497,11.9346,24.402144,28.254513,24.58,18.188617,12.920636,23.7964,,43.6733
2006-07-26,45.4528,44.5223,34.344382,46.978265,29.617073,15.613489,12.259516,27.39144,22.932171,,6.530532,46.863442,19.542259,2.8105,10.795,32.722803,7.857396,16.882906,43.797521,27.12775,36.851275,24.534059,24.534059,,16.675252,,,26.886689,26.886689,13.853471,,24.534059,,27.889345,22.995,22.995,10.972033,20.6465,31.2419,48.495372,,,35.205,9.333534,29.15,29.12,32.467697,11.7499,24.263832,28.684536,23.99,17.902279,12.920636,24.0573,,42.367
2006-07-27,45.1802,45.619,34.572463,49.408756,29.417963,15.403237,12.151612,27.459308,22.932171,,6.442982,49.28806,19.430252,2.7543,11.105,32.574292,7.769744,16.678814,43.126784,26.738302,36.000236,24.556883,24.556883,,16.622684,,,26.79411,26.79411,13.55401,,24.556883,,27.681386,22.315,22.315,10.983005,20.7666,31.0465,47.626477,,,34.6876,9.220427,28.4,28.66,32.211527,11.6078,24.382385,28.286715,23.9,17.323134,12.74945,23.6625,,43.3275
2006-07-28,45.0298,46.3651,35.460589,49.168941,29.69017,15.758462,12.236794,27.738412,22.595826,,6.574306,49.048843,19.549798,2.7932,11.14,33.293618,7.892853,17.29119,43.672758,27.57653,36.437117,24.838123,24.838123,,16.701446,,,27.62028,27.62028,14.618155,,24.838123,,27.857308,22.385,22.385,11.095788,20.8128,31.0185,48.114235,,,35.5527,9.267855,28.93,28.69,32.247114,12.034,24.155158,28.403237,24.45,17.811175,13.12787,23.7964,,43.9806
2006-07-31,45.2648,45.4392,35.851741,48.290044,29.844616,15.584476,12.185648,27.670544,22.950523,,6.560499,48.172071,19.389147,2.8704,10.8,32.816692,7.871966,17.25043,42.877167,28.16075,36.278956,24.625259,24.625259,,16.693975,,,27.292645,27.292645,15.185309,,24.625259,,28.041332,22.995,22.995,10.996784,20.8775,30.9534,48.304849,,,35.3492,9.251831,29.45,28.45,31.756143,12.0056,24.165038,28.712676,23.96,17.668051,12.74945,23.6357,,44.0479
2006-08-01,45.0392,45.4572,35.770296,48.563082,29.751159,15.606235,12.287941,27.791289,23.091167,,6.521306,48.444418,19.426483,2.8112,10.51,32.527347,7.892853,17.219738,42.908357,28.203116,36.007811,24.670907,24.670907,,16.622684,,,27.207195,27.207195,14.662787,,24.670907,,28.329196,22.49,22.49,10.976115,21.0253,31.1861,48.144737,,,34.8488,9.208045,29.04,28.5,31.585363,11.9843,24.115641,27.125355,23.38,17.290609,12.406983,23.4618,,43.4812
2006-08-02,45.0016,45.5471,34.922892,48.536425,29.889281,15.707689,12.486639,27.730871,22.938259,,6.592757,48.417817,19.407815,2.9144,10.905,32.996499,7.834434,17.29119,41.74616,27.864376,36.354249,24.655722,24.655722,,16.622684,,,27.79118,27.79118,15.057845,,24.655722,,27.961334,23.035,23.035,11.000867,21.1177,31.6143,48.167636,,,35.3492,9.162073,29.52,28.6,31.457324,12.034,24.599732,26.980692,23.93,17.453231,12.578169,23.5956,,44.2688
2006-08-03,44.87,45.628,34.222124,48.349924,29.657703,15.613489,12.287941,27.859157,23.146135,,6.572015,48.2319,19.426483,2.8581,10.95,32.980851,7.844854,17.219738,41.480902,28.101513,36.203573,24.69373,24.69373,,16.513858,,,27.983466,27.983466,15.108811,,24.69373,,28.041332,21.495,21.495,11.024257,20.9421,31.5585,47.89321,,,35.205,9.166443,29.74,28.45,31.443108,11.9843,24.698526,26.896273,24.01,17.635438,12.289872,23.8833,,43.9806
2006-08-04,44.8606,45.8167,33.333998,48.429895,29.812058,15.852663,12.197055,27.693167,22.938259,,6.521306,48.311606,19.564696,2.8372,11.235,32.683731,7.790632,17.38307,41.426295,27.830539,36.361734,24.686091,24.686091,,16.450129,,,27.769795,27.769795,14.713753,,24.686091,,28.257207,20.125,20.125,10.987173,20.7482,31.3071,48.144737,,,35.2643,9.114602,29.58,28.3,31.47154,12.098,24.728164,26.606949,23.78,17.505341,12.145771,23.6558,,44.7202
2006-08-07,45.2815,45.8976,33.757655,48.141961,29.393567,15.917941,11.986949,27.414063,22.944346,,6.449917,48.024351,19.396596,2.786,11.23,32.90261,7.728016,17.352476,40.778882,27.551129,36.045412,24.876131,24.876131,,16.360115,,,27.606023,27.606023,14.522557,,24.876131,,28.201236,14.92,14.92,10.877111,20.665,31.3537,48.137134,,,35.1965,9.081056,29.3,28.25,30.937921,12.0767,24.728164,26.687306,23.75,17.355658,11.929477,23.87,,44.5281
2006-08-08,45.4707,45.3853,33.749528,48.309351,29.47079,15.990383,12.117575,28.138261,22.938259,,6.433757,48.191364,19.85611,2.7514,11.06,33.058994,7.790632,16.954358,40.895962,27.432561,36.474719,25.119362,25.119362,,16.435097,,,27.420866,27.420866,14.31721,,25.119362,,28.433222,14.75,14.75,11.042118,20.8405,31.5305,48.487679,,,35.875,9.165715,29.0,28.23,30.902334,11.7996,24.79732,26.888247,24.11,17.225472,11.884463,23.6558,,44.4993
2006-08-09,45.395,45.2324,34.067271,48.249079,29.3611,16.004889,11.94721,28.266547,22.968787,,6.399208,48.131243,19.822454,2.659,11.175,32.675858,7.805201,16.882906,40.981759,27.601931,36.309074,25.347315,25.347315,,16.412593,,,27.27126,27.27126,14.246649,,25.347315,,28.425213,14.495,14.495,11.022896,20.6835,31.1675,47.89321,,,38.2327,9.156204,31.91,28.27,30.752925,11.7499,24.757802,26.924413,24.51,17.147396,11.83039,23.435,,43.8174
2006-08-10,45.6031,45.6639,33.056978,48.255841,29.369172,16.186128,12.100557,28.409824,23.305132,,6.535113,48.137967,19.863559,2.6287,11.185,32.840115,7.851125,17.189143,41.207961,27.40716,36.775981,25.651379,25.651379,,16.468852,,,27.912272,27.912272,14.682975,,25.651379,,28.825111,13.9,13.9,11.077927,20.859,31.4933,48.167636,,,40.4548,9.28465,31.72,28.3,30.994786,11.963,24.866476,26.968604,24.22,17.17992,12.010539,24.1644,,44.9027
2006-08-11,45.5937,45.8437,33.268806,48.382952,29.287913,16.207888,11.975635,28.651224,23.390807,,6.438401,48.264835,19.874778,2.6266,11.095,32.151987,7.869891,17.127955,40.973892,27.483363,36.858849,25.643739,25.643739,,16.416374,,,27.926529,27.926529,14.342841,,25.643739,,28.51322,14.525,14.525,11.116457,20.7112,31.5305,48.266744,,,40.4463,9.253288,31.22,28.22,31.06596,11.9204,25.044305,27.16152,24.29,17.225472,12.118686,24.1711,,44.8547
2006-08-14,45.4234,45.7898,32.682079,48.369623,29.218852,16.461568,12.015374,28.636142,23.402982,,6.43611,48.251485,19.930871,2.6561,11.325,32.238003,7.859471,17.372905,41.239151,27.779737,37.355874,25.932618,25.932618,,16.502607,,,27.997722,27.997722,14.747202,,25.932618,,28.51322,14.725,14.725,11.077927,20.7759,31.605,48.739206,,,40.8449,9.358341,31.39,28.42,31.223546,12.0909,24.886235,27.607595,25.1,17.433734,12.145771,24.2715,,45.1812
2006-08-15,45.868,45.8976,33.423569,48.610614,29.848652,16.519593,12.106168,28.749346,23.641477,,6.539757,48.491872,20.001772,2.843,11.5325,32.034773,7.926236,17.393334,41.005083,27.940578,37.461375,25.468978,25.468978,,16.626465,,,28.339614,28.339614,14.881989,,25.468978,,28.593125,14.48,14.48,11.132957,20.7943,31.6516,48.46487,,,41.5064,9.348144,32.01,28.53,31.574399,12.1051,25.192497,27.844702,25.4,17.752596,12.199749,24.7533,,45.2005
2006-08-16,46.2558,46.1583,33.039721,49.78215,30.230639,16.454315,12.026689,28.673847,24.112378,,6.601921,49.660576,20.09897,2.8632,11.72,32.15986,7.911619,17.281024,40.841355,28.02531,37.67977,25.354955,25.354955,,16.630156,,,29.101718,29.101718,15.170762,,25.354955,,28.5772,15.07,15.07,11.102678,20.9514,31.6516,48.236242,,,41.5997,9.42989,32.84,28.46,31.939653,12.0269,25.419723,28.005416,25.47,17.960858,12.452093,25.1481,,45.1812
2006-08-17,46.1802,45.61,32.451624,49.434041,29.946144,16.425302,11.986949,28.492865,23.886149,,6.217237,49.313297,19.815005,2.7413,11.805,31.815796,7.86362,17.321882,41.363914,27.373323,37.280581,25.012884,25.012884,,16.573897,,,30.625836,30.625836,15.254187,,25.012884,,28.393176,15.03,15.03,11.104038,20.8498,31.093,47.756088,,,41.3962,9.351058,32.04,28.23,32.125858,12.0554,25.202376,28.190306,25.46,17.960858,12.902611,24.9206,,45.3541
2006-08-18,46.1612,46.4549,33.652288,48.851605,30.015295,16.454315,12.140297,28.628601,23.543626,,6.237978,48.732258,19.923332,2.7355,11.73,32.120789,7.855275,17.240166,41.980136,27.838975,37.408624,24.746923,24.746923,,16.622684,,,30.5689,30.5689,15.106535,,24.746923,,28.409194,15.095,15.095,11.546836,20.8498,31.2699,48.02282,,,41.5149,9.483874,31.78,28.23,32.376546,11.9985,25.103582,27.86878,25.67,17.856727,12.848537,25.0745,,45.431
2006-08-21,46.1802,46.0594,33.856538,48.610614,30.108751,16.584781,12.202758,28.658765,23.445775,,6.161946,48.491872,19.885997,2.6908,11.67,32.347541,7.932507,17.036074,42.034743,27.652733,37.325757,25.104084,25.104084,,16.577678,,,30.547514,30.547514,15.074471,,25.104084,,28.71317,14.755,14.755,11.512473,20.7851,31.5771,48.243845,,,41.5743,9.467807,32.08,28.25,32.612833,11.8564,25.103582,27.8125,25.4,17.778651,13.055772,24.9072,,45.796
2006-08-22,46.1329,46.8774,33.897352,48.630705,29.913677,16.468821,12.185648,28.568274,23.372454,,6.214946,48.511944,19.85611,2.6785,11.74,32.386612,7.886582,17.117691,41.855374,28.592565,37.506551,24.891315,24.891315,,16.66022,,,31.252592,31.252592,14.920485,,24.891315,,28.889091,15.215,15.215,11.500055,20.6835,31.6236,48.579184,,,41.7948,9.463437,32.06,28.09,33.028169,11.9133,25.143099,27.888894,25.58,17.778651,13.11881,25.0477,,45.892
2006-08-23,46.2085,46.9134,34.011666,48.23575,30.124985,16.722501,12.282237,27.753494,23.519186,,6.16888,48.117894,19.900985,2.6165,11.535,32.277173,7.926236,17.02581,41.96505,28.795772,37.212772,24.967331,24.967331,,16.626465,,,31.409326,31.409326,14.759968,,24.967331,,28.457156,15.24,15.24,11.505584,20.8313,31.8657,48.830711,,,41.5403,9.426934,32.16,28.49,34.16686,11.8493,25.340688,27.768309,25.19,17.986913,13.055772,24.8336,,44.5665
2006-08-24,46.6342,47.228,34.093384,48.208897,29.998971,16.860221,12.390142,28.138261,23.855531,,6.111298,48.091195,20.001772,2.6295,11.595,32.292723,7.600758,16.903335,42.027801,28.871974,37.506551,25.218107,25.218107,,16.697756,,,31.587355,31.587355,14.721472,,25.218107,,28.673124,14.865,14.865,11.614199,20.7482,32.0425,48.884022,,,41.7524,9.397757,32.38,29.23,34.037892,11.7641,25.735864,27.756221,24.86,18.045404,12.839477,24.8001,,44.2304
2006-08-25,46.7856,47.3808,34.093384,47.53277,30.092428,17.193687,12.429881,28.145802,23.702622,,6.11588,47.416613,20.214746,2.5934,11.7,32.331892,7.604907,17.015645,42.26298,28.905811,37.498976,24.982515,24.982515,,16.701446,,,31.331004,31.331004,14.766401,,24.982515,,28.553173,14.97,14.97,11.564697,20.9421,32.0053,48.914523,,,41.7439,9.358341,31.99,29.25,34.195479,11.8422,25.943332,27.929023,25.09,18.409906,13.037747,24.6864,,44.3648
2006-08-28,46.5964,47.3269,34.052571,48.202233,29.90964,17.258875,12.424178,28.274088,23.879971,,6.127396,48.084472,20.218516,2.7528,11.825,32.715028,7.513105,17.076834,42.027801,28.541763,37.815298,25.104084,25.104084,,16.772737,,,31.373684,31.373684,14.69584,,25.104084,,28.601135,14.665,14.665,11.557808,21.3394,32.3777,49.539494,,,41.6506,9.355428,32.86,29.48,34.353065,11.8849,25.953211,28.001354,25.02,18.598583,13.055772,24.7934,,44.1247
2006-08-29,47.2112,47.9651,33.676849,48.423133,30.714155,17.324153,12.515064,28.319334,23.965647,,6.219527,48.304883,20.128857,2.7427,11.93,32.816692,7.767669,17.066668,41.980784,29.083617,38.176795,25.415786,25.415786,,16.934041,,,31.551803,31.551803,14.721472,,25.415786,,29.017052,14.72,14.72,11.486362,21.2562,32.5918,50.156862,,,41.905,9.400671,31.07,29.7,34.689608,11.8778,26.536096,28.211312,25.7,18.962997,13.515254,25.195,,44.3648
2006-08-30,46.7761,47.7134,33.660506,48.771242,30.742586,17.273381,12.605858,28.183507,24.026792,,6.277171,48.652162,20.278288,2.7853,11.92,32.824467,7.619523,17.076834,41.894524,29.261423,38.298797,25.643739,25.643739,,16.866531,,,31.744089,31.744089,14.715039,,25.643739,,28.833121,14.365,14.365,11.608671,21.3486,32.508,50.027252,,,41.9814,9.432804,32.12,29.79,34.675299,11.8849,26.773202,28.045842,26.03,18.88492,13.334623,25.6099,,44.8163
2006-08-31,46.7099,47.5156,33.627819,48.60395,31.278929,17.251622,12.662708,28.341956,24.228581,,6.254139,48.485246,20.259621,2.7824,11.775,32.715028,7.646635,16.974787,42.302223,29.210621,38.404839,25.772947,25.772947,,16.810272,,,31.437839,31.437839,14.638046,,25.772947,,29.128993,13.76,13.76,11.486362,21.2378,32.5918,49.752916,,,41.9559,9.497027,32.12,30.03,34.825731,11.8138,26.960911,28.380844,25.5,18.878451,13.307441,25.8508,,44.5857
2006-09-01,46.7761,47.8482,34.297543,48.316015,31.530867,17.302394,12.651302,28.53057,24.283639,,6.392335,48.19799,20.308175,2.7391,11.75,32.777522,7.696708,17.046239,42.545177,29.794841,38.268499,25.856603,25.856603,,16.907847,,,31.801025,31.801025,14.862691,,25.856603,,29.35297,13.745,13.745,11.524806,21.3117,32.657,49.851934,,,42.1679,9.460524,31.76,30.43,35.069172,11.8635,26.98067,28.312278,25.54,18.917445,13.289417,25.7571,,44.8643
2006-09-05,46.6342,48.4415,34.338447,48.188806,31.526741,17.164674,12.753503,28.560733,24.075673,,6.378528,48.071122,20.293187,2.7961,11.6,32.801044,7.594487,17.02581,40.702895,29.210621,38.086714,25.727395,25.727395,,16.874002,,,31.25972,31.25972,14.759968,,25.727395,,29.128993,14.025,14.025,11.362521,21.441,32.0146,49.691913,,,41.8287,9.450327,32.54,29.91,35.040554,11.8493,26.783082,28.34458,25.51,18.904417,13.343587,25.7303,,44.3264
2006-09-06,45.395,49.1876,33.301037,48.12187,31.216864,17.08498,12.560507,28.734265,23.959469,,6.250052,48.004375,20.341741,2.7153,12.675,33.066867,7.542338,17.715014,40.671519,29.075181,38.056416,25.461339,25.461339,,16.768956,,,31.173728,31.173728,14.477628,,25.461339,,29.28899,13.85,13.85,11.359799,21.21,31.9212,49.714902,,,41.5743,9.517463,32.51,29.64,34.746938,12.329,26.743564,28.174948,24.63,18.748265,13.479108,25.2552,,44.2496
2006-09-07,44.7707,49.0528,32.614969,48.12187,31.012911,17.055967,12.191351,28.319334,24.760628,,6.118171,48.004375,20.083982,2.7124,13.125,32.894835,7.519376,17.199602,40.39719,28.88041,37.730717,25.660433,25.660433,,16.690195,,,30.922972,30.922972,14.220919,,25.660433,,29.128993,13.73,13.73,11.286907,21.0715,31.6877,49.1713,,,41.3877,9.449513,32.4,29.65,34.575042,11.9703,26.960911,28.110346,24.29,18.696244,13.659836,25.0611,,43.8654
2006-09-08,44.8559,48.5853,32.337219,48.362861,31.119013,17.048714,12.185648,28.047771,25.745134,,6.034894,48.244762,19.867329,2.7131,12.995,32.636787,7.556955,17.379454,40.248271,29.430794,37.844333,25.760027,25.760027,,16.731511,,,30.944538,30.944538,14.163224,,25.760027,,29.305008,13.73,13.73,11.409302,21.1269,31.7998,49.56176,,,43.1942,9.545483,32.15,29.78,34.746938,12.0954,27.405484,28.203286,24.28,18.592113,13.732127,25.2686,,44.2304
2006-09-11,44.7424,48.7471,31.308117,48.416469,30.972191,17.034207,11.884748,28.251466,25.628931,,6.129749,48.298159,19.788888,2.6821,12.835,32.691506,7.544413,17.669074,39.699428,28.982014,37.957949,25.859526,25.859526,,16.712698,,,31.410228,31.410228,14.240217,,25.859526,,29.264963,13.325,13.325,11.46161,20.8775,31.7998,49.554066,,,44.2119,9.601608,32.08,29.49,34.546424,12.297,27.277052,27.504845,24.78,18.728768,13.524314,25.2016,,43.462
2006-09-12,44.7991,48.4954,30.360551,50.103504,30.800885,17.034207,11.86773,28.04023,26.17933,,6.312525,49.981156,19.729116,2.7319,13.025,32.535122,7.584066,17.910408,40.06011,28.74497,38.230627,25.943747,25.943747,,16.799021,,,32.012079,32.012079,14.214487,,25.943747,,29.400932,14.24,14.24,11.42172,21.1916,31.7438,49.921627,,,44.7547,9.591283,33.13,29.54,34.78271,12.465,27.533917,27.290824,24.74,19.080155,13.56046,25.2953,,43.3659
2006-09-13,44.3734,48.5772,30.924178,49.962967,30.68671,17.077726,11.822103,28.047771,25.720694,,6.328747,49.840939,19.617019,2.7167,13.22,32.449106,7.586141,18.067387,39.832705,28.5756,37.609436,25.691084,25.691084,,16.851859,,,32.191191,32.191191,14.484061,,25.691084,,29.536901,14.88,14.88,11.496738,20.9083,31.7531,49.492882,,,45.2296,9.733011,33.7,29.39,34.861504,12.5742,27.425243,26.959786,24.92,19.093182,13.777237,25.2953,,43.6637
2006-09-14,44.3924,48.6771,31.495932,50.444949,30.719357,17.034207,11.810788,28.206129,25.543345,,6.213026,50.321809,19.486255,2.6706,13.185,32.175508,7.546488,18.09153,40.107127,28.473996,38.026119,26.066259,26.066259,,16.840607,,,32.119546,32.119546,14.240217,,26.066259,,29.393016,16.715,16.715,11.538415,20.9826,31.9959,49.423913,,,43.0754,9.693166,33.65,29.3,34.78271,12.591,27.277052,27.282799,24.55,19.067127,14.256093,25.2953,,43.558
2006-09-15,44.7518,49.0496,31.144681,50.55883,30.886538,16.9255,11.810788,28.138261,25.457759,,6.317169,50.435327,19.785119,2.6345,13.245,32.316244,7.460957,18.103553,40.718629,28.372393,37.654883,26.020329,26.020329,,16.848078,,,32.33448,32.33448,14.182423,,26.020329,,29.528985,16.365,16.365,11.552279,20.9547,32.3321,49.791474,,,43.033,9.685754,33.48,29.24,34.675299,12.5994,27.47464,27.452331,24.37,19.190755,14.409639,25.282,,44.2784
2006-09-18,44.5721,49.195,31.520402,50.083414,30.80501,16.896487,11.844917,28.047771,25.292585,,6.26163,49.961083,19.688011,2.6338,13.255,32.222355,7.452612,18.055267,39.675919,28.262354,37.488246,26.10455,26.10455,,16.787679,,,32.255617,32.255617,14.195288,,26.10455,,29.177048,16.58,16.58,11.524551,19.9701,32.052,49.370331,,,42.9906,9.752205,33.43,28.22,33.973501,12.5658,27.286932,27.464419,23.81,19.138734,14.463906,25.1147,,43.2891
2006-09-19,44.9505,49.2222,31.430557,49.87594,31.278033,16.795033,11.901859,27.730871,25.971453,,6.180644,49.754119,19.684241,2.6648,13.18,32.370964,7.442191,18.07941,40.334439,28.406323,37.579139,26.043341,26.043341,,16.764996,,,32.327262,32.327262,14.131061,,26.043341,,29.321027,17.595,17.595,11.466118,19.6265,32.2761,49.592352,,,43.1942,9.527789,33.6,27.93,34.317199,12.5826,27.267173,27.500783,23.75,19.047631,14.536101,25.0477,,43.2795
2006-09-20,45.0734,49.1496,31.618464,49.588005,31.351399,16.860221,11.856323,27.466849,25.959188,,6.284787,49.466961,19.807556,2.698,13.405,32.725854,7.546488,18.344984,40.671519,27.965979,37.49582,26.10455,26.10455,,16.79146,,,32.742873,32.742873,14.330075,,26.10455,,29.385007,17.475,17.475,11.4759,19.6358,32.4162,49.860352,,,43.2366,9.059719,33.61,28.0,34.367374,12.7674,27.494399,27.605712,23.91,19.229838,14.373494,25.282,,43.3659
2006-09-21,45.064,49.1041,32.018655,49.065841,30.760076,17.164674,11.822103,27.202827,25.898042,,6.20151,48.946043,20.453837,2.6699,13.24,32.883517,7.563179,18.477723,40.514733,28.076112,37.677606,26.01269,26.01269,,16.697036,,,32.391778,32.391778,14.52899,,26.01269,,29.400932,17.54,17.54,11.38421,19.8494,32.1827,49.469892,,,42.7871,9.118801,33.73,27.58,34.367374,12.8598,27.31657,27.060752,23.03,19.080155,14.346409,24.7265,,43.1162
2006-09-22,44.6005,49.3858,31.430557,49.018996,30.772363,17.034207,11.691201,27.300949,25.677901,,6.148262,48.899271,20.636925,2.6727,13.135,32.875644,7.515227,18.501866,40.475583,27.754336,37.814035,26.227062,26.227062,,16.617644,,,31.96191,31.96191,14.310777,,26.227062,,29.313018,16.755,16.755,11.43839,19.7101,32.0053,49.217188,,,42.151,9.157189,33.42,27.31,34.424611,12.8766,27.257293,27.185895,22.51,18.936942,14.409639,24.325,,43.0682
2006-09-25,45.168,48.6771,30.728146,49.802241,31.265745,17.389342,11.901859,27.54989,25.659548,,6.199157,49.680649,20.577152,2.6157,13.265,33.214688,7.594487,18.767343,40.750005,27.889776,38.056416,27.03117,27.03117,,16.772557,,,32.033555,32.033555,14.484061,,27.03117,,29.568938,17.69,17.69,10.707511,19.9887,32.6403,49.822066,,,43.1009,8.822022,33.61,27.33,34.66099,13.0614,27.296811,27.67844,24.3,19.125707,14.572246,24.5258,,43.6445
2006-09-26,45.2815,48.5499,31.642933,50.819911,31.298392,17.59234,11.930375,27.338654,25.494464,,6.187579,50.695786,20.782587,2.6489,13.14,33.435535,7.538142,19.250108,41.322264,27.974508,38.048842,27.337402,27.337402,,16.8632,,,32.463423,32.463423,14.439132,,27.337402,,29.632918,17.27,17.27,10.526854,19.9423,32.9485,50.097759,,,42.6599,8.85891,32.43,27.24,34.768401,13.3974,28.037767,27.827759,24.11,19.314383,15.014957,24.151,,43.5772
2006-09-27,44.8559,48.9951,30.834334,50.210622,31.184217,17.744566,11.936079,27.361277,25.543345,,6.192222,50.088048,21.025447,2.6554,13.31,33.277773,7.577795,19.310417,41.47905,27.982944,37.806461,27.567147,27.567147,,16.889664,,,32.628187,32.628187,14.342841,,27.567147,,30.624655,17.455,17.455,10.739407,19.9608,33.3034,50.465229,,,41.8287,9.266441,33.4,27.5,34.718226,13.4394,28.15632,27.613837,24.39,19.359935,14.897556,24.5258,,43.9902
2006-09-28,45.3761,49.1405,30.760833,50.41153,31.135247,17.788086,11.901859,27.119877,25.800192,,6.196866,50.288386,21.212214,2.7312,13.09,33.285745,7.552759,19.346681,41.75338,27.550098,37.730717,27.452275,27.452275,,16.980308,,,32.413253,32.413253,14.220919,,27.452275,,29.904856,17.24,17.24,10.695008,19.9516,33.2754,49.998198,,,41.5488,9.266441,33.5,26.96,34.639526,13.4646,28.502099,27.557261,24.16,19.21681,14.536101,24.499,,44.2016
2006-09-29,44.941,49.8128,30.940522,50.284321,31.257583,17.744566,11.862027,27.534808,25.696253,,6.220023,50.161519,21.144992,2.6547,12.78,33.064899,7.506882,19.394967,41.902391,27.617959,37.510969,27.306845,27.306845,,16.878323,,,32.069377,32.069377,14.131061,,27.306845,,30.376744,16.24,16.24,10.63666,19.8215,33.154,49.967515,,,40.9043,9.149777,32.85,27.02,34.338756,13.4982,28.432943,27.815671,23.65,19.073597,14.346409,24.4455,,44.24
2006-10-02,44.9221,50.1307,31.079397,50.090176,31.326913,17.701047,11.770865,27.323572,25.096973,,6.143618,49.967806,21.077771,2.6662,12.695,33.072772,7.517302,19.394967,41.620195,26.998403,37.30646,27.03117,27.03117,,16.810362,,,32.162497,32.162497,13.778161,,27.03117,,30.208738,15.765,15.765,10.635214,19.8122,32.9018,49.255474,,,40.7516,9.183752,31.29,27.11,34.34591,13.4982,28.502099,27.726892,23.49,18.924003,14.210887,24.3585,,43.558
2006-10-03,44.6383,49.5856,30.229893,49.822332,31.110851,17.73006,11.856323,27.157582,25.139766,,6.185288,49.700624,20.823692,2.6684,12.635,32.788939,7.377501,19.382847,41.09486,26.565557,37.336758,27.054088,27.054088,,16.833046,,,32.05503,32.05503,13.129956,,27.054088,,30.056844,15.55,15.55,10.510183,19.7379,30.6044,49.508178,,,40.336,9.154233,32.18,26.6,34.317199,13.4898,28.452702,27.621863,23.5,18.949969,13.99411,24.3384,,43.8942
2006-10-04,45.2437,50.049,30.262581,50.203958,31.347362,17.911299,12.038556,27.574784,25.463847,,6.331038,50.081325,20.954456,2.7579,12.83,33.12011,7.483919,19.708731,41.361415,27.227573,37.594287,27.268554,27.268554,,16.923689,,,32.843121,32.843121,13.733232,,27.268554,,30.547078,16.12,16.12,10.685227,19.8215,30.7725,49.699606,,,42.1595,9.313698,33.18,26.89,34.832885,13.7165,28.729325,27.896424,23.93,19.230635,13.822443,24.6061,,43.7117
2006-10-05,44.6761,50.8666,30.548457,50.505221,31.155696,18.12146,11.856323,27.612761,25.469934,,6.338035,50.381832,21.063501,2.8019,13.055,33.262027,7.556955,19.901876,41.643703,28.398825,37.798886,27.138309,27.138309,,16.935031,,,33.351852,33.351852,14.022004,,27.138309,,30.305966,15.84,15.84,10.893697,19.7379,30.539,49.600045,,,42.8125,9.324023,33.42,26.89,35.040554,13.8509,28.610773,26.075662,24.58,19.472042,13.804322,24.6602,,44.1343
2006-10-06,44.5342,49.9581,30.221767,49.762158,30.935419,18.114207,11.75955,27.605129,25.25597,,6.317169,49.6406,20.883016,2.7442,12.785,32.938729,7.506882,19.901876,41.659345,28.432755,37.639734,27.314484,27.314484,,16.908567,,,32.828864,32.828864,13.835955,,27.314484,,29.992491,15.745,15.745,10.924232,19.645,30.3989,49.324352,,,42.3969,9.220684,33.24,26.77,34.990379,13.8509,27.632711,26.592482,24.14,19.224077,13.732127,24.6467,,44.3552
2006-10-09,44.4491,49.7582,31.446901,49.976394,30.645901,18.12146,11.862027,27.749315,25.188647,,6.233892,49.854288,20.950686,2.7341,13.01,33.22266,7.536068,19.757017,42.019934,28.449814,37.510969,27.352775,27.352775,,16.780118,,,33.072402,33.072402,13.746097,,27.352775,,30.225595,15.91,15.91,10.942349,19.6636,30.4923,48.788443,,,42.5581,9.256116,33.11,26.72,35.162274,13.7501,27.356087,26.402737,24.0,19.197934,13.641715,24.5451,,44.4897
2006-10-10,45.3856,49.8763,30.319738,50.116931,30.401228,18.186739,11.691201,27.650647,25.164207,,6.097367,49.994505,20.961995,2.7211,13.045,33.364577,7.531918,19.672565,41.39279,28.61103,37.230716,27.590159,27.590159,,16.644108,,,32.964935,32.964935,13.733232,,27.590159,,29.984482,15.98,15.98,10.845045,19.4593,29.9133,48.551036,,,42.1171,9.102563,32.99,26.3,34.804174,13.6913,27.385726,26.439002,23.72,19.11968,13.578485,24.4706,,44.0767
2006-10-11,44.9032,49.9036,29.944016,50.076749,30.315575,18.201245,11.787975,27.627934,25.194735,,6.118171,49.954457,20.830423,2.7023,13.115,33.167449,7.488069,19.757017,41.674987,29.060841,37.132249,27.482926,27.482926,,16.666791,,,32.735654,32.735654,13.592012,,27.482926,,29.566609,16.165,16.165,10.953406,19.4871,30.0254,48.895607,,,41.9305,9.129126,33.21,26.65,34.675299,13.7501,27.267173,26.160477,23.59,19.047896,13.479108,24.6399,,43.9473
2006-10-12,45.1113,50.7394,29.993047,50.900176,30.401228,18.157726,11.993021,27.597588,25.25597,,6.178353,50.775882,20.773971,2.7918,13.36,32.930855,7.552759,19.841469,41.769114,29.11183,37.109526,27.620811,27.620811,,16.640327,,,33.358981,33.358981,13.559948,,27.620811,,29.904111,15.83,15.83,10.946516,19.5243,30.511,48.122291,,,42.0577,9.231009,34.58,26.0,34.66099,13.8089,27.346208,26.866944,23.98,19.485069,13.542339,25.0123,,44.1887
2006-10-13,45.414,50.6486,30.164519,50.77973,30.250371,18.208499,11.913265,27.248617,25.164207,,6.111236,50.655641,20.695082,2.7817,13.525,32.86777,7.49434,19.950162,41.745605,28.68742,36.283826,27.391066,27.391066,,16.628985,,,33.423497,33.423497,13.746097,,27.391066,,29.526377,16.395,16.395,11.064573,19.3757,30.2495,47.816005,,,42.4224,9.248704,34.93,26.11,34.510558,13.8845,27.13874,26.955822,24.06,19.341501,13.641715,24.9717,,44.0052
2006-10-16,45.9626,50.6849,31.087524,51.288565,30.221849,18.411407,11.941782,27.483748,25.237617,,6.164484,51.163209,20.796588,2.8913,13.905,32.804685,7.473499,20.022494,41.39279,28.203679,36.639913,27.444635,27.444635,,16.715938,,,33.609827,33.609827,14.156791,,27.444635,,29.727351,16.795,16.795,10.988193,19.4128,30.2122,47.992137,,,42.4393,9.140951,35.06,26.0,34.675299,13.9349,27.207896,27.097116,24.51,19.491627,13.533375,24.9853,,44.1694
2006-10-17,45.9721,50.6849,30.442269,50.478466,29.916008,18.686847,11.941782,27.567243,25.586138,,6.136684,50.355133,20.984522,2.8697,13.96,32.804685,7.463032,20.034614,41.196854,28.543169,37.261014,27.299206,27.299206,,16.542122,,,33.380546,33.380546,13.977075,,27.299206,,29.719249,16.415,16.415,10.872859,19.4128,29.8759,47.75473,,,41.8711,9.058263,35.73,26.24,34.696763,13.9433,27.257293,27.343339,24.62,19.530798,13.5514,24.9785,,44.295
2006-10-18,46.0477,50.585,30.393238,50.505221,29.969015,18.715859,12.049963,27.521725,25.659548,,6.192222,50.381832,21.055962,2.8985,13.96,33.009687,7.479817,20.263925,41.314397,28.517675,37.526118,27.291472,27.291472,,16.606392,,,33.136918,33.136918,14.253082,,27.291472,,29.91212,16.7,16.7,10.885362,19.4778,29.96,48.382597,,,42.1086,9.08187,35.58,26.4,35.040554,14.1029,27.365967,27.49672,24.56,19.52424,13.542339,24.9853,,44.4785
2006-10-19,45.4045,50.7212,30.956866,50.619004,29.793672,18.679593,11.930375,27.529266,25.414966,,6.192222,50.495448,21.010818,2.9,14.055,32.938729,7.41277,20.324234,39.495625,28.52611,37.442799,27.322124,27.322124,,16.965185,,,33.201435,33.201435,14.304345,,27.322124,,30.008603,16.275,16.275,11.142398,19.3478,29.9226,48.099301,,,42.4902,9.140951,35.79,25.95,34.904431,14.1449,27.227655,27.395853,24.56,19.609051,13.406817,25.0056,,44.2757
2006-10-20,44.7613,50.7031,30.630176,50.545403,29.581556,18.802898,11.884748,27.855523,25.25597,,6.224605,50.421978,20.973213,2.9216,14.19,32.796812,7.475621,20.312212,40.020867,28.627995,37.412502,27.176599,27.176599,,17.660269,,,33.065274,33.065274,14.400635,,27.176599,,29.74337,16.405,16.405,11.070187,19.5614,29.9787,48.091698,,,43.0415,9.075957,36.28,26.03,34.868658,14.1365,27.31657,27.601749,24.33,19.485069,13.144834,24.8498,,45.2319
2006-10-23,45.0167,50.6758,30.385112,50.378013,29.361369,18.846326,11.9588,27.999618,25.249792,,6.296365,50.254964,21.21383,2.8949,14.265,32.575965,7.500752,20.396664,40.020867,28.475215,37.68518,27.796892,27.796892,,17.860549,,,33.308902,33.308902,14.439132,,27.796892,,29.73536,16.37,16.37,11.138231,19.7379,30.2122,48.374994,,,43.3214,9.288591,37.2,26.21,35.018997,14.1953,27.445002,27.888398,24.47,19.974529,13.108689,24.9853,,51.4135
2006-10-24,44.3545,50.7758,31.014023,50.538739,29.071851,18.708606,11.953097,27.77966,25.702341,,6.250052,50.415254,21.146159,2.8733,14.015,32.48926,7.494481,20.396664,40.412832,31.318518,37.617011,27.0771,27.0771,,17.766035,,,33.244385,33.244385,14.509692,,27.0771,,29.638878,16.125,16.125,11.091025,19.8215,30.1468,48.39029,,,42.6599,9.508594,36.77,25.9,34.947451,14.1953,27.217776,27.63405,24.36,20.072368,12.937118,24.9853,,51.3265
2006-10-25,45.2721,51.6297,31.691964,50.090176,29.381728,18.860832,11.981614,27.650647,25.60449,,6.305591,49.967806,21.225138,2.8668,14.24,32.962348,7.498677,20.565666,40.459942,31.233599,37.601862,27.061821,27.061821,,17.826524,,,33.22291,33.22291,14.657344,,27.061821,,29.64698,16.285,16.285,11.407771,18.5397,29.9974,48.727168,,,42.6768,9.656234,36.24,25.8,34.84004,14.3129,27.188137,27.868185,24.71,20.287719,12.955143,24.9853,,50.8629
2006-10-26,45.6126,48.9588,32.565938,51.469284,29.418501,18.780594,11.901859,27.810005,25.690076,,6.381995,51.343572,21.21006,2.8718,14.26,33.09649,7.519612,20.686382,41.134103,31.547689,38.033693,26.410877,26.410877,,17.807621,,,33.903534,33.903534,13.033764,,26.410877,,29.791611,16.63,16.63,11.334113,18.8648,29.8199,48.865015,,,42.6005,9.567633,36.25,26.28,35.054863,14.3969,27.326449,27.63405,25.6,20.751035,12.964203,25.053,,50.6118
2006-10-27,45.1207,48.4318,32.15753,51.51613,29.50819,18.941162,11.674091,27.680992,25.745134,,6.349551,51.390344,21.296578,2.8437,14.045,33.12011,7.551014,20.601832,41.087086,31.360978,37.874631,26.495098,26.495098,,17.705636,,,33.079621,33.079621,12.860481,,26.495098,,29.494248,16.19,16.19,11.373068,18.9113,29.6611,48.650597,,,41.9814,9.424406,36.41,26.41,34.639526,14.3381,27.267173,27.452331,25.56,20.450872,12.946082,24.9108,,50.5732
2006-10-30,44.7991,48.1865,31.479588,51.114412,29.573395,18.992206,11.446324,27.893409,25.659548,,6.321813,50.98957,21.202611,2.8228,14.195,33.127983,7.571949,20.746691,40.9303,30.826248,37.950375,26.579319,26.579319,,17.664049,,,30.249476,30.249476,12.590907,,26.579319,,29.671101,15.67,15.67,11.352229,18.9484,29.6145,48.642903,,,41.8966,9.375693,36.32,26.66,34.861504,14.4389,27.099223,27.37564,25.84,20.809792,13.12681,24.9853,,50.0999
2006-10-31,44.8559,48.659,31.446901,51.51613,29.438861,19.087132,11.4064,28.35613,25.616755,,6.287078,51.390344,21.360479,2.8545,14.115,33.24628,7.563603,20.638095,41.47905,30.715927,38.109437,26.341934,26.341934,,17.649017,,,29.052992,29.052992,12.526779,,26.341934,,30.056844,15.875,15.875,11.300771,18.9949,29.5304,48.574025,,,41.939,9.32548,36.5,26.88,35.090636,14.3633,27.158499,28.736159,25.36,20.738008,13.054519,24.9311,,50.1772
2006-11-01,45.1113,48.7589,29.903203,51.455857,29.239032,18.948415,11.674091,28.272726,25.794104,,6.148262,51.330223,21.296578,2.773,14.1,33.104364,7.496556,20.44495,41.157611,30.698962,37.707903,26.311377,26.311377,,17.618773,,,29.010042,29.010042,12.507481,,26.311377,,29.936241,15.025,15.025,11.317442,18.902,29.7452,48.505147,,,42.3376,9.394887,35.57,26.76,34.832885,14.2289,27.198017,29.022808,24.69,20.111539,12.982228,24.9649,,50.2448
2006-11-02,44.6667,48.6135,29.1272,51.85091,29.047366,18.941162,11.691201,28.394107,25.959188,,6.085789,51.724273,21.044653,2.7485,13.865,33.317238,7.442097,20.167353,41.565311,29.671961,37.56399,26.349668,26.349668,,17.645237,,,28.73772,28.73772,12.282935,,26.349668,,29.82374,14.945,14.945,11.304939,18.8834,29.8759,48.397893,,,42.4054,9.378649,35.54,26.35,35.083481,14.0357,27.533917,28.711883,24.54,20.033197,12.864827,24.9649,,50.805
2006-11-03,44.4113,48.2592,27.959223,52.319466,29.047366,18.671071,11.525987,28.113367,25.494464,,6.113527,52.191696,21.014587,2.7752,13.945,33.151603,7.39391,19.696708,41.643703,29.841706,37.397353,26.00505,26.00505,,17.565845,,,28.701897,28.701897,12.263638,,26.00505,,29.65499,15.14,15.14,11.279933,19.0413,29.5678,48.420883,,,42.5326,9.403756,36.55,25.7,34.854349,13.7081,27.365967,28.46566,25.15,20.085395,12.828681,25.1613,,50.6408
2006-11-06,44.8464,48.6408,27.951005,52.951982,29.406214,18.576145,11.696905,28.151344,25.775751,,6.111236,52.822625,21.089797,2.773,13.895,33.309365,7.452564,19.600135,41.620195,29.773846,37.56399,26.142841,26.142841,,17.682952,,,28.608777,28.608777,12.295702,,26.142841,,29.783602,13.93,13.93,11.293882,19.0506,30.2215,48.451565,,,42.8464,9.471663,36.77,26.1,35.162274,13.6409,27.395605,28.865364,25.42,20.248548,12.900972,25.791,,50.9499
2006-11-07,44.9273,48.5318,27.387378,52.851038,29.324686,18.605429,11.662684,28.120999,24.069585,,6.085789,52.721969,21.063501,2.8134,13.98,33.364577,7.465154,19.660444,41.886657,29.697456,37.700329,26.326656,26.326656,,17.724538,,,28.658947,28.658947,12.250773,,26.326656,,29.695128,13.63,13.63,11.161876,19.1342,30.0721,48.543433,,,42.8464,9.360955,35.22,26.62,35.262531,13.6829,27.178258,28.865364,24.8,20.274692,13.054519,25.9671,,51.1623
2006-11-08,44.9559,49.413,29.184357,53.147107,29.247194,18.510503,11.560207,28.272726,25.249792,,6.178353,53.017312,21.134941,2.8783,14.025,34.066385,7.419041,19.708731,41.698588,29.968992,37.571564,26.311377,26.311377,,17.709416,,,28.658947,28.658947,12.231376,,26.311377,,29.968371,14.51,14.51,11.317442,19.1806,30.3896,48.642903,,,43.6606,9.527789,35.0,26.97,35.656404,13.7165,27.425243,28.857239,24.59,20.659666,12.900972,26.7728,,50.9305
2006-11-09,44.9559,49.6038,29.208918,53.187484,29.234907,18.503159,11.446324,28.257553,25.054091,,5.960842,53.057555,21.149929,2.975,14.06,33.790425,7.29546,19.805303,41.361415,30.300047,37.473097,26.150574,26.150574,,17.622553,,,28.666075,28.666075,11.966057,,26.150574,,29.82374,12.44,12.44,11.235534,18.9205,30.1001,47.99974,,,42.7701,9.471663,34.94,26.86,35.427272,13.7837,27.425243,28.849213,28.09,20.248548,12.973264,27.8697,,50.8243
2006-11-10,45.013,49.522,28.963855,53.752672,29.365405,18.649221,11.44062,28.363761,24.870654,,6.074211,53.621347,20.811576,2.9743,14.36,33.806172,7.561481,19.744994,41.486918,29.884166,37.389779,26.227062,26.227062,,17.554503,,,28.823711,28.823711,12.205547,,26.227062,,30.193465,13.225,13.225,11.24523,18.9391,29.8012,47.892576,,,42.5157,9.597153,35.0,26.9,35.484508,13.7417,27.454882,28.954143,28.46,20.633611,12.964203,28.5062,,50.409
2006-11-13,44.7084,49.4948,28.637164,53.772861,29.381728,18.503159,11.377975,28.424452,25.139766,,6.074211,53.641517,20.894324,2.9873,14.51,34.137343,7.729053,19.696708,41.361415,29.867201,37.442799,26.648261,26.648261,,17.53191,,,28.981348,28.981348,12.186051,,26.648261,,30.418466,13.145,13.145,11.232727,18.5676,29.8293,47.019699,,,42.7616,9.594239,34.86,26.88,35.808601,13.7081,27.701867,28.881514,28.63,20.822819,13.488169,29.2984,,49.8874
2006-11-14,44.8036,49.4948,29.380389,53.994839,29.222709,18.488562,11.389382,28.447166,25.359908,,6.215379,53.863,21.078489,3.0046,14.955,34.302978,7.844241,19.648422,41.298756,30.249058,37.692755,26.985239,26.985239,,17.584748,,,29.898472,29.898472,12.315494,,26.985239,,30.555087,13.425,13.425,11.274404,18.6605,29.4744,47.425546,,,43.6521,9.546983,35.3,26.75,35.83025,13.6745,27.751264,28.812849,28.45,21.194766,14.156717,30.199,,49.984
2006-11-15,44.6608,49.8128,29.200244,54.028552,29.210511,18.466712,11.4064,28.401648,25.647283,,6.26163,53.89652,21.018357,3.0666,14.75,34.531698,7.793979,19.769137,41.39279,30.113336,37.707903,27.038809,27.038809,,17.622553,,,29.833955,29.833955,12.380216,,27.038809,,30.691709,13.79,13.79,11.428609,18.7162,29.8293,46.889546,,,43.4232,9.442144,35.72,26.97,35.967116,13.7585,27.543796,28.740221,30.28,21.638497,13.695982,30.3209,,50.2544
2006-11-16,44.8036,50.3942,29.011881,54.29767,29.373567,18.495906,11.571614,28.614065,25.836897,,6.256987,54.164969,20.965764,3.2715,14.735,34.657868,7.729053,19.793183,41.502559,30.317012,37.882205,27.260915,27.260915,,17.807621,,,30.041761,30.041761,12.587344,,27.260915,,30.876571,13.965,13.965,11.612073,18.8091,30.1748,47.318382,,,43.4995,9.579458,35.45,26.97,34.065767,13.7753,27.711746,28.748247,30.2,21.351361,13.867649,30.9776,,50.4669
2006-11-17,44.6322,50.5214,28.143568,54.61383,29.365405,18.408324,11.520376,28.485143,25.836897,,6.270918,54.480482,21.243896,3.2246,14.45,34.649897,7.705997,20.094923,41.345773,29.816212,37.988247,27.146042,27.146042,,17.852988,,,30.342686,30.342686,12.509659,,27.146042,,31.077452,13.695,13.695,11.812123,18.8927,30.1094,47.685852,,,43.4571,9.635584,35.09,26.97,33.705623,13.9853,27.553676,28.663431,30.17,21.357919,13.885674,31.1469,,50.0806
2006-11-20,44.2991,50.9302,27.439239,54.391852,29.369531,18.233159,11.901859,28.371302,25.891955,,6.240827,54.258999,21.379237,3.322,14.475,34.302978,7.764652,19.793183,41.069963,29.935062,37.851907,27.222624,27.222624,,17.769815,,,30.593443,30.593443,12.587344,,27.222624,,31.278332,13.625,13.625,11.795452,19.0134,29.9693,47.854291,,,43.5673,9.63704,35.55,27.0,34.53388,13.7753,27.425243,28.449509,30.64,21.364389,13.912759,31.3636,,49.6556
2006-11-21,44.1373,51.4662,27.611167,54.284146,29.226835,18.335339,11.765161,28.583719,25.836897,,6.222314,54.151619,21.420611,3.3581,14.915,34.594783,7.685062,19.877733,41.140859,29.968992,37.874631,26.832076,26.832076,,17.751002,,,30.271042,30.271042,12.542019,,26.832076,,31.165832,13.89,13.89,11.687092,18.9763,29.8479,47.90027,,,43.8472,9.676885,35.55,26.77,33.799283,13.8341,27.405484,28.376881,31.6,21.259992,14.003171,31.3568,,49.7425
2006-11-22,44.2801,50.9665,27.906083,54.600404,29.361369,18.40098,11.805085,28.447166,25.934748,,6.21767,54.467035,21.345401,3.3443,14.84,35.067871,7.932224,19.974305,41.818537,29.867201,38.101863,27.046448,27.046448,,17.792499,,,30.686563,30.686563,12.632669,,27.046448,,31.157822,14.015,14.015,11.688453,19.0599,30.0254,47.884974,,,43.9744,9.71086,35.82,26.99,34.087324,13.9013,27.464761,28.437421,31.65,21.344803,14.075365,31.648,,49.9936
2006-11-24,44.0516,51.2573,27.4638,54.418705,29.239032,18.262354,11.799382,28.447166,25.971453,,6.196866,54.285795,21.296578,3.3826,14.82,34.981166,7.957355,19.841469,41.850098,30.189726,37.950375,26.939215,26.939215,,17.724538,,,30.536145,30.536145,12.561416,,26.939215,,31.02921,14.205,14.205,11.637079,19.1435,29.8573,47.731831,,,43.7878,9.74038,35.9,26.97,34.180984,13.8089,27.296811,28.546413,31.63,21.246965,14.102547,31.4245,,50.3124
2006-11-27,43.9183,50.8484,27.021426,53.826665,29.014719,18.422921,11.628556,28.371302,25.225352,,6.090433,53.695207,21.037204,3.441,14.855,34.429148,7.85683,19.551849,41.605756,29.935062,37.730717,26.456807,26.456807,,17.584748,,,29.81248,29.81248,12.211979,,26.456807,,30.571199,13.89,13.89,11.591235,18.9484,29.2782,47.088668,,,42.4224,9.533701,35.82,26.8,33.734427,13.6073,27.178258,28.271852,31.19,20.738008,14.057341,31.1402,,49.53
2006-11-28,44.6322,50.8121,26.783941,53.887231,29.104498,18.714862,11.577318,28.325784,25.561697,,6.169066,53.75562,21.082258,3.5701,14.905,34.342345,7.91756,19.901876,41.700346,29.536146,37.730717,26.326656,26.326656,,17.633895,,,30.084712,30.084712,12.380216,,26.326656,,30.788191,13.645,13.645,11.62313,19.0134,29.2222,47.333678,,,43.1602,9.507095,35.47,26.9,34.476272,13.8509,27.435123,28.470614,31.6,20.914189,14.003171,31.2417,,50.0612
2006-11-29,44.3752,51.1028,28.233686,54.331286,29.218673,18.933818,11.691477,28.561006,25.946923,,6.142318,54.198586,21.052192,3.6019,14.935,34.673615,7.93642,20.193255,41.763375,29.663432,37.723774,26.66354,26.66354,,17.73651,,,30.951666,30.951666,12.490262,,26.66354,,30.964951,13.75,13.75,11.717627,19.1899,29.1288,47.831301,,,43.5588,9.588327,35.92,26.96,34.656251,14.0538,27.514158,28.653126,31.61,21.162153,14.383518,31.7496,,50.5249
2006-11-30,45.2224,50.8575,28.749744,54.432229,28.441603,18.758653,11.68007,28.87954,26.185418,,6.193523,54.299242,21.033435,3.5492,15.02,35.052125,7.934345,20.132555,41.739774,30.826248,37.929545,26.839715,26.839715,,17.808791,,,30.622047,30.622047,12.373783,,26.839715,,31.117684,14.065,14.065,11.700956,19.3571,29.2502,47.448535,,,42.9567,9.484945,36.06,26.38,34.627447,14.0115,27.64259,28.827514,32.1,21.175181,14.392579,31.5329,,50.6504
2006-12-01,45.3366,50.4033,28.528602,54.304335,27.606146,18.802444,11.720086,28.826482,26.142625,,6.114456,54.171692,21.052192,3.5954,14.99,35.11521,7.95528,20.120435,40.100741,30.800753,37.792394,26.870367,26.870367,,17.709956,,,31.059133,31.059133,12.619705,,26.870367,,31.222082,13.965,13.965,11.671782,19.3199,29.3063,47.440842,,,42.838,9.427363,36.0,26.94,34.778715,14.0031,27.82042,28.831576,31.76,21.162153,14.311131,31.3839,,50.6601
2006-12-04,45.7935,51.6388,28.544946,54.896473,27.671619,19.035997,11.879965,29.258857,26.607349,,6.223738,54.762378,21.240126,3.6618,15.44,35.485846,8.064197,20.436153,40.794153,30.936568,37.982836,26.977506,26.977506,,17.808791,,,31.854443,31.854443,12.774977,,26.977506,,31.447176,14.365,14.365,11.727408,19.6172,29.8293,48.14528,,,43.6691,9.709404,36.58,27.01,35.146014,14.2228,27.879696,28.957313,32.73,21.631939,14.691478,31.8917,,50.9595
2006-12-05,45.9648,51.766,28.323805,55.232919,27.0533,18.955759,11.954201,29.615459,26.546203,,6.235316,55.097964,21.510808,3.7296,15.48,35.541058,8.108188,20.557553,40.471141,31.326954,38.165704,26.985239,26.985239,,18.253727,,,32.012079,32.012079,12.820302,,26.985239,,31.479306,15.635,15.635,11.675949,19.7379,30.0067,49.133014,,,43.7878,9.679841,36.2,26.95,35.095653,14.3073,27.721626,29.314213,32.83,21.67111,15.02662,32.0001,,51.0368
2006-12-06,45.8696,51.8205,28.094446,55.010843,27.0533,18.532354,11.948497,29.494078,26.399472,,6.233025,54.876481,21.488282,3.8003,14.9,35.407015,8.041141,20.594012,40.234666,31.581619,38.424767,26.793785,26.793785,,18.398199,,,31.947202,31.947202,12.703823,,26.793785,,31.583797,15.685,15.685,11.694066,19.7286,29.9692,49.009921,,,43.5843,9.724142,37.15,27.0,34.829169,14.3326,27.691987,29.306088,32.91,21.690695,15.062862,32.2574,,51.1817
2006-12-07,45.7173,52.3747,27.652163,55.051221,27.335822,18.671071,11.828542,29.22097,26.22821,,6.302743,54.916724,21.375467,3.8399,14.935,35.612016,8.005542,20.606133,38.879402,31.360978,37.746677,26.449168,26.449168,,18.527548,,,31.536283,31.536283,12.542019,,26.449168,,31.222082,15.795,15.795,11.805233,19.6915,29.8942,48.786814,,,43.0924,9.739094,36.7,26.6,34.742756,14.3411,27.790781,29.289838,32.83,21.514515,15.02662,32.3996,,50.6601
2006-12-08,45.4984,52.0022,27.906083,55.327101,27.794494,19.0214,11.720086,29.486446,26.301621,,6.253953,55.191897,21.548413,3.7389,14.835,35.911695,8.045337,20.594012,39.123651,31.488264,38.036218,26.801425,26.801425,,18.599829,,,31.716477,31.716477,12.503226,,26.801425,,31.447176,16.515,16.515,11.787117,19.6172,29.988,48.671414,,,43.5843,9.680827,37.05,26.4,34.721107,14.3326,27.840179,29.399326,32.84,21.514515,15.071922,32.2912,,50.7084
2006-12-11,45.9839,51.9114,27.594823,55.582793,27.233486,18.977609,11.668664,29.524423,26.350591,,6.226029,55.446997,21.488282,3.682,14.945,36.179781,8.030673,20.763992,39.383635,31.539159,38.051457,26.763134,26.763134,,18.561753,,,31.70213,31.70213,12.490262,,26.763134,,31.503426,16.525,16.525,11.813569,19.7472,29.988,48.279054,,,43.72,9.707733,37.4,26.24,34.641849,14.4509,27.840179,29.9104,32.36,21.553686,14.827386,32.4402,,50.6794
2006-12-12,46.1647,52.0204,27.414587,55.549079,27.217073,19.26964,11.748603,29.782267,26.454529,,6.27488,55.41338,21.56726,3.7022,14.92,36.487333,8.064197,20.739653,39.478225,31.318518,38.561917,27.21489,27.21489,,18.595958,,,31.867888,31.867888,12.619705,,27.21489,,31.760557,17.305,17.305,11.781588,19.7658,30.0254,48.348294,,,44.2034,9.649465,37.2,26.26,35.081251,14.434,28.225476,29.946862,32.49,21.292605,15.398003,32.3522,,51.0078
2006-12-13,45.8411,51.846,26.833064,55.656785,27.180211,19.619969,11.685774,29.827785,26.271093,,6.167951,55.520857,21.683754,3.5709,15.01,36.345416,8.047459,20.678953,39.210282,30.919603,38.455245,26.985239,26.985239,,18.573185,,,32.120178,32.120178,12.367252,,26.985239,,31.696298,16.805,16.805,11.752414,19.9293,29.8005,48.279054,,,43.932,9.586742,36.91,26.26,34.721107,14.3918,28.037767,30.246987,32.62,21.757073,14.809265,32.1152,,50.9305
2006-12-14,46.0886,51.9195,26.718384,56.013323,27.380846,19.430208,11.565819,29.933994,26.399472,,6.177239,55.876515,21.627392,3.5903,14.94,36.613503,8.041141,20.691171,39.88796,30.164232,38.66859,27.237903,27.237903,,18.634034,,,31.896672,31.896672,12.470865,,27.237903,,31.656066,16.94,16.94,11.806594,19.6957,30.0442,48.079117,,,43.1857,9.627058,36.97,25.88,35.081251,14.4002,28.027887,30.364599,32.92,21.672085,15.03568,32.2303,,50.7084
2006-12-15,46.1076,51.7635,26.800285,56.047036,27.335822,19.328029,11.565819,30.116066,26.362766,,6.158602,55.910132,21.672446,3.5636,15.11,36.692334,7.984608,20.569673,40.203198,30.266117,38.539104,27.345136,27.345136,,18.60739,,,32.329247,32.329247,12.645534,,27.345136,,31.672177,16.74,16.74,11.839936,19.7518,29.9036,48.36368,,,43.2535,9.631556,36.06,25.92,34.987591,14.3157,27.948852,29.971237,32.38,21.665527,15.126285,32.2912,,50.2254
2006-12-18,45.7459,52.2039,26.259758,55.811533,27.20066,19.386417,11.594428,30.032662,26.026421,,6.135384,55.675203,21.822865,3.4158,15.245,36.140316,7.934345,20.581794,39.895827,30.096278,38.561917,27.375693,27.375693,,18.595958,,,31.687693,31.687693,12.593777,,27.375693,,31.680187,16.65,16.65,11.898284,19.7144,29.838,48.517547,,,42.9482,9.600195,35.3,25.68,34.598643,14.3242,27.909334,30.336162,31.65,21.416942,15.135346,32.3996,,50.0419
2006-12-19,45.5936,53.1674,26.849499,56.020085,26.955001,19.554237,11.605834,30.108525,26.130449,,6.13074,55.883239,21.909293,3.4771,15.145,36.014146,8.009739,20.606133,39.809197,30.104807,38.699068,27.299206,27.299206,,18.546541,,,31.889543,31.889543,12.186051,,27.299206,,31.696298,16.67,16.67,11.9386,19.6864,29.66,48.679107,,,43.0415,9.771956,35.5,25.6,35.074003,14.3411,27.64259,30.3321,31.5,21.443085,15.071922,32.5147,,49.4334
2006-12-20,45.7269,53.1583,26.161422,56.040274,26.832126,19.598029,11.451659,30.161584,26.246563,,6.160955,55.903409,21.800338,3.5326,15.415,36.244638,8.005542,20.654712,39.596416,30.096278,38.409528,27.63609,27.63609,,18.53898,,,31.911109,31.911109,12.457901,,27.63609,,31.808799,17.175,17.175,11.905258,19.5649,29.3507,48.694494,,,43.3977,9.74505,35.95,25.33,34.893931,14.3749,27.632711,30.595762,31.35,21.515046,15.379882,32.7517,,49.6942
2006-12-21,46.593,52.8004,25.809258,56.121029,26.868988,19.955701,11.543005,30.002316,26.234388,,6.163246,55.983895,22.161218,3.5196,15.53,36.173089,7.97414,20.654712,39.399461,29.697456,38.44767,27.58252,27.58252,,18.504685,,,32.41569,32.41569,12.794473,,27.58252,,31.406944,17.05,17.05,11.910787,19.5836,28.8915,48.763734,,,43.3383,9.716687,36.28,25.5,34.569839,14.3749,27.711746,30.745774,31.25,21.344981,15.135346,32.9616,,49.6846
2006-12-22,46.5455,52.6994,25.784697,56.195022,26.795264,19.868119,11.537302,29.949167,26.209947,,6.165599,56.057755,22.007029,3.3938,15.545,35.855204,7.949009,20.642592,39.320606,29.290011,38.180943,27.55168,27.55168,,18.398199,,,32.249932,32.249932,12.749148,,27.55168,,31.366805,17.1,17.1,11.89956,19.5556,28.7791,48.540627,,,42.9567,9.685325,35.87,25.5,34.569839,14.3664,28.057526,30.802648,30.7,21.312279,15.090043,32.9616,,49.7618
2006-12-26,46.7168,53.4519,26.161422,56.396909,26.909977,19.933851,11.668664,29.91128,26.124272,,6.200457,56.259165,22.018338,3.4677,15.74,35.84733,7.967822,20.642592,39.675271,29.323941,38.462909,27.567053,27.567053,,18.462918,,,32.610321,32.610321,12.975673,,27.567053,,31.591806,16.97,16.97,11.958503,19.6864,28.9946,48.3406,,,43.5164,9.728641,36.84,25.64,35.059601,14.3664,28.215596,31.005374,31.63,21.515046,15.03568,33.4829,,49.6846
2006-12-27,46.8405,53.5804,26.374437,57.42634,27.094199,19.780537,11.720086,29.888476,26.234388,,6.26324,57.286093,21.837853,3.5225,15.9,35.879119,7.938542,20.666833,39.667312,29.357965,38.485723,27.351172,27.351172,,18.516116,,,32.790516,32.790516,13.208631,,27.351172,,31.446431,17.24,17.24,12.044153,19.7705,29.2476,48.379067,,,44.1016,9.839135,37.0,25.84,35.124457,14.3833,28.472461,31.131111,31.7,21.750515,15.044741,33.8892,,50.0323
2006-12-28,47.0023,53.6354,26.431777,57.372438,27.167923,19.700208,11.668664,29.880844,26.209947,,6.277171,57.232306,21.78526,3.4475,15.74,35.855204,7.905018,20.703292,39.486092,29.671961,38.546678,27.443692,27.443692,,18.459048,,,32.51666,32.51666,13.137378,,27.443692,,31.470645,17.025,17.025,12.103097,19.6957,28.9946,48.656027,,,43.5419,9.88245,36.81,25.93,35.210869,14.4087,28.581134,31.131111,31.86,21.658969,14.999438,33.7809,,50.0806
2006-12-29,46.831,53.406,26.177857,57.453193,27.127025,19.707552,11.66296,29.652164,25.85525,,6.27488,57.312889,21.653689,3.5514,15.605,35.76781,7.821232,20.678953,39.241842,29.315505,38.142891,27.528479,27.528479,,18.348781,,,31.939983,31.939983,12.99507,,27.528479,,31.147578,16.84,16.84,12.045514,19.6023,28.9665,48.117584,,,43.1602,9.777911,35.98,25.66,34.908333,14.3918,28.670049,31.001311,31.2,21.390798,14.899869,33.185,,49.955
2007-01-03,46.85,53.5528,26.259758,57.782877,27.167923,19.707552,11.708679,29.583569,25.476111,,6.258596,57.641752,21.589787,3.6149,15.105,36.355848,7.990879,20.508973,39.241842,29.324035,38.440006,27.459159,27.459159,,18.47426,,,31.846232,31.846232,13.130946,,27.459159,,31.018314,16.96,16.96,12.142392,19.6583,28.8447,48.24828,,,43.245,9.760002,36.16,25.53,35.506158,14.2735,28.057526,31.642086,31.38,21.38424,14.809265,33.5777,,50.2061
2007-01-04,46.4027,53.351,26.1123,57.143697,26.791138,20.087075,11.651554,29.461552,25.427141,,6.270237,57.0041,21.57471,3.6163,15.2,36.045935,7.923878,20.436153,39.722474,29.145292,38.142891,27.435959,27.435959,,18.481911,,,31.983205,31.983205,13.130946,,27.435959,,30.872846,17.06,17.06,12.302381,19.649,28.5167,48.579094,,,43.6861,9.819727,35.94,25.15,34.980344,14.2228,24.846717,31.029748,31.98,21.358097,14.745841,33.6119,,49.5107
2007-01-05,46.4503,52.415,26.071304,57.190837,26.447179,19.948448,11.651554,28.943048,25.23144,,6.221385,57.051164,21.416841,3.6372,14.905,35.942696,7.871494,20.448273,39.454623,28.685733,37.883828,27.127557,27.127557,,18.352562,,,31.384963,31.384963,12.891456,,27.127557,,30.687145,17.14,17.14,12.23221,19.3407,28.6479,48.425227,,,43.6013,9.574788,35.51,24.87,34.785963,14.2312,24.115641,30.595762,30.6,21.070252,14.945075,32.7238,,49.4334
2007-01-08,46.4312,52.4058,26.202418,56.90153,26.578215,20.079822,11.708679,29.049801,25.549432,,6.237669,56.762544,21.655214,3.6509,14.895,36.125455,7.835896,20.278294,39.824931,29.060185,37.975262,26.950155,26.950155,,18.47048,,,31.579595,31.579595,13.008034,,26.950155,,30.614411,17.0,17.0,12.348736,19.5182,28.5823,48.532934,,,44.0168,9.655463,35.45,24.61,34.469025,14.1129,24.412023,30.891824,30.68,20.965589,14.745841,32.3412,,49.955
2007-01-09,46.4122,52.626,25.563464,57.069705,26.631491,20.079822,11.748603,29.232781,26.087567,,6.188817,56.930337,21.401674,3.6509,14.765,36.355848,7.775119,20.666833,39.730433,29.051655,38.059031,27.088983,27.088983,,18.485692,,,31.918328,31.918328,12.936781,,27.088983,,30.719461,17.97,17.97,12.368384,19.4902,28.423,48.732961,,,43.932,9.568833,35.29,24.75,34.497829,14.3833,24.352747,30.656599,30.75,20.978617,14.782083,32.5052,,50.0226
2007-01-10,46.8215,52.9013,25.342323,56.881342,26.664227,19.955701,11.879965,29.004102,26.368944,,6.198166,56.742374,21.477422,3.6264,14.975,36.594312,7.812839,20.751871,39.61215,28.847417,38.257138,27.682774,27.682774,,18.512336,,,32.004861,32.004861,12.962709,,27.682774,,30.679043,19.07,19.07,12.518506,19.4528,28.4604,49.348337,,,44.0253,9.640511,35.32,25.07,34.231344,14.4425,24.619491,31.118924,30.81,20.821667,15.03568,32.6145,,48.9607
2007-01-11,47.2879,53.3877,25.948498,57.332159,26.684677,20.028687,12.068453,28.897348,26.815315,,6.27488,57.192063,21.685549,3.6495,15.12,36.729339,7.919682,20.666833,39.785503,29.417578,38.455245,27.590159,27.590159,,18.535109,,,32.350812,32.350812,13.046827,,27.590159,,30.808307,18.79,18.79,12.54802,19.9386,29.5381,49.963804,,,45.4925,9.709232,35.19,25.55,34.69955,14.3833,24.649129,31.204136,31.47,20.998291,15.171588,32.8467,,48.951
2007-01-12,47.9161,53.2041,25.358758,56.706405,26.811677,19.743999,12.005623,28.805858,26.582908,,6.267884,56.567857,21.530374,3.6509,15.255,36.602185,7.881962,20.557553,39.856492,29.723981,38.272377,27.605627,27.605627,,18.462918,,,32.46613,32.46613,13.111549,,27.605627,,30.679043,19.075,19.075,12.410486,20.2189,29.5288,49.771471,,,44.9752,9.603194,34.95,25.27,34.346654,14.3073,24.579973,31.171636,31.63,21.096396,15.153467,32.7921,,48.6598
2007-01-16,48.1826,53.2317,25.40788,56.760209,26.836252,19.846269,11.988513,28.59235,26.717464,,6.216741,56.621547,21.409303,3.6928,15.07,36.967802,7.827503,20.533312,39.880093,29.817524,38.432431,27.574787,27.574787,,18.443836,,,32.394124,32.394124,13.027431,,27.574787,,30.72747,18.54,18.54,12.53254,19.9947,29.5288,49.886871,,,45.1024,9.630057,34.1,25.2,34.137777,14.2904,24.441661,31.204136,30.53,20.939357,14.763962,32.8126,,48.4074
2007-01-17,48.2112,51.2129,25.538903,57.190837,26.87715,19.700208,12.01703,28.668577,26.52785,,6.228381,57.051164,21.416841,3.9186,14.735,36.991619,7.867486,20.411814,40.006151,29.851548,38.287616,27.181504,27.181504,,18.481911,,,31.997642,31.997642,13.001503,,27.181504,,30.719461,19.2,19.2,12.431495,20.1162,29.6225,50.002271,,,45.0261,9.498655,34.79,24.8,34.20254,14.2059,24.500938,31.56916,30.09,20.821667,14.4107,32.6213,,48.223
2007-01-18,48.3159,51.2955,25.145742,57.089893,27.090163,19.64182,11.879965,28.691472,26.607349,,6.184173,56.95041,21.382827,3.8775,14.325,37.071041,7.835896,20.521094,41.093564,29.672898,38.180943,27.258651,27.258651,,18.386857,,,31.738133,31.738133,12.99507,,27.258651,,30.695154,18.44,18.44,12.344483,20.0788,29.7162,49.940724,,,44.831,9.435888,34.66,24.71,33.972107,14.2819,24.649129,31.556973,30.03,20.743148,14.247707,32.0133,,48.5045
2007-01-19,48.373,51.3872,25.735483,56.168071,26.991863,19.459402,11.868558,28.843926,26.741905,,6.20281,56.030959,21.435778,3.9316,14.7,37.14259,7.922134,20.557553,41.26701,29.570733,38.097174,27.474532,27.474532,,18.352562,,,32.459001,32.459001,13.182703,,27.474532,,30.800205,18.605,18.605,12.24769,20.0881,29.4538,49.863791,,,45.8827,9.522519,34.89,24.76,34.029716,14.3073,24.649129,31.61781,30.27,20.73659,14.338216,32.1363,,48.8539
2007-01-22,48.4206,51.8277,26.063178,55.697163,26.971324,19.590775,11.925684,29.080328,27.072162,,6.21445,55.5611,21.48873,4.0758,14.47,37.198195,7.907423,20.873271,41.211848,28.966548,38.37905,27.690414,27.690414,,18.265159,,,32.062519,32.062519,12.949745,,27.690414,,31.042528,18.705,18.705,12.220983,20.1629,29.4538,49.856098,,,45.6961,9.600195,34.51,25.28,33.813685,14.527,24.46142,31.674585,30.01,20.717005,14.4107,31.904,,49.1063
2007-01-23,48.5919,51.5065,26.726602,56.34977,26.9263,19.459402,11.879965,29.17945,27.066074,,6.270237,56.212101,21.420611,4.1105,14.395,37.277716,7.905301,20.776112,41.26701,28.600719,38.310519,27.227811,27.227811,,18.299364,,,32.358031,32.358031,13.085621,,27.227811,,31.292953,18.97,18.97,12.317861,20.1722,29.4069,49.879178,,,46.0523,9.619603,34.93,25.26,34.137777,14.4594,24.698526,32.019297,30.07,20.815109,14.446942,32.2114,,49.3878
2007-01-24,48.8584,51.69,26.284319,56.773635,26.979576,19.481252,11.908574,29.339535,27.188365,,6.342307,56.634994,21.390366,4.0939,14.675,37.222012,7.955799,20.812571,40.014018,28.694262,38.462909,27.019569,27.019569,,18.303145,,,32.783297,32.783297,13.299182,,27.019569,,31.090955,19.095,19.095,12.340315,20.3404,29.7912,50.156138,,,46.3491,9.598695,35.2,25.38,34.353808,14.4847,24.985029,32.343697,30.15,20.893628,14.818325,32.5803,,49.3975
2007-01-25,48.611,52.9197,26.063178,55.818198,26.803425,19.422501,11.954201,29.331903,27.114955,,6.265593,55.681926,21.484961,4.0888,14.4,36.896253,7.962117,20.618253,39.541254,28.294316,38.302855,26.803688,26.803688,,18.230954,,,32.242714,32.242714,13.046827,,26.803688,,31.656438,18.675,18.675,12.330449,20.2937,29.6318,49.556057,,,45.8572,9.495656,34.59,25.56,34.332159,14.3495,24.826958,32.41266,29.75,20.474978,14.854567,32.0543,,49.1937
2007-01-26,48.4777,53.2225,25.825601,54.5466,26.660102,19.172629,11.828542,29.110764,27.090515,,6.32367,54.413345,21.397904,4.0845,14.4,36.864465,7.859047,20.763992,39.714607,27.571,38.340997,26.63402,26.63402,,18.189098,,,32.711291,32.711291,13.286317,,26.63402,,31.099058,18.495,18.495,12.351543,20.2843,29.763,49.579137,,,46.0608,9.509109,34.7,25.36,33.748829,14.4509,24.826958,32.651947,29.17,20.455304,15.117225,32.3275,,48.9995
2007-01-29,48.3159,53.094,25.60446,55.145402,26.561802,19.165285,11.811432,29.103133,27.108867,,6.484095,55.010754,21.481191,4.1263,14.585,37.039253,7.856925,20.861151,40.408019,27.936923,38.714307,27.119823,27.119823,,18.143461,,,32.790516,32.790516,13.519275,,27.119823,,31.131374,18.71,18.71,12.359963,20.3684,29.7537,49.694538,,,46.6205,9.600195,34.97,25.89,34.310602,14.5186,24.560214,32.591109,28.83,20.756264,15.6516,32.6623,,49.3004
2007-01-30,48.5443,52.4425,25.784697,55.730778,26.60279,18.922757,11.788619,29.126028,27.15166,,6.521306,55.594619,21.670382,4.2331,14.96,37.150562,7.905301,20.933971,40.218932,29.000666,38.257138,26.857635,26.857635,,18.181447,,,32.588756,32.588756,13.622789,,26.857635,,31.365595,18.93,18.93,12.286986,20.5366,29.6693,50.071511,,,46.8241,9.579287,34.98,25.86,34.15218,14.5693,24.589852,32.789871,29.7,21.050578,15.724084,32.8672,,49.7469
2007-01-31,48.5158,52.7086,26.210544,56.329581,26.860827,18.893381,11.720086,29.339535,27.059897,,6.53759,56.192029,21.658984,4.2641,14.7,37.444532,7.97051,20.824692,40.218932,29.145292,37.540906,26.927049,26.927049,,18.20809,,,31.529064,31.529064,13.765197,,26.927049,,31.535277,19.045,19.045,12.265892,20.602,29.6412,50.186911,,,46.9343,9.633056,35.15,26.26,34.20254,14.4932,24.441661,32.769559,29.81,20.749706,16.077347,33.0175,,50.009
2007-02-01,48.9251,54.2319,29.052786,56.329581,27.10245,18.988942,11.7429,29.545411,27.121043,,6.823518,56.192029,21.738501,4.6832,14.88,37.412743,7.974706,21.03113,40.699656,29.60485,37.63234,26.171323,26.171323,,18.291803,,,31.44984,31.44984,14.140562,,26.171323,,31.664541,19.495,19.495,12.278565,20.4338,29.8755,50.294528,,,46.6205,9.673372,35.01,26.38,34.454623,14.6369,24.283591,32.923733,30.07,21.096396,16.195037,33.2498,,50.8632
2007-02-02,48.8965,54.0759,28.888984,56.376721,27.106486,18.959566,11.771509,29.705496,27.170013,,6.867726,56.238995,21.685549,4.6349,14.995,37.293561,7.955799,21.14041,40.880876,28.992137,37.319986,26.240737,26.240737,,18.345001,,,31.644382,31.644382,14.185787,,26.240737,,31.648336,19.8,19.8,12.149367,20.3591,29.763,50.033045,,,45.9166,9.612148,34.88,26.38,34.656251,14.7129,24.372505,32.789871,29.68,20.965589,16.412488,33.4616,,50.9312
2007-02-05,48.6681,54.0575,28.397488,55.423537,27.10245,18.746413,11.720086,29.67506,27.237246,,6.823518,55.288168,21.628738,4.5447,14.865,37.150562,7.907423,21.067589,40.542037,28.575131,37.335225,25.878389,25.878389,,18.215742,,,30.974044,30.974044,13.868711,,25.878389,,31.696857,19.405,19.405,12.194361,20.1349,29.3882,49.871484,,,45.8487,9.54047,34.46,26.13,34.60589,14.6622,24.214435,32.838521,29.09,20.77585,16.44873,33.0859,,49.8149
2007-02-06,48.2207,54.3695,27.881522,55.639831,26.696964,18.724382,11.691477,29.705496,27.371802,,6.832868,55.503999,21.643906,4.6075,15.02,37.14259,7.983146,21.09183,40.313522,28.481588,37.319986,25.963176,25.963176,,18.27272,,,31.24799,31.24799,14.153427,,25.963176,,31.591806,19.445,19.445,12.073582,20.3124,29.3039,49.532977,,,46.0268,9.568833,35.42,26.5,34.749911,14.6791,24.066244,32.996659,29.74,20.998291,16.548299,33.5231,,50.737
2007-02-07,48.1106,53.6171,28.078102,54.977424,26.840288,18.695006,11.668664,29.713127,26.968224,,6.784016,54.843156,21.469793,4.5729,15.015,37.10283,8.00625,20.642592,40.34499,28.685733,37.32756,25.916868,25.916868,,18.265159,,,31.716477,31.716477,14.205283,,25.916868,,31.632225,19.195,19.195,12.067969,20.1442,29.1633,49.617604,,,49.4617,9.519562,34.95,27.01,34.692303,14.3664,24.056364,32.684446,30.26,21.070252,16.43967,33.202,,49.5237
2007-02-08,48.0532,53.7088,27.742281,54.767892,26.672389,18.827286,11.668664,29.636901,27.182188,,6.802591,54.634049,21.484961,4.6681,14.86,37.134618,7.983146,20.788232,40.037712,28.336869,37.32756,25.423426,25.423426,,18.200529,,,31.6516,31.6516,13.95283,,25.423426,,31.61602,18.53,18.53,11.96131,20.1162,29.1352,48.702187,,,49.8264,9.299988,34.61,26.8,34.779273,14.4678,23.987208,32.988633,30.48,20.972148,16.530178,34.9099,,49.2131
2007-02-09,47.9191,53.5804,27.32456,54.625885,26.639653,18.724382,11.594428,29.758918,26.729729,,6.816584,54.492467,21.579556,4.4769,14.69,37.079013,7.989417,20.800451,39.974683,28.251762,37.251365,25.886028,25.886028,,18.162454,,,31.630035,31.630035,13.791026,,25.886028,,31.527175,19.75,19.75,11.98521,20.1255,29.2289,49.163788,,,49.5635,9.371665,34.55,27.16,34.75753,14.4763,23.839017,33.215733,30.34,20.815109,16.412488,34.7801,,49.5528
2007-02-12,47.7659,53.8648,27.512923,54.517787,26.823964,18.761101,11.72579,29.789354,27.059897,,6.837511,54.3846,21.541682,4.4134,14.75,36.864465,7.99366,20.921851,39.864359,27.919958,37.304747,26.456713,26.456713,,18.223303,,,31.70213,31.70213,13.603393,,26.456713,,31.446431,20.955,20.955,12.014639,20.2003,29.4632,49.017614,,,49.4532,9.407526,34.53,27.94,34.858902,14.5608,23.819258,33.191358,30.98,20.998291,16.620783,35.1832,,49.2616
2007-02-13,47.9287,54.2135,28.626847,55.126095,26.987737,19.084412,11.9657,29.728391,27.4513,,6.895589,54.991461,21.658984,4.5195,14.885,37.023408,8.098805,21.14041,40.053446,28.039089,37.365703,26.641754,26.641754,,18.333569,,,31.543502,31.543502,12.865627,,26.641754,,31.72107,18.85,18.85,12.077835,20.3871,29.6506,49.086854,,,49.8264,9.54047,34.47,27.86,35.199441,14.7129,23.779741,33.499608,31.46,21.096396,16.992166,36.6657,,48.8636
2007-02-14,48.0915,54.2778,28.721348,55.795363,27.081911,18.996286,12.011327,29.774181,27.47574,,6.863083,55.659028,21.689319,4.4856,14.905,37.285589,8.191314,21.15253,40.423846,28.081548,37.815208,26.549233,26.549233,,18.20809,,,31.363307,31.363307,12.554983,,26.549233,,31.72107,19.01,19.01,12.125551,20.5179,29.9036,48.732961,,,49.538,9.565834,34.37,28.07,35.315307,14.7214,24.204555,33.446895,30.55,20.860927,16.86532,37.1302,,49.2713
2007-02-15,49.5467,54.6265,29.378837,56.011657,27.106486,19.172629,11.914277,30.17821,27.885496,,6.911873,55.874859,21.761208,4.4719,14.84,37.571686,8.229176,21.07971,41.054229,28.609155,37.579048,26.387299,26.387299,,18.196659,,,31.716477,31.716477,12.594173,,26.387299,,31.61602,19.035,19.035,12.082003,20.4992,30.166,49.294484,,,49.5126,9.547925,34.97,29.22,35.011006,14.6707,24.204555,35.296293,30.09,20.396459,17.118917,37.2259,,49.3101
2007-02-16,48.9819,54.5898,29.485664,56.241475,27.061462,19.06238,11.828542,32.244506,27.873231,,6.888654,56.104137,21.980643,4.4574,14.875,37.579658,8.004175,21.09183,41.274877,28.821923,37.929545,26.950155,26.950155,,18.20431,,,31.875106,31.875106,13.050885,,26.950155,,31.72908,18.45,18.45,12.098844,20.5179,29.9692,49.709924,,,49.3429,9.549425,34.72,29.53,35.793455,14.6791,23.720464,35.125869,29.99,20.213277,17.155159,36.8365,,49.1063
2007-02-20,48.6659,55.7093,29.378837,56.356434,27.737182,19.290221,11.731493,32.320733,28.264634,,7.093225,56.218727,21.916293,4.5079,14.87,37.897543,7.966313,21.116071,42.212539,28.745345,37.792394,26.109643,26.109643,,18.170105,,,31.925546,31.925546,13.15529,,26.109643,,31.882557,18.42,18.42,12.063801,20.546,29.8849,49.702231,,,51.5226,9.601694,34.62,29.63,37.198817,14.696,23.720464,34.919081,30.6,20.350641,17.327308,37.6972,,49.446
2007-02-21,48.5127,55.6542,29.091134,56.302336,27.544709,19.00363,11.782915,32.092053,28.038315,,7.046726,56.164843,21.757438,4.4517,14.825,37.849811,7.995735,20.946092,42.458083,28.370893,37.617101,25.785774,25.785774,,18.090173,,,32.062519,32.062519,13.142227,,25.785774,,31.826028,18.94,18.94,11.980957,20.6954,30.2878,50.017658,,,52.3877,9.574788,33.93,29.37,36.452605,14.5777,23.759982,35.109718,30.62,20.272122,17.155159,37.7656,,49.4266
2007-02-22,48.2446,55.5074,28.951437,55.808887,27.507846,18.812508,11.697181,32.252138,27.916024,,7.137371,55.672572,21.844405,4.5173,14.725,37.794206,7.863243,20.97043,42.141272,27.919958,37.92188,25.65468,25.65468,,17.987558,,,32.300372,32.300372,13.142227,,25.65468,,31.785702,18.87,18.87,11.90798,20.6487,30.241,49.740698,,,51.2936,9.537471,33.75,29.11,36.684431,14.5946,23.601911,34.846056,30.2,20.167459,16.892501,37.5333,,48.9801
2007-02-23,47.9191,55.3422,28.926785,55.977846,27.29896,18.761101,11.668664,31.931877,27.891584,,7.07465,55.841144,21.636277,4.3817,14.62,37.516081,7.84641,20.946092,42.04622,27.800733,37.975262,25.64704,25.64704,,17.972345,,,32.235495,32.235495,13.142227,,25.64704,,31.793712,18.395,18.395,11.983764,20.6674,30.2222,49.679151,,,51.0476,9.497155,32.7,29.09,36.626544,14.5777,23.661188,34.513531,30.0,20.12173,16.801896,37.5401,,49.0481
2007-02-26,47.6893,54.9385,28.869262,55.450586,27.458697,18.636165,11.782915,31.794687,28.319692,,7.053722,55.315159,21.870881,4.381,14.805,37.357138,7.896908,20.824692,42.41847,27.945452,38.363811,25.65468,25.65468,,18.147241,,,31.990423,31.990423,13.272759,,25.65468,,31.922975,18.47,18.47,12.024506,20.5553,30.2972,49.609911,,,50.6321,9.377664,33.03,29.51,36.727916,14.4932,23.532756,35.258542,29.92,20.23942,16.801896,37.5606,,48.7569
2007-02-27,46.9138,53.2775,27.833861,53.503742,26.557766,18.364261,11.560115,30.833995,27.830438,,6.823518,53.373068,21.42824,4.0037,14.415,36.443242,7.707647,20.104111,41.46017,26.737083,37.613584,24.737114,24.737114,,17.641456,,,30.649658,30.649658,12.881263,,24.737114,,30.784,17.37,17.37,11.603397,19.9854,29.3788,48.279054,,,49.0207,9.053593,32.39,29.11,36.010787,13.9917,22.95975,35.018264,29.0,19.82077,16.357162,36.0508,,47.8056
2007-02-28,46.9904,53.2775,28.252952,54.34873,26.823964,18.540604,11.474473,31.131361,27.543063,,6.862092,54.216028,21.326016,4.0463,14.505,36.451214,7.676104,20.104111,41.879901,27.205078,38.257318,24.613753,24.613753,,17.751723,,,30.527122,30.527122,13.024858,,24.613753,,30.929469,17.5,17.5,11.829389,19.9106,29.0508,48.579094,,,49.2072,9.117773,32.79,29.21,35.931065,13.9917,23.177097,34.375112,28.85,19.768483,16.565938,35.9825,,48.3395
2007-03-01,46.933,52.5251,28.294039,54.423115,26.60279,18.474509,11.434457,30.841627,27.757028,,6.843393,54.29018,21.23519,4.0376,14.5,36.292271,7.741265,20.250632,41.966994,27.043393,38.081033,24.960729,24.960729,,17.690873,,,30.38293,30.38293,13.096606,,24.960729,,30.606309,17.34,17.34,11.837809,19.9386,29.1633,48.794507,,,49.6313,9.019232,32.25,29.46,36.749658,14.0937,19.818097,34.167432,29.0,19.945106,16.384343,36.1533,,48.4171
2007-03-02,46.0904,51.6809,27.735251,53.855282,26.435161,17.938045,11.457363,30.361281,28.759976,,6.710274,53.723757,21.000587,4.0434,14.27,35.934724,7.661346,19.920838,42.014566,26.354196,37.736217,24.559712,24.559712,,17.451348,,,29.856784,29.856784,12.822479,,24.559712,,30.27514,17.105,17.105,11.717116,19.7051,28.9196,48.40984,,,48.7323,8.910194,31.46,28.92,36.32949,13.8642,19.254971,33.719673,27.99,19.703079,16.148385,35.3471,,48.1647
2007-03-05,45.9277,50.7541,27.069544,53.591652,26.640818,17.805765,11.428754,30.185842,28.539834,,6.595915,53.460765,21.129286,3.9647,14.125,35.982358,7.627728,20.055239,42.378858,26.200947,37.751546,24.382405,24.382405,,17.60347,,,29.453084,29.453084,12.718074,,24.382405,,30.11356,16.46,16.46,11.538841,19.7891,28.9196,48.286747,,,48.1556,8.845971,30.85,28.77,35.634011,13.9577,18.899312,33.963914,27.56,19.447936,16.112047,35.4769,,48.6598
2007-03-06,47.3542,51.7084,27.085979,54.294632,27.068727,18.070325,11.485879,30.406981,28.368573,,6.740675,54.162046,21.163301,4.1364,14.365,35.982358,7.705525,20.250632,43.186666,26.277524,37.843521,24.852741,24.852741,,17.846867,,,29.517961,29.517961,12.939948,,24.852741,,29.798595,16.745,16.745,11.849037,20.0134,29.2195,48.663721,,,49.4023,8.886287,32.93,28.95,35.720981,14.0937,19.017865,35.286979,28.23,19.801184,16.248243,36.611,,48.5821
2007-03-07,46.933,51.4056,27.940688,53.834995,26.517406,18.077669,11.463066,29.888476,28.09955,,6.735969,53.703489,20.773612,4.1191,14.415,35.688388,7.657149,20.177323,42.838202,26.600893,38.211331,24.143323,24.143323,,17.778366,,,29.249519,29.249519,12.874731,,24.143323,,29.645118,16.78,16.78,11.941662,19.8639,29.2853,48.501436,,,49.7331,8.756385,32.24,28.83,35.648506,14.0427,18.790639,34.745586,28.17,19.489943,16.320823,37.0482,,47.4562
2007-03-08,47.6989,51.9195,28.606303,53.990527,26.570861,18.327542,11.531598,30.13251,28.331867,,6.724329,53.858615,20.871977,4.1934,14.47,36.022118,7.718162,20.11633,43.123359,27.077511,38.563901,24.15879,24.15879,,17.930489,,,29.452632,29.452632,12.855137,,24.15879,,30.226712,17.18,17.18,12.065162,20.1068,29.3512,48.733323,,,49.8942,9.070002,32.28,29.21,36.018034,14.0002,18.731362,34.83922,28.34,19.435884,16.384343,37.4376,,47.7376
2007-03-09,48.0627,52.3599,28.105037,54.132436,26.710776,18.474509,11.565819,30.567066,28.270722,,6.773366,54.000197,20.887144,4.205,14.52,36.077723,7.690815,20.39725,43.265892,26.907297,38.67887,24.289884,24.289884,,18.090173,,,30.018661,30.018661,12.861668,,24.289884,,30.315558,17.28,17.28,12.191554,20.1068,29.3418,48.601902,,,50.2165,9.120772,33.12,29.06,35.97455,14.1957,18.958589,35.152621,28.69,19.557473,16.329884,37.8612,,48.2909
2007-03-12,48.4361,52.3874,28.121472,53.936429,26.751944,18.467166,11.651554,30.651015,28.32578,,6.817698,53.804633,21.231421,4.2216,14.685,36.157244,7.770734,20.348377,43.17084,27.741214,39.000692,24.613753,24.613753,,18.234734,,,30.221865,30.221865,13.103137,,24.613753,,30.72747,17.485,17.485,12.163401,20.2003,29.4922,48.826005,,,50.4879,9.161088,33.6,29.1,36.380223,14.1617,19.324127,35.30739,29.18,19.571033,16.647579,38.7971,,48.5627
2007-03-13,47.9191,51.256,27.513379,52.638566,26.27058,17.879294,11.548709,29.919003,28.062845,,6.668295,52.509938,20.826564,4.0491,14.49,35.187743,7.650831,19.969711,42.299632,27.528447,38.732432,24.038636,24.038636,,18.024103,,,29.503433,29.503433,12.8682,,24.038636,,30.323567,17.335,17.335,11.913934,19.8901,28.6741,48.045357,,,49.996,8.964563,33.26,28.74,35.931065,13.8982,18.889433,34.981702,28.32,19.044086,16.202844,37.7382,,47.6212
2007-03-14,48.35,51.256,27.644859,52.665517,26.702525,17.769046,11.543005,29.812249,27.928289,,6.691637,52.536929,20.932557,4.0701,14.56,35.902936,7.673982,20.11633,42.331377,28.736816,38.832071,23.471253,23.471253,,18.016362,,,29.568762,29.568762,13.037822,,23.471253,,30.323567,17.525,17.525,11.894116,20.0311,28.7587,48.455005,,,50.6236,9.020474,33.9,28.68,35.952807,14.0002,19.067262,35.702239,28.47,19.233205,16.339041,38.4897,,49.844
2007-03-15,47.7755,52.1927,27.694164,53.240112,26.628531,17.732327,11.669032,30.140142,28.552009,,6.810702,53.110075,21.261756,4.1227,14.72,36.498946,7.741265,20.311723,42.568963,29.043219,39.13099,23.782106,23.782106,,18.031754,,,29.888005,29.888005,13.070479,,23.782106,,30.541677,17.87,17.87,12.014554,20.0969,29.0032,48.686891,,,50.9204,9.091552,34.6,28.8,36.184634,14.1362,19.126539,35.763274,29.08,19.402119,16.59312,38.763,,50.3002
2007-03-16,47.5266,52.1741,27.538032,52.733139,26.603777,17.893982,11.588816,29.690232,28.240194,,6.70563,52.604358,21.220112,4.1004,14.695,36.602185,7.713918,20.287286,42.355071,28.77084,38.740096,23.642241,23.642241,,18.081532,,,29.902532,29.902532,13.011795,,23.642241,,30.404404,17.84,17.84,12.011747,19.9465,28.8527,48.362323,,,51.3021,9.047723,33.4,28.71,36.112159,14.1192,19.037624,36.162284,28.7,19.483208,16.547817,38.4624,,49.844
2007-03-19,47.9,52.814,28.12969,53.071154,26.595615,17.901326,11.571614,30.101983,28.411366,,6.771014,52.941503,21.367659,4.0845,14.63,36.792916,7.71604,20.26285,42.42643,28.855947,39.100331,24.015247,24.015247,,18.127438,,,30.686202,30.686202,13.063948,,24.015247,,30.622513,17.485,17.485,12.081237,20.0781,29.37,48.570948,,,51.1918,9.126342,34.11,28.66,36.220871,14.1022,19.017865,36.650767,28.72,19.618357,16.429742,39.33,,49.912
2007-03-20,48.0244,53.6765,28.951437,53.125252,26.410406,18.033606,11.628924,30.224,28.527569,,6.820051,52.995485,21.708256,4.1429,14.785,36.888282,7.753902,20.421589,42.410511,29.009102,39.307275,24.46606,24.46606,,18.238515,,,30.983699,30.983699,13.298885,,24.46606,,30.703257,17.7,17.7,12.167653,20.2097,29.2101,49.003857,,,51.6074,9.124799,34.43,28.92,36.836535,14.2127,19.245091,36.976455,28.54,19.753417,16.629458,40.1498,,50.0381
2007-03-21,48.5989,53.8063,29.485664,53.740421,26.735441,18.290822,11.674735,30.643383,28.527569,,6.920417,53.609069,21.901216,4.3355,15.2,37.528875,7.829625,20.641516,42.561003,29.077243,39.613768,24.365051,24.365051,,18.483621,,,31.658548,31.658548,13.370633,,24.365051,,31.389901,17.58,17.58,12.205928,20.4447,29.6427,49.606652,,,52.7523,9.304743,34.56,29.3,37.416148,14.3657,19.541474,36.943857,29.87,20.064214,16.720256,40.7032,,50.4555
2007-03-22,48.7329,53.7878,29.329532,53.503742,26.570861,18.276135,11.703436,30.750137,28.747711,,6.934472,53.373068,22.0677,4.3175,15.145,37.657013,7.844336,20.678171,42.941214,29.358059,39.759395,24.753619,24.753619,,18.479841,,,31.86897,31.86897,13.377164,,24.753619,,31.406013,18.355,18.355,12.213073,20.4729,29.8684,49.552618,,,52.7947,9.33799,34.42,29.47,37.445045,14.3912,19.719303,37.057902,29.35,20.145215,17.210389,40.7852,,50.1837
2007-03-23,48.6372,53.6858,29.280227,53.591652,26.772483,18.298166,11.703436,30.483207,29.29811,,6.887725,53.460765,22.018517,4.3644,15.23,37.657013,7.875879,20.629298,43.01248,29.03469,39.65209,24.870189,24.870189,,18.40324,,,31.941517,31.941517,13.435948,,24.870189,,31.648336,18.105,18.105,12.11662,20.5198,29.9248,49.537141,,,52.8287,9.322866,33.98,29.48,37.430643,14.3572,20.1046,37.810938,29.81,20.07095,17.273909,40.8125,,50.1546
2007-03-26,48.6851,53.4354,29.502099,53.104965,26.891859,18.217293,11.663328,30.521366,29.542692,,6.950818,52.975217,21.893587,4.4784,15.115,37.544917,7.84641,20.592644,43.281719,28.847417,39.506554,24.784742,24.784742,,18.441495,,,32.122975,32.122975,13.435948,,24.784742,,31.591806,18.195,18.195,12.042963,20.6608,29.9154,49.38255,,,52.9983,9.318368,34.0,29.27,37.640727,14.3317,20.371344,37.965707,29.84,20.077685,17.328368,41.1063,,49.8828
2007-03-27,48.2734,52.7955,29.526751,52.861622,26.612028,17.930701,11.508601,29.903739,28.711006,,6.887725,52.732493,21.704397,4.5094,14.945,37.56893,7.798081,20.507116,43.099573,28.847417,39.422243,24.637049,24.637049,,18.391718,,,31.571474,31.571474,13.272759,,24.637049,,31.244433,17.765,17.765,12.061335,20.5668,29.8402,48.656027,,,53.2527,9.334991,34.1,29.47,37.220559,14.2722,20.27255,38.071528,30.33,20.030449,17.246728,40.8535,,49.446
2007-03-28,47.6702,52.981,30.274542,52.875147,26.739567,18.092357,11.514304,29.36243,28.130078,,6.8294,52.745939,21.802851,4.5426,14.915,37.825109,7.806474,20.580425,43.717277,29.945185,39.169312,24.450499,24.450499,,18.349592,,,31.614966,31.614966,13.246633,,24.450499,,30.921366,18.115,18.115,12.221578,20.6608,29.859,48.609596,,,53.787,9.396986,33.29,29.32,38.712797,14.3232,20.312068,38.266922,30.81,19.942625,17.419166,41.0584,,49.281
2007-03-29,48.0244,53.5281,30.208802,53.206301,26.932937,18.070325,11.468493,29.453921,28.282987,,6.880729,53.076361,21.916293,4.5505,14.96,37.648943,7.802278,20.48268,43.273759,30.97481,39.222964,24.497183,24.497183,,18.426193,,,31.803642,31.803642,13.48157,,24.497183,,31.066742,17.99,17.99,12.353414,20.8112,29.906,49.150664,,,54.1687,9.530016,33.54,29.13,38.799767,14.2552,20.578812,38.258797,30.65,20.097979,17.210389,41.4478,,49.3781
2007-03-30,48.3117,53.7692,30.159497,53.280686,26.974105,18.30551,11.600315,29.697864,28.582627,,7.044187,53.150611,22.029826,4.5483,15.035,37.729054,7.821185,20.665953,43.289678,30.285612,39.414579,24.605925,24.605925,,18.384067,,,32.064865,32.064865,13.207543,,24.605925,,31.115262,18.94,18.94,12.448421,20.9804,29.9907,49.127493,,,54.5334,9.436274,33.35,29.95,38.62592,14.3827,20.924591,38.519288,30.47,20.246599,17.618882,41.9124,,49.4363
2007-04-02,48.5414,54.2515,30.332064,53.199637,27.015272,18.187918,11.623221,29.370062,28.943412,,7.076879,53.069637,21.927692,4.5859,15.04,37.633,7.896908,20.580425,44.002434,29.928219,39.774724,23.97639,23.97639,,18.583266,,,32.333397,32.333397,13.240101,,23.97639,,30.840623,19.72,19.72,12.88654,21.206,30.1882,48.996073,,,55.2967,9.610177,33.08,30.73,39.277822,14.3232,20.647968,38.425654,30.23,20.334423,17.873058,42.8278,,49.349
2007-04-03,48.8861,54.6502,30.586806,53.125252,27.196265,18.298166,11.726341,29.560674,30.169904,,7.149259,52.995485,22.109343,4.544,15.375,38.081385,7.962117,20.946874,44.144967,29.987925,39.905021,23.572261,23.572261,,18.763293,,,32.195522,32.195522,13.520759,,23.572261,,31.018314,19.335,19.335,13.156675,21.3282,30.4045,49.003857,,,55.5002,9.647966,33.6,30.89,39.850187,14.5782,20.539294,37.790626,30.31,20.570867,18.018314,43.0055,,49.6596
2007-04-04,49.0106,55.5683,30.258107,53.071154,27.044062,18.261356,11.829462,29.468639,30.322096,,7.090872,52.941503,22.313611,4.5469,15.27,38.305578,7.903226,20.714728,44.097487,29.766066,39.820711,23.875381,23.875381,,18.94323,,,32.057647,32.057647,13.533822,,23.875381,,30.97771,19.05,19.05,13.305862,21.2342,30.4139,49.258914,,,55.3815,9.66159,34.44,30.6,39.567628,14.4167,20.568932,38.470439,29.81,20.462748,18.036435,43.1431,,49.446
2007-04-05,48.9244,55.7074,30.422456,53.192875,27.007021,18.17323,11.766449,29.453375,30.644386,,7.139909,53.062914,22.370781,4.5253,15.275,38.017316,7.892712,20.751382,44.525178,29.578419,39.675084,24.543774,24.543774,,18.966273,,,32.014064,32.014064,13.233669,,24.543774,,31.058919,19.15,19.15,13.364465,21.2248,30.4233,49.220266,,,55.4239,9.728084,33.95,30.11,39.72698,14.4422,21.230853,38.629271,29.89,20.469483,17.863997,43.3495,,49.6402
2007-04-09,49.5084,55.6425,31.014114,53.159063,27.063256,18.320198,11.720546,29.54532,30.877151,,7.144553,53.0292,22.294585,4.4654,15.105,38.025288,7.79596,20.751382,43.828156,29.535771,39.682749,24.333928,24.333928,,19.0084,,,32.006846,32.006846,13.377164,,24.333928,,30.799087,19.345,19.345,13.203881,21.2624,30.0941,48.686891,,,55.356,9.596553,33.2,30.36,39.582123,14.4422,21.28025,38.59261,30.08,20.327688,17.818598,42.9435,,49.7664
2007-04-10,49.8723,55.624,31.244295,53.672799,27.329185,18.459822,11.75495,29.415035,31.038296,,7.20294,53.54164,22.412604,4.5065,15.26,37.921163,7.835896,20.641516,43.875728,29.953808,39.705742,24.27951,24.27951,,19.180685,,,32.195522,32.195522,13.540354,,24.27951,,30.506753,19.01,19.01,13.252958,21.4692,30.0847,49.01155,,,55.6274,9.569347,33.86,30.17,39.908074,14.3657,21.379044,38.686244,30.5,20.428983,17.809538,43.1018,,49.8731
2007-04-11,49.6808,54.8543,30.742938,53.449742,26.987289,18.217293,11.817964,29.568306,31.181536,,7.172601,53.319183,22.347895,4.513,15.155,37.657013,7.84641,20.458243,43.772716,29.510089,39.491225,24.88575,24.88575,,19.01218,,,32.014064,32.014064,13.40329,,24.88575,,30.466149,18.92,18.92,13.128352,21.4222,29.9813,48.856959,,,56.2381,9.449898,33.6,30.65,40.125406,14.2382,21.309888,38.743217,30.19,20.219569,18.090895,42.8816,,50.1074
2007-04-12,49.9584,55.5962,30.825112,53.476693,26.83957,18.187918,11.846572,29.867216,31.996213,,7.27532,53.346077,22.275558,4.5657,15.235,37.729054,7.909544,20.580425,43.511437,29.723419,39.437573,25.219899,25.219899,,19.023702,,,31.898025,31.898025,13.638228,,25.219899,,30.417442,19.2,19.2,13.213322,21.629,29.9813,49.591266,,,56.4671,9.469564,33.27,30.48,40.610801,14.3232,21.714944,38.64552,30.56,20.341158,18.317792,42.9504,,50.8005
2007-04-13,49.9201,54.9841,31.236077,53.23335,26.818493,18.165886,11.898179,29.982147,31.817163,,7.343056,53.103352,22.267929,4.5224,15.1,37.84115,7.915815,20.531553,43.859902,29.86842,39.514218,25.491991,25.491991,,19.104084,,,32.311561,32.311561,13.566381,,25.491991,,31.229439,19.295,19.295,13.139664,21.6572,30.2916,49.776721,,,56.6282,9.416609,34.08,30.72,41.204816,14.2892,21.556874,38.686244,30.45,20.361453,18.562907,42.9986,,50.9372
2007-04-16,50.2361,55.1603,31.268947,53.611938,27.164605,18.30551,12.092922,30.204467,32.470695,,7.590534,53.481032,22.313611,4.7575,15.355,38.001274,7.924255,20.421589,43.162972,30.06469,39.859034,25.460868,25.460868,,19.253506,,,32.674386,32.674386,13.703444,,25.460868,,31.375559,19.02,19.02,13.103771,21.817,30.743,49.900448,,,56.942,9.533058,34.48,31.08,40.89336,14.2127,21.961929,39.154414,30.91,20.604632,18.9714,43.5214,,51.6693
2007-04-17,50.2552,55.1139,31.120941,53.672799,27.092853,18.489197,12.155935,30.281057,32.282692,,7.625579,53.54164,22.538253,4.6544,15.415,37.801095,7.915815,20.678171,43.186666,30.115867,40.042984,25.569704,25.569704,,19.75137,,,32.384108,32.384108,13.905723,,25.569704,,31.253746,19.27,19.27,13.141535,22.0802,30.7054,50.858857,,,56.8657,9.530016,33.75,31.01,40.704925,14.3912,21.4482,38.983396,30.9,20.496513,18.553847,43.7622,,52.3233
2007-04-18,49.9201,55.2716,30.808677,53.672799,27.029533,18.489197,12.115827,30.365369,32.032023,,7.553199,53.54164,22.427862,4.64,15.22,37.56893,7.890496,20.494898,43.178799,30.201162,40.088971,25.095596,25.095596,,19.785845,,,32.09392,32.09392,13.631696,,25.095596,,30.985812,19.31,19.31,13.237903,22.0426,30.6678,50.951629,,,56.7554,9.5376,33.88,31.07,40.632543,14.2637,22.001447,39.537076,30.93,20.320864,18.590185,43.6934,,52.5674
2007-04-19,49.8818,54.3257,30.660763,53.841757,27.037963,18.393636,12.190339,30.357738,32.211072,,7.501809,53.710213,22.454517,4.5974,15.12,38.537743,7.911619,20.507116,42.743149,30.013514,39.797717,25.530847,25.530847,,19.82032,,,32.072174,32.072174,13.246633,,25.530847,,30.750287,19.325,19.325,13.109384,21.8734,30.5455,51.036618,,,56.4247,9.469564,34.05,31.01,40.248613,14.2722,21.902653,39.036307,30.26,20.13848,18.862482,43.2944,,52.4307
2007-04-20,50.3701,54.8914,31.679821,54.592073,27.185682,18.518573,12.322069,30.426696,32.640792,,7.595178,54.458753,22.511597,4.6703,15.38,38.553784,7.996065,20.592644,43.162972,30.542433,40.265256,25.717303,25.717303,,19.95057,,,32.587312,32.587312,13.44248,,25.717303,,30.937105,19.49,19.49,13.137793,22.099,30.6678,51.515868,,,57.3576,9.460481,34.05,30.96,40.943999,14.3317,22.218794,39.121816,30.84,20.570867,18.889663,43.8723,,53.3386
2007-04-23,50.2744,55.0397,32.016737,54.571787,27.092853,18.423102,12.264759,30.350106,32.8467,,7.562486,54.438485,22.679158,4.5202,15.485,38.137384,8.034068,20.543771,43.305505,30.670375,40.265256,25.810578,25.810578,,19.782065,,,32.456745,32.456745,13.44248,,25.810578,,31.058919,19.905,19.905,13.096201,22.0332,30.0847,51.469436,,,57.8749,9.57843,34.24,31.02,40.965742,14.2977,22.436141,39.292834,31.39,20.401953,19.243697,44.0856,,53.0555
2007-04-24,50.1212,54.6502,32.304349,54.341968,27.021102,18.43779,12.688742,30.610676,33.142132,,7.583538,54.209304,22.660131,4.4971,15.355,37.857192,8.06151,20.568207,43.289678,32.965357,40.28825,25.958271,25.958271,,19.805018,,,32.086611,32.086611,13.377164,,25.958271,,30.95331,19.49,19.49,13.207623,23.0202,30.4891,51.330323,,,57.612,9.607135,34.47,30.91,40.7774,14.3147,22.27807,39.011932,32.1,20.246599,19.125718,44.3677,,53.319
2007-04-25,48.7329,55.355,32.476916,55.281627,27.088638,18.43779,12.757458,30.633662,33.446517,,7.602236,55.146587,22.808666,4.4791,15.425,38.145356,8.080511,20.531553,43.64601,32.615556,40.541091,26.01269,26.01269,,19.81654,,,32.108448,32.108448,13.553417,,26.01269,,30.872101,19.475,19.475,13.311561,22.992,30.5455,51.770925,,,57.0183,9.812786,34.26,30.91,40.849875,14.2892,22.129879,38.189537,32.14,20.11145,19.425292,44.6085,,53.9926
2007-04-26,48.4457,54.0474,32.07426,54.091863,27.071776,18.239325,12.831878,30.602953,33.383849,,7.54385,53.959759,22.850578,4.5887,15.43,37.657013,8.076315,20.104111,43.400558,33.400452,40.433787,26.08267,26.08267,,19.946699,,,31.876189,31.876189,13.377164,,26.08267,,30.458046,19.345,19.345,13.096201,22.8886,30.602,51.330323,,,56.8233,9.865698,33.34,30.69,40.7774,13.9917,22.426262,39.309084,31.58,19.929066,19.243697,44.3814,,54.1195
2007-04-27,47.9,53.6765,32.057825,54.314919,27.054825,18.202333,12.591324,30.043473,32.38117,,7.443422,54.182313,22.877144,4.4755,15.37,37.472777,8.06151,20.226196,43.186666,33.059181,40.679053,26.08267,26.08267,,19.939048,,,31.622275,31.622275,15.073778,,26.08267,,30.287526,19.325,19.325,13.147234,22.428,30.4985,51.23755,,,56.5434,9.756832,33.33,30.27,40.639791,14.0767,22.505297,39.081092,30.87,19.847977,19.243697,43.9755,,53.7388
2007-04-30,47.0957,52.5636,31.803083,54.145961,26.983073,18.194899,12.568419,29.966883,32.613935,,7.282316,54.013741,22.808666,4.4091,15.015,37.720984,8.042508,20.04302,43.527264,33.972019,40.548756,26.01269,26.01269,,19.988826,,,30.64271,30.64271,14.440814,,26.01269,,30.141312,19.1,19.1,13.018716,22.6912,30.8559,51.082959,,,55.814,9.716002,32.21,30.57,40.436954,13.9492,22.139759,38.380868,30.14,19.584503,19.02586,43.1224,,57.4776
2007-05-01,47.45,52.0258,30.077322,54.362255,27.118146,18.313398,12.625728,30.227453,32.792985,,7.270676,54.229475,22.884773,4.5029,15.225,37.328696,8.082633,20.348377,43.558917,34.936127,40.901326,26.028251,26.028251,,20.157421,,,30.787804,30.787804,15.158589,,26.028251,,30.206317,18.635,18.635,12.997962,23.0296,31.1286,51.322629,,,56.7554,9.694837,33.56,30.96,40.951247,14.1617,22.426262,38.409404,30.69,19.537268,19.198298,43.2944,,57.4092
2007-05-02,47.7659,52.2669,30.348499,55.443823,27.181467,18.246759,12.677243,30.250439,33.061559,,7.310364,55.308436,22.797268,4.7547,15.525,37.320724,8.11644,20.348377,43.749022,34.577796,40.602408,25.864996,25.864996,,20.188025,,,31.484399,31.484399,15.876464,,25.864996,,30.15761,18.485,18.485,13.054609,23.0296,31.2791,51.801788,,,57.4848,9.726584,33.07,31.16,41.146836,14.1617,22.436141,38.519288,31.33,19.746681,19.234636,43.8517,,57.6435
2007-05-03,48.1585,52.2391,29.699318,54.625885,27.303893,18.217112,12.826175,30.196744,30.214666,,7.282316,54.492467,22.625847,5.1832,15.3,37.136488,8.093195,20.311723,43.772716,35.413869,40.510433,25.515286,25.515286,,20.264627,,,30.911152,30.911152,15.243499,,25.515286,,30.344335,18.595,18.595,13.1793,23.1236,31.4766,52.025981,,,58.3075,9.821826,33.56,30.85,41.190321,14.1362,22.554694,39.081092,31.8,19.598062,19.370833,43.9962,,57.585
2007-05-04,48.35,51.7939,29.633579,54.396066,27.130792,18.261538,12.808973,30.250439,29.793899,,7.280025,54.263189,22.641105,5.1002,15.5,36.968393,8.078437,20.39725,43.994475,35.260339,40.778693,25.802845,25.802845,,20.379484,,,31.36827,31.36827,15.256562,,25.802845,,30.263126,19.665,19.665,13.1019,23.039,31.5142,52.11097,,,58.4856,9.714502,33.93,30.79,41.979925,14.1957,22.208915,39.382406,31.84,19.652122,19.388954,44.5672,,57.3214
2007-05-07,48.5474,51.7846,29.756841,54.708502,27.287031,18.439241,12.871986,30.189112,30.528004,,7.340703,54.574902,22.740098,5.3072,15.75,37.392765,8.129076,20.446025,44.247979,35.19201,40.878332,25.647418,25.647418,,20.532687,,,31.31025,31.31025,15.465373,,25.647418,,30.271228,20.21,20.21,13.067877,23.0296,31.4672,52.157402,,,58.952,9.716002,33.59,31.49,42.211751,14.2297,22.722644,39.105566,31.86,19.611533,19.461534,43.9824,,57.4288
2007-05-08,48.5378,51.0057,29.066482,54.49799,27.092853,18.439241,12.803269,29.943897,30.393716,,7.26597,54.36482,22.743957,5.142,15.605,37.408708,8.129076,20.751382,43.812329,35.115245,41.077611,25.383154,25.383154,,20.325926,,,31.5352,31.5352,15.235384,,25.383154,,29.978894,19.54,19.54,12.969639,23.0202,31.3073,51.902345,,,58.4686,9.647966,34.75,31.72,42.197256,14.4422,23.028906,39.83829,31.96,19.591327,19.679371,44.519,,57.0773
2007-05-09,48.114,51.3859,29.370619,54.790041,27.586684,18.446585,12.814768,29.713945,29.462657,,7.282316,54.656265,22.778151,5.2805,15.545,37.368751,8.101634,20.873564,43.550958,35.004362,41.468414,25.476429,25.476429,,20.341228,,,31.651239,31.651239,15.399662,,25.476429,,29.995192,19.755,19.755,12.952628,23.2176,31.2885,51.917732,,,57.6714,9.658548,35.26,31.62,41.93644,14.5272,23.266012,38.64552,29.11,19.604798,19.806507,44.9524,,57.2823
2007-05-10,48.0273,51.154,29.173309,53.940937,27.185682,17.950648,12.602731,29.622001,28.451025,,7.151611,53.809213,22.740098,5.194,15.11,36.640075,7.968624,20.788037,41.919514,34.509561,40.801686,25.258756,25.258756,,20.099902,,,31.179594,31.179594,14.624389,,25.258756,,29.792169,19.575,19.575,12.852518,23.0202,31.0816,51.283981,,,46.5357,9.619217,35.13,31.03,41.096196,14.4677,23.29565,38.03893,29.1,19.2535,19.670311,44.0787,,56.0231
2007-05-11,48.2874,51.4879,29.477447,53.974944,27.257434,18.054278,12.55692,29.637264,28.424168,,7.228635,53.843122,22.717301,5.1168,14.95,36.648047,8.031946,20.849128,41.610662,34.646032,40.671389,25.266584,25.266584,,20.180374,,,31.346524,31.346524,15.058043,,25.266584,,30.019499,19.6,19.6,12.956455,22.9168,31.1662,51.631811,,,46.7477,9.788579,35.46,31.12,41.32189,14.5102,23.354926,37.680742,29.26,19.510238,19.643129,44.6497,,56.7943
2007-05-14,48.1044,51.3766,29.370619,53.390744,27.607761,18.106138,12.677243,29.752286,28.263023,,7.223991,53.260329,22.827692,5.2741,14.64,36.664089,7.991869,20.995649,41.46017,34.910538,40.847674,25.258756,25.258756,,20.145899,,,31.114355,31.114355,14.630921,,25.258756,,30.263126,19.23,19.23,13.00179,22.8322,31.138,51.624027,,,45.9251,10.087929,35.28,31.01,41.68603,14.6122,23.601911,36.353615,28.0,19.240029,19.670311,43.549,,55.9157
2007-05-15,48.5378,51.321,29.762228,53.526577,27.540224,18.476232,12.728757,29.790535,28.630075,,7.170248,53.395869,22.979996,5.0129,14.535,36.760143,7.928499,21.19114,41.24637,35.064068,40.594743,25.336564,25.336564,,20.092251,,,31.027281,31.027281,14.387869,,25.336564,,30.222521,19.125,19.125,13.111341,22.9638,31.5048,52.134141,,,47.9181,10.087929,35.14,30.77,41.554925,14.7482,23.552514,36.540883,27.56,18.679317,19.860966,44.1406,,56.4624
2007-05-16,48.4222,51.4972,30.248611,53.879783,27.958088,18.639066,12.889188,29.951529,28.880745,,7.308011,53.748215,23.12853,5.023,14.74,37.032462,8.177641,21.313224,41.610662,34.705738,41.062282,25.468601,25.468601,,20.199547,,,31.600529,31.600529,14.74265,,25.468601,,30.474251,19.225,19.225,13.220892,23.1706,31.6459,53.053993,,,48.5542,10.133301,35.62,31.22,42.181275,14.8332,23.740223,37.082277,27.81,18.976556,20.28758,45.2964,,56.5404
2007-05-17,47.8444,51.8217,30.207432,53.791481,27.890551,18.616853,13.09543,30.020487,28.558455,,7.27532,53.660128,22.960969,5.0973,14.52,37.112475,8.177641,21.459842,41.008785,34.338878,40.840009,25.569704,25.569704,,19.992696,,,31.600529,31.600529,14.374707,,25.569704,,30.352437,19.405,19.405,13.166116,23.133,31.5048,52.938049,,,48.0962,10.087929,35.26,31.11,42.785696,14.9352,24.026726,36.728151,27.57,18.827936,20.151384,44.808,,56.0621
2007-05-18,48.297,51.9516,30.421726,54.002091,27.996116,18.779687,13.129834,30.273425,28.773315,,7.340703,53.870211,23.216125,4.9631,14.875,37.216599,8.27477,21.716327,41.000825,34.876421,41.115934,25.732865,25.732865,,20.157421,,,31.716568,31.716568,14.545516,,25.732865,,30.376837,19.64,19.64,13.213322,23.133,31.8904,53.70322,,,49.3684,10.156008,35.57,31.21,42.960472,15.1137,24.095882,37.281732,28.02,18.96982,20.015284,45.1244,,56.1305
2007-05-21,47.8155,51.8774,30.339277,54.280618,28.09316,18.639066,13.164146,30.273425,28.64798,,7.604527,54.148014,23.170353,4.9343,14.68,37.664985,8.33814,21.508715,41.190931,34.987303,41.077611,25.795111,25.795111,,19.88162,,,31.832697,31.832697,14.755812,,25.795111,,30.255024,19.71,19.71,13.383347,23.1424,31.7775,53.355391,,,49.8688,10.08643,36.71,31.19,42.283204,14.9692,24.224314,37.159661,28.35,19.03735,20.006223,45.8193,,56.189
2007-05-22,49.183,51.4322,30.075496,53.805104,28.304199,18.764909,13.141241,30.319397,28.764362,,7.653565,53.673673,23.18947,5.0079,14.665,37.184515,8.312773,21.581926,41.412689,35.166422,41.09294,25.911681,25.911681,,19.716895,,,32.028592,32.028592,14.768974,,25.911681,,30.206317,19.6,19.6,13.540104,23.086,31.7963,53.077163,,,50.1062,10.019893,38.02,31.62,42.450732,15.0202,24.095882,37.10675,28.1,18.942791,19.770169,43.7141,,56.6771
2007-05-23,49.4527,50.9686,29.630292,53.553822,28.540531,19.001816,13.078227,29.874848,28.782267,,7.571836,53.422958,22.907659,4.9235,14.495,37.136488,8.304333,21.569708,41.412689,35.149363,40.717376,25.89612,25.89612,,19.659467,,,31.731095,31.731095,14.657245,,25.89612,,30.319935,20.22,20.22,13.485328,23.086,32.1443,53.09264,,,49.5295,9.986646,38.3,31.61,42.09384,15.0117,23.96745,36.91542,27.9,18.915761,19.969885,43.4939,,56.7259
2007-05-24,49.3852,50.4121,28.912998,53.5402,28.299984,18.920399,13.118335,29.928543,28.424168,,7.870704,53.409413,22.911428,4.8557,14.155,37.376723,7.920059,21.569708,41.325041,35.098186,40.885997,25.989395,25.989395,,19.624991,,,31.281195,31.281195,14.736118,,25.989395,,30.214419,19.525,19.525,13.311561,22.945,32.1537,52.907095,,,49.326,9.926151,38.29,32.38,41.504007,15.0117,23.878535,36.585669,27.43,18.814377,19.688528,43.1087,,56.6381
2007-05-25,49.0963,50.7553,29.119165,53.669271,28.578559,18.994382,13.158443,30.066459,28.594265,,8.099546,53.538133,22.903799,4.8326,14.255,37.56086,7.776486,21.801756,41.627599,34.961715,40.993301,26.043813,26.043813,,19.873968,,,31.542419,31.542419,15.182835,,26.043813,,30.303731,19.75,19.75,13.370079,23.039,32.2948,53.193106,,,49.9621,9.979106,38.3,32.63,41.853558,15.1732,23.908173,36.581508,27.86,18.962997,20.042465,43.205,,56.7454
2007-05-29,50.3001,50.3658,29.028407,53.852636,28.80646,18.949956,13.072524,30.173758,28.782267,,8.132238,53.721126,23.044705,4.9343,14.345,37.777081,7.863054,21.887284,41.468407,35.268869,41.215483,26.043813,26.043813,,19.985045,,,32.115666,32.115666,15.596697,,26.043813,,30.238726,19.715,19.715,13.475887,23.0014,32.5393,52.930266,,,49.4702,9.948858,39.72,32.75,42.210357,15.2327,23.878535,36.638778,28.4,19.044086,20.378378,43.6797,,56.9407
2007-05-30,50.7335,49.9206,29.358202,54.905489,28.823322,18.898186,13.152739,30.258071,28.889697,,8.160224,54.77144,22.983765,4.891,14.275,38.081385,7.829248,21.948375,42.001794,35.24328,41.570759,26.183678,26.183678,,20.318275,,,32.072174,32.072174,15.73465,,26.183678,,30.449851,20.025,20.025,13.504211,23.1612,32.7932,52.999868,,,49.2412,9.945816,38.31,32.11,42.421557,15.2752,24.036606,36.749058,28.32,19.017056,20.251049,44.4227,,57.7119
2007-05-31,51.3691,49.5126,28.888254,54.87158,28.810676,18.875973,13.376091,30.426696,29.32837,,8.055152,54.737531,23.318887,4.8802,14.3,38.097329,7.907376,21.862847,41.961996,35.004362,41.593843,26.300248,26.300248,,20.295231,,,31.789115,31.789115,15.603327,,26.300248,,30.279331,19.9,19.9,13.430553,23.1424,32.906,52.814322,,,49.326,9.833951,38.3,32.14,42.021087,15.2157,24.006967,37.410937,28.04,18.983291,20.269266,43.7347,,57.2043
2007-06-01,52.0144,50.3658,28.517281,55.129722,28.637665,19.253502,13.318873,30.495654,29.731232,,8.225607,54.995066,23.356941,4.9487,14.55,38.513729,7.95594,22.13155,42.224663,35.106716,41.855881,26.750967,26.750967,,20.2225,,,32.239014,32.239014,16.063206,,26.750967,,30.303731,20.16,20.16,13.566556,23.1988,32.9813,53.100334,,,49.555,9.96094,38.83,32.59,42.931389,15.4027,23.977329,37.390526,28.5,19.13191,20.205554,44.5672,,57.2238
2007-06-04,51.1861,49.7073,28.418397,55.45578,28.82099,19.194298,13.204254,30.365369,29.793899,,8.183566,55.320324,23.406482,5.1651,14.415,38.521701,7.968624,21.997247,41.60372,34.89348,41.640101,26.820947,26.820947,,20.172723,,,32.021373,32.021373,16.096062,,26.820947,,30.076401,19.945,19.945,13.562814,23.133,32.9154,52.798936,,,48.851,9.846033,38.75,33.27,43.077082,15.3092,23.858776,37.447697,28.72,18.990026,20.751207,44.5947,,56.7064
2007-06-05,51.6773,49.5219,28.434832,54.280618,29.914842,19.090577,13.112632,30.097168,29.955044,,8.055152,54.148014,22.618219,5.0245,14.305,38.113371,7.926377,21.985029,41.165849,35.823376,40.846412,26.774357,26.774357,,20.038693,,,31.636802,31.636802,15.623021,,26.774357,,29.73536,20.0,20.0,13.351196,22.8416,32.37,52.265561,,,47.8079,9.767414,38.3,32.55,42.567249,15.3007,23.661188,37.222976,28.58,18.908937,20.532984,43.8379,,56.4819
2007-06-06,51.1476,48.4739,28.113346,53.411129,29.88094,18.794556,13.061025,29.744563,29.847614,,7.973423,53.280694,22.637335,4.9783,14.295,37.777081,7.901057,21.923645,40.497148,35.686905,40.753986,26.696643,26.696643,,19.916095,,,31.483407,31.483407,15.852911,,26.696643,,29.759667,19.75,19.75,13.375777,22.522,32.3039,52.121831,,,48.0029,9.644924,38.4,32.41,42.348803,15.258,23.414203,36.84299,28.63,18.854966,20.232832,44.2025,,56.2085
2007-06-07,50.3964,47.7598,27.783551,53.119078,29.338229,18.513223,12.866282,29.575938,29.095605,,7.896399,52.989249,22.385949,5.1168,14.31,37.032462,7.867251,21.64116,40.210509,35.567399,39.952632,26.906489,26.906489,,19.678639,,,30.519633,30.519633,15.79383,,26.906489,,30.117006,19.3,19.3,13.137793,22.0614,31.6051,51.569993,,,46.9767,9.53173,37.78,31.88,41.365654,15.0614,22.811559,36.197558,28.64,18.800907,19.696335,43.9755,,55.0762
2007-06-08,50.6565,47.7413,28.476102,54.171932,29.643442,18.846326,13.015214,29.713945,28.97027,,7.910392,54.039563,22.542112,5.1139,14.39,37.296612,7.917937,21.518294,40.767775,35.831906,40.106735,26.820947,26.820947,,19.789716,,,30.862787,30.862787,15.918622,,26.820947,,30.336233,19.565,19.565,13.27941,22.1836,31.9073,51.772011,,,46.9513,9.566905,38.5,32.36,41.656947,14.9759,23.107941,36.409994,29.0,18.96982,19.823664,44.0168,,55.2421
2007-06-11,51.9758,50.4029,28.344166,53.927412,30.393874,18.883317,12.992309,29.867216,29.059795,,7.821667,53.795668,22.66776,5.2077,14.53,37.232641,7.943304,21.714763,40.839504,36.505919,40.414941,26.828775,26.828775,,19.774414,,,30.899331,30.899331,16.207691,,26.828775,,30.522958,19.39,19.39,13.264355,22.381,32.0395,51.328965,,,47.1463,9.60058,39.09,32.4,42.305039,15.1127,23.374685,35.793099,28.92,18.922496,19.796386,44.0718,,55.5252
2007-06-12,50.955,49.5589,28.261717,53.472283,30.27091,18.831548,12.831878,29.568306,27.815398,,7.725945,53.341692,22.519226,5.0865,14.315,36.87224,7.818686,21.702544,40.290198,36.616802,39.798529,26.820947,26.820947,,19.586736,,,30.417399,30.417399,15.892397,,26.820947,,30.206317,19.34,19.34,13.249215,22.4844,31.6618,51.321272,,,45.1957,9.574574,38.67,32.11,41.83897,15.1041,23.177097,36.60608,27.81,18.915761,19.696335,43.5834,,55.0274
2007-06-13,51.8988,49.9247,28.484319,54.049623,30.745815,19.00916,12.929572,30.327029,28.164545,,7.769967,53.917664,22.671529,5.1961,14.475,37.520903,7.892617,21.849945,40.751856,36.787391,40.191496,27.396064,27.396064,,19.802588,,,30.746026,30.746026,16.227385,,27.396064,,30.579767,19.81,19.81,13.40376,22.4939,31.8034,51.601038,,,45.1024,9.588327,39.38,32.29,42.166687,15.2067,23.641429,38.191222,27.88,19.023791,19.950993,44.3814,,55.6424
2007-06-14,50.9069,49.3432,28.418397,54.165071,30.737295,19.142438,12.929572,30.158495,27.752731,,7.870952,54.032839,22.599192,5.1745,14.735,37.688999,7.882056,21.899013,40.552866,37.324933,40.145238,27.528196,27.528196,,19.783325,,,30.607248,30.607248,16.227385,,27.528196,,30.466149,19.97,19.97,13.443821,22.4561,32.0017,51.989687,,,45.4841,9.577616,39.88,32.0,42.275956,15.2409,23.592032,38.019609,28.0,19.111882,19.87822,43.6315,,55.4569
2007-06-15,50.9358,49.8216,28.500846,54.864818,30.792454,19.098012,13.239762,30.181481,27.958638,,7.934354,54.730807,22.694415,5.5172,14.385,37.897149,7.894739,21.985029,40.656341,37.017779,40.199161,27.442749,27.442749,,19.88747,,,30.702173,30.702173,16.332582,,27.442749,,30.547358,21.95,21.95,13.481926,22.6356,32.2945,51.826407,,,45.3229,9.589869,40.41,32.04,42.101181,15.3007,23.720464,37.557978,28.54,19.091587,20.487489,43.6178,,55.2128
2007-06-18,52.2937,48.8649,28.649217,56.264114,31.13157,19.046242,13.239762,30.1048,28.271975,,7.967231,56.126646,22.816294,5.7256,14.605,37.713012,7.934817,21.813095,40.735937,36.915426,40.006554,27.287322,27.287322,,19.956871,,,30.877405,30.877405,16.227385,,27.287322,,30.417442,22.145,22.145,13.384623,22.9475,32.2284,51.756443,,,45.2381,9.516435,40.21,32.2,41.664195,15.1811,23.918053,38.085004,28.22,19.084763,20.987647,42.7647,,55.4471
2007-06-19,52.3996,48.6398,28.13809,56.345555,30.923849,18.935178,13.412059,29.80589,28.424168,,7.990698,56.207911,22.789639,5.7365,14.27,37.43282,7.884178,21.813095,40.568785,37.205427,40.006554,26.929784,26.929784,,19.8142,,,30.592721,30.592721,16.339114,,26.929784,,30.255024,22.02,22.02,13.262569,22.8719,32.1623,51.142424,,,46.0947,9.461338,40.71,31.94,41.69337,15.1811,23.977329,37.974724,28.14,19.057734,20.878536,42.4344,,55.0567
2007-06-20,50.8394,48.4616,27.602128,56.522158,30.614331,19.001816,13.348862,29.560674,28.406263,,7.885069,56.384182,22.488801,5.735,14.26,36.792227,7.875738,21.579678,40.210509,36.966603,39.759936,26.782091,26.782091,,19.852725,,,30.373636,30.373636,16.004026,,26.782091,,30.10881,22.25,22.25,13.024074,22.9097,32.1434,50.924838,,,45.5604,9.479718,39.75,31.87,41.365654,15.0187,23.552514,37.222976,27.26,19.064469,20.914874,41.8428,,53.9731
2007-06-21,51.138,48.8743,27.890744,56.691998,31.046813,19.11279,13.469461,29.767549,28.728552,,7.84278,56.553534,22.504058,5.7826,14.385,37.631917,7.896814,21.628844,40.234481,36.574155,39.937213,28.554127,28.554127,,20.08406,,,30.512324,30.512324,15.774136,,28.554127,,30.376837,23.11,23.11,13.083272,23.1555,32.4361,51.204604,,,46.0268,9.416951,39.84,31.74,44.198583,15.0528,23.730344,37.316907,27.54,19.152559,21.896973,41.5814,,54.2757
2007-06-22,50.512,48.6304,27.59391,56.522158,30.148035,18.846326,13.285665,29.568306,28.271975,,7.805197,56.384182,22.260301,5.7711,14.215,37.688408,7.865176,21.370894,39.900084,36.667978,39.574994,28.173293,28.173293,,19.902863,,,30.35171,30.35171,15.636183,,28.173293,,29.98709,22.18,22.18,13.01072,22.9948,32.1056,50.411828,,,45.7639,9.230324,39.26,31.3,45.079803,14.8733,23.858776,37.202564,27.42,19.22709,20.97849,41.0998,,53.4362
2007-06-25,49.4623,48.6492,27.239372,56.36594,30.262479,18.653845,13.199562,29.483993,28.066068,,7.802844,56.228277,22.385949,5.7054,14.16,37.77718,7.930621,21.321826,39.923963,36.574155,39.991135,27.675889,27.675889,,19.960741,,,30.388254,30.388254,15.669038,,27.675889,,29.76777,21.715,21.715,13.115678,22.8625,31.9356,50.248639,,,45.0854,9.487344,38.83,31.02,44.67924,14.8392,23.562394,36.953369,25.9,19.105146,20.97849,41.0447,,52.9969
2007-06-26,49.0097,49.3901,27.008552,55.652767,30.258263,18.920399,13.72225,29.28475,27.949685,,7.748853,55.516764,22.576396,5.6485,13.665,37.664198,7.888374,21.370894,39.732932,36.8306,39.813948,27.347116,27.347116,,20.030142,,,30.651101,30.651101,15.570471,,27.347116,,28.825856,21.47,21.47,13.283577,23.1365,31.5768,50.256423,,,44.6359,9.741322,38.53,31.02,44.737499,14.8733,23.354926,36.712298,26.02,19.091587,21.142254,42.0629,,53.4557
2007-06-27,49.5779,49.8403,26.604618,56.060267,30.813621,19.764217,13.653257,29.438021,28.155593,,7.809903,55.923384,22.637335,5.8158,13.65,38.100183,7.960184,21.284975,40.751856,37.454749,39.605832,27.973257,27.973257,,20.21908,,,30.965021,30.965021,15.728119,,27.973257,,31.164435,21.66,21.66,13.392278,23.2027,31.8129,50.652766,,,44.7462,9.966253,38.88,31.16,45.880835,14.8135,23.839017,36.87975,26.48,19.206707,20.942152,42.5652,,53.4069
2007-06-28,49.8282,49.8028,26.67054,55.999112,30.936585,19.986346,13.837053,29.338354,27.994448,,7.866246,55.862387,22.187963,5.774,13.75,38.261684,7.907376,21.42006,40.560825,39.515125,39.713768,27.683717,27.683717,,20.292261,,,30.921258,30.921258,15.754443,,27.683717,,31.205039,21.725,21.725,13.338863,23.2027,31.8129,50.714946,,,44.9497,9.950914,39.0,30.87,45.851753,14.9075,24.678767,37.227038,26.61,18.989938,21.133097,41.9529,,53.5143
2007-06-29,50.2327,50.3749,27.280642,55.951581,30.983223,19.882716,13.785447,29.744563,28.531598,,7.833369,55.814933,22.245133,5.6802,13.57,38.326245,7.886252,21.370894,40.298158,38.856858,39.906374,27.589782,27.589782,,20.168942,,,30.585412,30.585412,15.478436,,27.589782,,31.002017,21.49,21.49,13.380881,23.2122,31.8034,50.404044,,,45.3314,9.975421,39.35,30.79,46.361492,14.8733,23.987208,37.774475,26.61,18.773168,20.951212,41.9116,,53.9926
2007-07-02,50.3772,49.6152,28.204012,56.16219,30.737295,20.297236,13.894547,29.667973,28.415215,,7.755912,56.025015,22.427862,6.0084,13.72,38.552308,7.960184,21.444594,40.505108,39.019293,39.88329,27.808964,27.808964,,20.265347,,,30.702173,30.702173,15.951477,,27.808964,,30.888398,22.225,22.225,13.525815,23.1744,32.1717,50.753865,,,46.7053,10.018265,40.08,30.5,46.317821,14.9246,24.63925,37.913391,26.83,19.064469,21.20587,42.7716,,53.9829
2007-07-03,49.5297,50.1217,28.245191,56.325171,30.618636,20.30458,13.894547,29.468639,28.298833,,7.93553,56.187644,22.412604,5.9904,13.605,38.318175,7.93906,21.45691,40.306117,38.523366,39.682929,27.128029,27.128029,,20.396406,,,30.965021,30.965021,16.102593,,27.128029,,30.684258,22.075,22.075,13.542996,23.2122,32.2378,50.979235,,,46.5527,10.064151,40.18,30.98,46.339657,14.9332,24.570094,38.00326,26.68,19.172854,21.578699,42.9573,,54.1683
2007-07-05,50.1749,49.9154,28.21223,56.461102,30.631282,20.208384,13.825647,29.199075,28.245118,,7.93553,56.323184,22.32124,6.2386,13.615,38.148604,7.924255,21.370894,40.146833,38.549048,40.021974,26.97147,26.97147,,20.307743,,,30.840951,30.840951,16.050044,,26.97147,,30.390434,21.855,21.855,13.575402,23.2689,32.3133,51.227956,,,47.528,10.185013,41.89,30.96,46.062952,14.8733,23.987208,37.982849,26.21,19.139,21.505926,43.3315,,53.7779
2007-07-06,49.7223,50.0936,28.970702,56.440717,30.622851,20.163959,13.79115,29.314641,28.128735,,7.875658,56.302819,22.221619,6.6396,13.52,38.188954,7.907376,21.321826,40.45735,37.771088,39.829277,26.799255,26.799255,,20.280739,,,30.870096,30.870096,15.774136,,26.799255,,30.561886,22.875,22.875,13.659351,23.2027,32.5966,51.468893,,,48.0029,10.24161,42.35,30.39,46.12121,14.8392,24.026726,38.072717,26.01,19.017056,21.533204,43.3384,,53.8364
2007-07-09,49.1156,49.2025,29.803406,56.325171,31.017126,20.067763,13.756654,29.414762,28.021305,,7.917884,56.187644,22.344216,6.833,13.23,38.100183,7.865176,21.297194,40.385714,37.796677,39.813948,27.401912,27.401912,,20.319265,,,30.687555,30.687555,15.728119,,27.401912,,30.85571,22.935,22.935,13.678489,23.2027,32.5116,51.336749,,,47.4686,10.090157,42.28,30.5,45.582295,14.8221,23.779741,38.019609,26.5,19.003497,21.342259,43.2414,,54.2562
2007-07-10,48.4126,48.7711,29.506573,55.394626,30.317548,19.949264,13.802649,29.068063,27.788541,,7.762908,55.259326,22.202413,6.8128,13.21,37.744899,7.81449,20.646306,39.868246,37.55729,39.559665,26.924502,26.924502,,20.08793,,,30.28602,30.28602,15.820055,,26.924502,,30.080219,22.47,22.47,13.436166,23.1082,33.7486,51.196911,,,46.9852,10.061109,41.25,30.1,45.203568,14.369,23.275891,37.713242,25.75,18.759609,21.142254,42.3337,,54.2952
2007-07-11,48.6437,49.1744,29.622074,55.584753,30.461769,19.956699,13.802649,29.969427,27.833303,,7.805197,55.449043,22.2139,6.4925,13.265,37.656127,7.901057,21.174425,40.25836,37.685513,39.682929,26.830567,26.830567,,20.08406,,,30.424708,30.424708,15.997495,,26.830567,,30.276164,22.175,22.175,13.523943,23.0609,33.8431,51.383452,,,47.5026,10.019765,41.56,29.98,45.837165,14.7366,23.236373,37.901204,26.0,18.779903,21.096758,42.604,,55.0999
2007-07-12,48.5955,49.1275,29.968304,56.596935,30.639802,20.112189,14.026645,30.084994,27.976543,,7.946118,56.458626,22.63554,6.4607,13.87,38.108253,7.915815,21.321826,40.449391,37.591501,40.260838,27.237525,27.237525,,20.292261,,,30.665719,30.665719,16.240547,,27.237525,,30.243476,22.55,22.55,13.748999,23.3634,33.9942,52.028516,,,48.0708,10.110037,42.04,32.22,46.135798,14.8392,23.4636,37.843933,26.36,19.084763,21.424093,42.7148,,56.2775
2007-07-13,48.9422,49.1744,30.17438,56.440717,30.758462,20.134311,13.986445,30.246805,28.280928,,8.016517,56.302819,22.68921,6.5718,14.005,38.188954,7.930621,21.235809,40.680219,38.660212,40.245419,28.090676,28.090676,,20.477328,,,30.651101,30.651101,16.509923,,28.090676,,30.365941,22.065,22.065,13.678489,23.3634,34.098,51.958552,,,48.0369,10.091699,42.64,33.36,46.237727,14.7793,23.157338,37.937964,26.2,19.003497,21.742366,41.2875,,56.7092
2007-07-16,48.9133,48.9962,30.075496,56.359178,30.660969,19.986346,13.906046,29.892383,28.513693,,7.93553,56.221553,22.493737,6.5588,13.9,37.615777,7.882056,21.149793,40.24244,37.779618,40.037393,27.801136,27.801136,,20.762671,,,30.570794,30.570794,16.31942,,27.801136,,30.112908,21.825,21.825,13.604065,23.3539,34.2113,52.067344,,,47.2057,10.097826,42.63,33.25,44.103902,14.7195,22.860956,38.052306,25.75,18.83414,21.624194,40.8025,,56.0616
2007-07-17,48.4607,49.015,29.729175,56.230107,30.453248,19.83829,13.630352,29.453285,28.513693,,7.928472,56.092736,22.363422,6.4369,14.0,37.389714,7.827173,21.002491,39.931923,37.095669,39.582749,28.07502,28.07502,,20.500462,,,30.943184,30.943184,16.299727,,28.07502,,29.998638,21.85,21.85,13.598282,23.0609,33.692,51.608821,,,47.2396,9.995301,42.43,33.27,43.747009,14.6169,22.7918,37.770413,25.57,18.793462,21.342259,40.8995,,56.4835
2007-07-18,48.1525,49.4933,29.687997,55.761453,30.245527,19.73466,13.630352,30.092716,28.137688,,7.812256,55.625216,22.505225,6.3085,13.925,37.308914,7.735984,20.953325,39.756811,36.856282,39.875535,27.941945,27.941945,,20.600737,,,30.913949,30.913949,16.168304,,27.941945,,29.761902,21.675,21.675,13.41133,23.0326,33.437,51.398929,,,46.9682,9.937162,39.95,34.95,42.82946,14.5827,22.821438,37.218913,25.47,18.732491,21.269486,40.7263,,56.5032
2007-07-19,48.2777,50.4969,30.026009,56.36594,30.584643,19.816078,13.72225,30.246805,28.46893,,8.094035,56.228277,22.555125,6.4752,13.92,37.543047,7.723254,20.941009,38.570643,37.266633,40.21458,28.435105,28.435105,,20.704882,,,30.928567,30.928567,16.115755,,28.435105,,30.137401,21.835,21.835,13.474356,23.2972,33.4465,50.88601,,,46.4339,10.070277,39.9,34.61,43.368375,14.5742,22.930112,37.52528,25.3,18.779903,21.58776,41.1351,,56.8074
2007-07-20,47.7962,50.4875,29.729175,54.99379,29.940225,19.668022,13.526955,29.72294,28.343595,,7.791142,54.859526,22.413232,6.4059,13.865,37.179791,7.716889,20.78139,38.085014,36.651107,39.88329,27.808964,27.808964,,20.515944,,,30.680337,30.680337,15.833217,,27.808964,,29.900665,21.285,21.285,13.315983,23.1744,32.9649,50.264207,,,45.5519,9.947873,40.21,34.62,42.188522,14.463,22.693006,37.259736,24.13,18.475043,21.524143,39.8741,,56.8662
2007-07-23,48.3644,50.4781,30.281572,55.523696,30.020766,19.742004,13.630352,30.007949,28.379405,,7.755912,55.388045,22.332728,6.543,13.99,37.276633,7.784738,20.916475,37.647142,36.582684,40.229999,27.871588,27.871588,,20.681749,,,30.78248,30.78248,16.214322,,27.871588,,29.982247,22.03,22.03,13.281621,23.2216,33.0688,51.756443,,,45.5943,9.975421,40.9,33.9,42.654684,14.5571,22.841197,37.415,24.77,18.739314,21.578699,40.1097,,56.405
2007-07-24,47.3051,50.1029,29.795189,55.747831,29.626491,19.438549,13.578653,29.291473,27.878066,,7.442431,55.611671,21.907229,6.4542,13.85,36.550024,7.702083,20.474274,37.774496,38.301132,39.890955,27.268837,27.268837,,20.519815,,,29.745708,29.745708,15.747812,,27.268837,,29.467985,21.5,21.5,12.984013,23.0704,33.0876,51.500029,,,44.2204,9.753576,40.7,32.81,42.086593,14.2493,22.584332,36.781756,24.38,18.278568,20.896657,38.0311,,55.8947
2007-07-25,47.7577,49.0056,29.67147,55.632383,29.813045,19.401558,13.544157,29.853861,27.582633,,7.438902,55.496497,21.788401,6.4478,14.345,36.590375,7.695718,20.498906,37.814294,38.506308,40.006554,27.268837,27.268837,,20.839812,,,29.497478,29.497478,15.767506,,27.268837,,29.525167,21.49,21.49,12.943952,24.696,33.3709,53.101148,,,44.4324,9.637297,40.95,32.33,42.05751,14.2664,22.515176,36.794042,24.76,18.102476,20.514767,38.0519,,55.934
2007-07-26,46.7176,50.4781,28.607947,53.152987,28.922698,19.260846,13.463758,29.437839,26.866434,,7.297981,53.023158,21.316951,6.346,13.845,35.718405,7.579116,19.872454,36.819249,38.557578,39.9988,26.173115,26.173115,,20.427281,,,28.80386,28.80386,15.195997,,26.173115,,28.831351,20.895,20.895,12.743647,25.849,32.8138,51.950768,,,43.8133,9.540899,40.9,31.93,42.210357,13.8305,21.813738,35.927852,23.91,17.594317,20.014609,36.6384,,54.9036
2007-07-27,46.8524,50.6563,28.072076,53.934175,28.261328,19.053586,13.067373,28.883175,26.418809,,7.079603,53.802392,21.305463,6.1354,13.605,35.201718,7.420125,19.651452,36.54057,37.523078,40.029638,25.742673,25.742673,,20.157331,,,28.102934,28.102934,17.19316,,25.742673,,28.439462,20.49,20.49,12.432685,25.4804,32.3983,51.033631,,,43.7115,9.308342,40.21,31.34,40.943256,13.6766,21.665547,35.73999,22.9,17.492668,19.469052,36.0287,,56.0518
2007-07-30,47.4784,50.4406,28.171051,55.870139,28.731928,18.957391,13.09037,28.898529,26.374047,,7.195881,55.733667,21.558465,6.1505,13.575,35.524622,7.41376,19.675986,36.779359,38.113016,40.137574,25.81303,25.81303,,20.199727,,,28.329237,28.329237,16.60849,,25.81303,,28.47215,20.72,20.72,12.549041,26.0381,32.2378,51.220172,,,44.6699,9.293047,40.58,31.7,41.518502,13.6937,21.912532,36.320125,22.82,17.214926,19.987331,36.195,,56.0518
2007-07-31,46.968,50.2249,27.701103,55.224785,28.168051,18.897733,13.015674,28.374664,25.756325,,7.220524,55.089876,21.320721,6.4167,13.545,35.33084,7.297157,19.467201,36.699763,38.147227,39.921793,25.633082,25.633082,,20.091801,,,28.270856,28.270856,16.54931,,25.633082,,27.884409,20.275,20.275,12.680706,26.1515,31.5957,51.002586,,,44.0677,9.358812,40.76,31.06,40.644623,13.5484,21.665547,36.336474,22.41,16.957479,19.369001,38.2528,,56.6013
2007-08-01,47.9696,50.5719,28.047332,55.272317,28.833726,19.412075,12.969771,28.813853,26.329284,,7.276868,55.13733,21.504795,6.6115,13.575,35.104778,7.386177,19.81107,36.922724,37.882159,40.222335,25.382588,25.382588,,20.539077,,,28.74539,28.74539,16.588796,,25.382588,,29.100682,20.385,20.385,12.701715,26.4728,31.879,51.632173,,,45.1787,9.446042,41.06,30.95,40.950504,13.7878,21.833497,36.887974,22.84,17.411401,18.968894,38.4468,,57.4256
2007-08-02,47.8636,50.2999,28.335948,55.7886,29.240736,19.367377,13.02147,28.667487,26.311379,,7.431843,55.652304,21.500936,5.867,13.79,35.363121,7.426443,19.688302,37.161513,38.617471,40.191496,25.476523,25.476523,,20.6894,,,29.132397,29.132397,16.523085,,25.476523,,29.00271,20.665,20.665,12.808544,26.6146,32.0395,51.927507,,,45.4416,9.447585,43.32,31.67,41.642359,13.7023,21.873015,36.683663,22.64,17.655289,18.905182,38.7932,,57.6807
2007-08-03,47.1413,49.1932,27.585693,56.005973,29.499311,19.203364,13.009971,28.143531,25.568322,,7.262813,55.86911,21.301604,6.064,13.705,34.709143,7.165702,19.577751,35.919627,37.711195,40.515122,25.01477,25.01477,,20.542948,,,27.94232,27.94232,15.918622,,25.01477,,28.447657,20.04,20.04,12.705542,26.6524,31.5013,51.663218,,,44.5342,9.329764,42.89,31.51,40.768387,13.6254,21.7841,37.149455,23.9,17.072688,18.55057,37.3174,,56.9644
2007-08-06,48.48,49.7559,28.459576,59.707964,30.652538,19.814718,13.170769,29.252951,26.857481,,7.438902,59.562114,22.018428,6.9405,13.88,35.516552,7.331058,19.84792,37.129675,38.360932,42.20259,25.593942,25.593942,,20.909213,,,28.847623,28.847623,16.0829,,25.593942,,29.623139,20.44,20.44,13.159567,27.3234,32.6627,53.24877,,,46.5696,9.862185,44.87,31.61,41.824383,13.8134,22.772041,37.65607,24.75,17.817911,19.396279,36.8948,,60.2615
2007-08-07,48.5478,49.7371,28.583203,60.658992,31.441088,19.717797,13.308663,28.913974,25.156507,,7.467074,60.510797,21.999221,8.2195,14.205,35.41164,7.229308,19.995321,37.432233,37.779618,42.017649,25.492179,25.492179,,20.997876,,,29.73109,29.73109,16.325952,,25.492179,,29.745605,20.79,20.79,13.205327,26.9454,34.013,53.753996,,,46.9598,9.924908,45.04,31.77,41.824383,13.916,23.443841,37.173929,23.84,18.583428,19.550886,34.4906,,61.0269
2007-08-08,49.4591,49.5683,29.011972,60.258157,31.877786,19.687968,13.463758,28.467153,25.317652,,7.174706,60.110998,21.819096,8.8189,14.725,35.371191,6.913402,19.749686,38.602482,35.377221,42.687983,25.656566,25.656566,,21.537686,,,31.490715,31.490715,16.808691,,25.656566,,31.304688,23.46,23.46,13.277794,26.5862,33.7959,54.360231,,,51.3869,9.961625,46.28,33.86,40.557188,13.745,24.12552,35.527455,23.54,20.703977,18.959834,34.3658,,61.4195
2007-08-09,47.0162,46.1919,29.003664,58.987931,32.043084,19.315245,13.457962,27.1574,23.992683,,6.787297,58.843878,21.021767,8.1524,15.17,33.990604,6.733193,18.9513,37.862052,33.9409,41.416656,24.615545,24.615545,,21.533816,,,29.85525,29.85525,17.09301,,24.615545,,30.74144,23.795,23.795,12.90959,22.9003,32.2567,53.240986,,,50.9459,9.976921,43.86,33.77,38.321433,13.1894,24.550335,33.464334,22.0,20.900452,18.086846,30.8184,,61.6353
2007-08-10,47.2391,47.7113,28.385344,58.32229,31.212111,19.359943,13.601559,27.719787,24.55669,,7.255754,58.17982,21.213471,7.3365,14.97,34.039025,7.163581,19.074166,37.49591,37.531702,41.085276,25.155578,25.155578,,21.198336,,,29.139706,29.139706,17.099641,,25.155578,,29.312924,22.79,22.79,12.856175,25.6978,32.8988,52.813508,,,50.7762,9.73978,43.55,32.0,41.300055,13.2749,23.95757,33.782987,23.63,17.939855,18.159523,34.837,,58.1615
2007-08-13,46.9774,48.5366,28.02551,57.195933,30.563477,19.292851,13.773948,28.004887,24.73574,,7.33674,57.05623,21.244075,7.0984,15.04,34.838364,7.125436,19.84792,37.081917,39.104774,41.015934,25.202546,25.202546,,21.021009,,,28.99371,28.99371,16.855005,,25.202546,,28.863946,22.6,22.6,12.860003,26.8131,32.9177,52.914607,,,50.2419,9.704605,44.34,31.79,41.096196,13.8134,23.256132,35.257848,24.26,18.149889,18.450519,33.1326,,57.3961
2007-08-14,46.5702,47.73,27.421709,56.383679,29.702817,19.367377,13.584357,27.658188,24.80736,,7.076136,56.245913,21.466383,6.8409,14.425,34.370098,7.222943,19.651452,36.938644,37.753936,41.054437,25.421728,25.421728,,20.874467,,,28.394926,28.394926,16.643325,,25.421728,,29.100682,22.6,22.6,12.747475,26.2649,32.2378,52.199489,,,50.5897,9.476633,43.38,30.75,40.752034,13.6766,22.95975,34.354998,24.66,17.960149,18.132245,32.4605,,57.1901
2007-08-15,46.3958,47.3924,27.231429,55.189112,29.753671,19.128838,13.446556,27.249889,24.66412,,7.076136,55.05431,21.267141,7.1482,14.44,35.32277,7.210212,19.565436,37.153553,36.616895,41.069856,24.850383,24.850383,,20.75493,,,27.657546,27.657546,16.583848,,24.850383,,29.770098,22.135,22.135,12.587231,25.5372,31.7373,52.339417,,,49.4786,9.470506,43.24,29.94,39.975903,13.6168,22.811559,34.342711,25.56,17.878883,17.768573,33.6314,,58.1517
2007-08-16,45.5136,48.1708,26.677206,56.349476,30.635587,18.629365,13.400561,27.7892,24.870028,,7.146534,56.211906,21.286257,7.4858,14.86,36.033239,7.242039,19.528585,35.139492,37.146939,41.53992,24.380707,24.380707,,20.658615,,,28.475323,28.475323,16.835114,,24.380707,,30.161894,20.91,20.91,12.659698,25.7734,31.7279,53.139977,,,49.996,9.594454,45.0,28.52,40.708085,13.5912,22.693006,34.391758,26.1,18.969643,17.595749,33.5344,,58.191
2007-08-17,45.8044,48.2084,27.008096,56.656717,31.373283,18.74868,13.79115,28.058855,24.744693,,7.143005,56.51826,21.385968,7.8364,15.065,36.485365,7.184798,19.995321,36.843128,37.18968,41.763365,24.505954,24.505954,,20.994005,,,29.059399,29.059399,16.636793,,24.505954,,30.618974,21.065,21.065,12.894365,26.5768,32.946,53.924969,,,51.1494,9.888191,46.9,28.76,41.498803,13.916,23.107941,34.804342,26.07,19.559069,18.195958,33.9501,,59.4569
2007-08-20,46.3861,48.7336,26.842651,56.772753,31.343596,18.920127,13.785447,27.642743,24.870028,,7.245167,56.63402,21.282398,7.659,14.715,35.879906,7.201725,20.093555,36.357499,37.634242,41.501417,24.811244,24.811244,,21.021009,,,29.161632,29.161632,16.782268,,24.811244,,30.218983,21.985,21.985,12.781837,26.8131,32.3794,53.326518,,,50.0723,9.817841,44.2,28.97,40.700744,13.9844,23.868656,35.127157,25.0,18.93579,18.459676,33.9293,,59.0251
2007-08-21,46.1146,45.0382,26.759928,57.066275,31.352026,19.128838,13.768153,27.69671,24.780503,,7.252225,56.926829,21.382109,7.5096,14.795,35.912187,7.210212,20.326971,36.222093,38.472096,41.285637,24.764276,24.764276,,20.832071,,,29.081325,29.081325,16.431743,,24.764276,,29.794498,22.03,22.03,12.823769,27.1155,32.6249,53.202157,,,49.3684,9.901987,45.37,29.54,40.598257,14.1468,23.839017,35.00459,24.96,18.414071,18.805227,34.4005,,60.2026
2007-08-22,46.3279,46.2857,26.859177,56.827342,31.746301,19.203364,13.745155,28.759886,24.816313,,7.329682,56.688587,21.750079,7.4663,14.68,36.445014,7.292914,20.56029,37.293957,38.027534,41.609262,25.092955,25.092955,,20.801196,,,29.380627,29.380627,16.722693,,25.092955,,30.423123,22.005,22.005,13.018375,27.1439,33.031,53.47423,,,49.4617,9.98459,46.35,30.09,41.052247,14.3092,24.006967,35.956488,26.37,18.522456,19.068945,33.7146,,60.3204
2007-08-23,46.5315,46.3232,27.181758,56.008227,31.190944,18.823207,13.704956,28.644319,24.726788,,7.188823,55.871449,21.773054,7.2932,14.48,36.509673,7.375568,20.462056,37.341993,38.301132,41.740281,25.124267,25.124267,,20.812808,,,29.387936,29.387936,16.517741,,25.124267,,29.835382,22.07,22.07,13.092799,26.9359,33.1065,52.782463,,,48.9104,9.885149,45.88,32.58,40.334746,14.2408,24.006967,35.086235,26.8,18.204037,19.64178,33.9293,,59.0938
2007-08-24,46.9192,46.5952,27.363821,56.74541,31.407185,19.08414,13.929044,29.522606,24.80736,,7.290984,56.606834,21.968617,7.6611,14.97,36.679147,7.579116,20.584824,37.438156,38.557578,42.071571,25.429556,25.429556,,20.820549,,,30.278712,30.278712,16.855005,,25.429556,,30.145503,22.11,22.11,13.199628,27.4558,33.6542,53.0234,,,48.9613,10.010596,46.23,33.6,41.052247,14.3263,24.066244,35.094459,27.6,18.468308,19.87822,34.1095,,58.6816
2007-08-27,47.1131,46.7265,27.074292,56.076437,30.966272,19.121403,13.917545,29.06034,24.655168,,7.150064,55.939462,21.980105,7.4534,14.775,36.768017,7.659648,20.41289,37.333941,38.873917,42.43379,25.366932,25.366932,,20.82433,,,30.110789,30.110789,16.69627,,25.366932,,29.533362,22.4,22.4,13.369398,27.7771,33.2482,52.930085,,,49.4702,9.957041,47.2,33.04,40.232167,14.2066,23.908173,35.339592,28.05,18.22442,19.25989,33.5344,,57.6218
2007-08-28,46.2213,46.3888,26.544904,54.861387,30.546525,18.666628,13.641759,28.513398,23.903158,,7.044435,54.727397,21.527771,7.4036,14.475,35.742615,7.45827,19.909304,36.452552,37.907841,41.532256,24.873867,24.873867,,20.535207,,,29.395245,29.395245,16.41195,,24.873867,,28.831351,21.53,21.53,13.176748,27.4368,32.4833,52.471562,,,49.5126,9.811715,46.11,32.3,39.251062,13.8561,23.157338,35.449873,26.83,17.973708,18.968894,32.9593,,56.1891
2007-08-29,46.8514,45.8917,27.22312,56.035472,31.458039,18.987219,13.704956,28.536475,23.813633,,7.269809,55.898634,21.673433,7.4512,14.515,36.194741,7.579116,20.425205,37.069515,38.403673,42.221977,24.983458,24.983458,,20.631611,,,30.213022,30.213022,16.50448,,24.983458,,29.223147,22.33,22.33,13.315983,27.5503,32.861,53.000049,,,52.464,10.047313,49.65,32.85,39.346301,14.2152,23.62167,36.187947,27.13,18.481867,19.369772,33.77,,57.2097
2007-08-30,46.9192,46.0043,27.785651,56.294887,30.803486,19.009523,13.630352,29.044986,23.545059,,7.319156,56.157437,21.42806,7.4663,14.84,36.16246,7.538849,20.375746,36.973351,38.266921,42.268506,24.928663,24.928663,,20.589215,,,29.504787,29.504787,16.372266,,24.928663,,28.855844,22.15,22.15,13.211025,27.6542,32.6722,52.743544,,,52.2859,10.076404,48.52,32.62,39.690371,14.1808,23.740223,36.118291,26.85,18.461484,19.187502,34.1441,,57.1901
2007-08-31,47.8886,46.22,27.876683,56.718165,30.462935,19.166101,13.68205,29.083508,24.046398,,7.269809,56.57955,21.420431,7.3733,14.63,36.404663,7.553655,20.536342,37.261841,38.64306,42.57067,25.092955,25.092955,,20.735667,,,29.694636,29.694636,16.471427,,25.092955,,29.255836,22.455,22.455,13.24156,27.9756,32.6627,52.875688,,,52.4046,10.116163,48.76,32.73,40.276116,14.2926,23.888414,36.684158,26.92,18.359923,19.633972,34.0402,,57.1606
2007-09-04,47.5203,46.6327,27.959405,56.608891,30.531099,19.263022,13.917545,29.414762,24.37764,,7.259283,56.470612,21.738591,7.2651,14.805,36.703357,7.557898,20.536342,37.245829,38.21565,42.903944,25.163406,25.163406,,20.963221,,,29.621638,29.621638,16.372266,,25.163406,,29.214952,22.985,22.985,13.291147,28.3347,33.2576,53.326518,,,52.2859,10.203393,48.92,32.83,40.100411,14.2926,24.086003,37.090104,27.05,18.630841,20.053068,34.4559,,58.6816
2007-09-05,47.084,46.145,27.330677,55.946778,30.024533,18.949956,13.699252,29.276119,24.055351,,7.576417,55.810158,21.562235,7.0617,14.72,36.396593,7.555776,20.23988,36.700966,38.095957,42.330454,25.515663,25.515663,,20.701012,,,28.833005,28.833005,16.11437,,25.515663,,28.806858,22.96,22.96,13.092799,28.3536,33.2671,53.095989,,,51.0222,10.056482,49.08,32.16,39.866076,14.0862,23.779741,36.684158,26.31,18.325981,17.465625,33.9848,,58.4657
2007-09-06,48.1795,46.0137,27.421709,56.008227,29.73932,19.06918,13.785447,28.259097,24.091161,,7.604775,55.871449,22.11042,7.1093,14.87,36.776087,7.589724,19.94332,36.749001,38.28398,42.686991,26.352214,26.352214,,21.075017,,,28.884528,28.884528,16.048263,,26.352214,,28.847649,23.705,23.705,13.024074,28.4009,32.9732,53.580489,,,50.7762,9.940246,48.14,32.22,40.166289,13.8798,23.710585,36.364316,26.13,18.33954,16.964503,33.964,,58.8092
2007-09-07,48.3152,46.417,27.057766,55.045732,29.309349,19.024483,13.802649,27.38081,23.992683,,7.523293,54.911267,22.229247,6.6851,14.65,36.218951,7.418003,19.733265,36.212097,38.429355,42.314944,25.957611,25.957611,,21.048013,,,27.899369,27.899369,14.990254,,25.957611,,28.561927,23.35,23.35,12.856175,28.382,32.9732,53.127215,,,49.2921,9.884464,46.42,32.14,40.202898,13.7336,23.651309,36.593992,25.46,17.784057,16.891634,33.5483,,57.8083
2007-09-10,48.0728,45.6573,26.917065,54.622553,29.134813,19.233193,13.687754,27.195922,23.518201,,7.519702,54.489057,22.2139,6.3345,14.775,36.396593,7.43493,19.745581,36.180074,38.58326,42.508722,26.257525,26.257525,,21.040272,,,27.340649,27.340649,14.633197,,26.257525,,28.398671,23.465,23.465,12.839079,28.7884,33.6842,53.502379,,,49.0037,9.854987,46.04,32.17,40.429893,13.7422,23.414203,36.94247,26.06,17.723085,16.663869,32.9801,,58.4854
2007-09-11,48.5866,45.6479,27.049457,55.134426,29.769097,19.277891,13.768153,27.118878,23.598774,,7.604775,54.999841,22.033775,6.7327,15.145,36.945659,7.513388,19.930906,36.492627,39.156045,43.128741,26.667878,26.667878,,21.460545,,,27.502436,27.502436,14.699304,,26.667878,,28.839453,23.57,23.57,12.923029,28.8073,34.9167,54.604246,,,49.6992,9.903058,45.49,32.82,40.268776,13.8712,23.394444,37.311556,26.3,17.94659,16.855199,32.9801,,59.6727
2007-09-12,48.8968,45.3345,26.99157,55.154909,29.4072,19.367377,13.958204,27.065001,23.186959,,7.487815,55.020206,22.650887,6.7305,14.98,37.115132,7.523997,19.930906,36.59675,38.309662,43.113232,26.75474,26.75474,,21.662265,,,27.178952,27.178952,14.686142,,26.75474,,28.896635,24.21,24.21,13.021352,28.9781,35.1348,54.377609,,,49.2242,9.878251,45.26,32.87,39.749001,13.8712,23.680947,38.361348,26.3,17.784057,16.855199,32.6683,,60.2419
2007-09-13,49.1198,45.5434,27.157015,55.475773,29.415721,19.658139,13.929412,27.311488,22.667714,,7.551589,55.340299,22.336587,6.7695,15.195,37.405854,7.579116,20.128645,36.476523,37.993323,42.989246,26.857352,26.857352,,21.673876,,,26.899592,26.899592,14.573721,,26.857352,,29.043593,24.955,24.955,12.949991,28.3517,35.0779,54.61212,,,48.1302,9.879794,45.37,32.64,39.37557,14.0088,23.62167,38.316166,26.24,17.580758,16.946286,32.4605,,60.5559
2007-09-14,48.6448,45.6479,26.768237,55.694223,30.088392,19.650705,13.935207,27.488654,22.837812,,7.689848,55.558177,22.106561,6.7738,14.95,37.236283,7.507023,19.967952,36.332324,37.617183,43.516208,26.912619,26.912619,,21.879557,,,27.017165,27.017165,14.540667,,26.912619,,28.896635,24.8,24.8,12.930683,28.5035,35.2675,54.362041,,,48.3422,9.842605,45.22,33.1,39.258402,13.897,23.414203,38.414655,26.19,17.662113,16.764016,32.8208,,61.341
2007-09-17,48.4606,46.0562,26.660679,54.943319,30.658817,19.576088,13.796946,27.041833,22.927336,,7.615424,54.80915,22.156461,6.7414,14.885,37.03443,7.545167,20.005095,36.292249,37.18968,43.516208,26.746818,26.746818,,21.445062,,,26.392305,26.392305,14.653089,,26.746818,,28.676197,24.475,24.475,12.9249,28.5035,34.8788,54.549578,,,47.6128,9.811586,45.14,32.9,39.42686,13.9228,23.058544,39.058402,26.07,17.452079,16.436007,32.2041,,59.8592
2007-09-18,48.858,47.0818,26.842651,55.844365,31.459116,19.717797,14.159755,27.481022,23.545059,,7.920175,55.707943,22.489878,6.9513,15.125,37.462345,7.468878,19.955636,36.8211,37.172621,43.717742,27.141421,27.141421,,21.887298,,,27.465621,27.465621,15.5391,,27.141421,,29.296627,25.58,25.58,13.129372,29.9558,35.4761,55.393582,,,47.8842,9.847232,46.72,30.8,40.063802,13.8884,23.414203,39.029668,27.39,18.190478,16.508973,34.2273,,61.3017
2007-09-19,49.3718,46.9299,27.338986,55.898953,31.671949,20.150178,14.107872,27.242167,23.213816,,8.026485,55.762412,22.558895,7.3603,15.685,37.75543,7.551533,20.338701,37.149666,39.378373,43.516208,27.133593,27.133593,,21.96489,,,28.641893,28.641893,15.691206,,27.133593,,29.745605,25.465,25.465,13.258656,30.4588,36.007,55.573335,,,47.7909,9.881336,47.88,30.39,39.902685,14.155,23.7995,40.526426,28.09,18.461484,16.836885,34.8508,,61.498
2007-09-20,49.1876,46.9204,27.024622,55.264183,31.991243,19.695403,13.981202,27.011034,23.160101,,7.859931,55.129145,22.597217,7.3278,15.82,37.153022,7.477365,20.178007,36.789077,40.096439,43.655704,27.307222,27.307222,,21.844632,,,27.767088,27.767088,15.638261,,27.307222,,29.802693,25.48,25.48,13.237392,30.307,35.0684,55.510883,,,47.511,9.771313,47.77,29.51,39.719732,14.0432,23.572273,39.972846,27.31,18.183743,17.082964,34.7261,,61.233
2007-09-21,49.0228,46.9394,27.396874,55.059355,31.693205,19.613351,13.964,27.272966,23.357056,,7.835103,54.924909,22.420951,7.2651,15.66,37.120446,7.471,20.313971,37.221765,39.549336,43.392223,27.504524,27.504524,,21.937706,,,27.980308,27.980308,15.353941,,27.504524,,29.965949,25.95,25.95,13.221997,29.9273,34.7935,55.831288,,,46.9089,9.822469,46.51,29.93,39.851488,14.1378,23.759982,40.350157,27.11,18.292127,17.137616,34.255,,61.7531
2007-09-24,48.4509,46.531,27.049457,55.257322,31.271754,19.151232,13.848828,27.4425,23.061624,,7.725263,55.122324,22.187066,7.4425,15.885,37.144854,7.483684,20.449935,36.997415,40.831752,43.190689,27.39399,27.39399,,21.995944,,,27.693548,27.693548,15.287834,,27.39399,,29.851679,26.995,26.995,13.20269,30.25,35.1822,55.682761,,,46.1117,9.796077,46.53,29.65,39.317033,14.2324,23.315409,39.653004,26.54,17.811087,17.073807,34.255,,61.8807
2007-09-25,48.8871,46.2176,27.13218,54.916074,31.744328,19.002088,13.871826,28.004887,22.434949,,7.700435,54.781866,22.118049,7.2456,15.715,37.454177,7.468878,20.412792,36.981403,39.985369,42.57067,27.165093,27.165093,,22.120073,,,27.722964,27.722964,15.15562,,27.165093,,29.876172,27.45,27.45,13.16416,30.5443,35.04,55.659319,,,46.2982,9.792992,46.33,30.0,39.097378,14.2066,23.186976,40.362443,26.59,17.899177,16.490755,34.74,,62.3615
2007-09-26,49.0422,47.3857,27.595371,54.861387,31.867741,18.957391,13.981202,28.251375,21.75456,,7.859931,54.727397,22.386398,7.3538,15.7,37.50309,7.502779,20.462251,36.861176,40.506884,42.989246,27.015137,27.015137,,22.248072,,,27.987616,27.987616,15.168782,,27.015137,,31.051655,28.565,28.565,13.233565,31.1232,35.7984,56.448656,,,47.2227,9.858115,45.45,30.54,39.280423,14.241,23.483359,40.916024,27.32,18.163448,16.454321,35.5506,,62.8031
2007-09-27,48.7223,46.9204,27.835322,55.223217,31.803882,19.248153,13.986997,28.636596,21.763512,,7.870518,55.088317,22.336587,7.172,16.0,37.657702,7.551533,20.610531,37.101631,41.036927,43.260482,27.157265,27.157265,,22.240331,,,28.17142,28.17142,15.552361,,27.157265,,30.406732,28.335,28.335,13.403335,30.9049,35.8742,56.753493,,,47.969,9.844148,49.17,31.68,39.463469,14.3441,23.858776,40.825758,28.0,18.359923,16.317642,34.9756,,63.3036
2007-09-28,48.4606,47.1008,27.363821,55.625914,31.889087,19.479167,13.946706,28.505676,22.900479,,7.725263,55.490065,22.236876,7.1828,16.065,37.608887,7.585481,20.622847,37.189742,39.215845,43.399977,27.236205,27.236205,,22.294609,,,28.061156,28.061156,15.221727,,27.236205,,29.361911,28.34,28.34,13.412946,30.791,35.239,57.253651,,,47.3414,9.856529,48.66,31.5,39.111966,14.3527,23.918053,40.870941,27.05,17.973708,16.26299,33.9155,,63.0288
2007-10-01,48.2667,47.737,27.438235,55.782916,31.901823,19.374812,14.159755,28.428631,23.536106,,7.835103,55.646653,22.32124,7.4728,15.995,37.926379,7.608773,20.635261,37.991072,40.164862,43.353449,27.386162,27.386162,,22.461404,,,28.810989,28.810989,15.287834,,27.386162,,29.329222,28.675,28.675,13.459301,30.8954,35.258,57.839793,,,48.0199,9.822469,49.87,31.94,39.346301,14.3613,24.738044,41.580281,28.16,18.359923,16.26299,36.4098,,65.0404
2007-10-02,49.1489,48.0979,27.496122,56.001366,31.820923,19.106444,14.177049,28.23602,23.643536,,7.792566,55.864628,22.256082,7.4317,16.43,37.633295,7.60453,20.672306,36.684861,39.710646,43.051194,27.362395,27.362395,,22.469145,,,28.958068,28.958068,15.856473,,27.362395,,29.182357,28.64,28.64,13.494004,30.7341,35.9975,57.644382,,,47.8333,9.743379,51.0,31.76,39.983243,14.3871,24.728164,41.346542,28.28,18.400512,16.244677,36.7285,,64.0297
2007-10-03,50.1183,47.3857,27.049457,56.233439,31.522974,18.912693,13.802741,28.120454,23.348104,,7.711085,56.096147,22.156461,7.9533,16.555,37.429769,7.502779,20.709352,35.659181,39.624977,42.369227,27.062576,27.062576,,22.333405,,,28.568353,28.568353,15.234889,,27.062576,,28.75545,29.5,29.5,13.48048,30.25,36.0544,57.417745,,,47.07,9.679841,50.77,31.53,39.661102,14.4129,24.323108,41.190783,27.34,18.203505,16.07166,37.0334,,64.0297
2007-10-04,49.3621,46.7589,27.157015,56.6772,31.927384,18.957391,13.843033,28.128177,23.527154,,7.512644,56.538723,22.041403,8.1675,16.25,37.51116,7.581237,20.536342,35.723321,40.190544,42.617199,27.086248,27.086248,,22.449792,,,28.840404,28.840404,15.5391,,27.086248,,28.788325,31.46,31.46,13.443821,30.7531,37.2679,57.730366,,,47.8164,9.645738,50.99,31.62,39.580544,14.2926,24.698526,40.989841,27.85,18.237448,16.089877,37.1591,,64.6087
2007-10-05,50.0213,46.4835,27.388565,57.557763,31.791146,19.203364,13.952409,28.213489,24.207543,,7.703964,57.417151,22.19963,8.3428,16.575,37.543736,7.706327,20.524026,36.388412,40.910392,42.725675,27.070404,27.070404,,22.527383,,,29.685884,29.685884,15.373833,,27.070404,,29.133091,31.3,31.3,13.41873,30.8765,37.0688,57.628724,,,48.198,9.526375,51.75,31.53,39.78561,14.284,24.698526,40.743816,28.87,18.645109,16.117155,36.9425,,64.6185
2007-10-08,50.4382,46.1132,27.190067,57.393901,31.850789,18.584667,14.182752,27.67863,24.046398,,7.622483,57.253743,22.137883,8.4013,16.61,37.283227,7.727497,20.375746,35.715269,41.107506,42.624954,26.888947,26.888947,,22.422608,,,30.009277,30.009277,14.937408,,26.888947,,29.100216,32.065,32.065,13.36472,31.427,37.941,57.761592,,,47.528,9.619389,51.05,30.27,39.814879,14.1808,24.96527,41.686895,28.41,18.400512,16.381355,36.8308,,64.275
2007-10-09,49.9922,46.0657,27.736073,57.414384,31.961466,18.674063,14.044583,27.942198,24.109066,,7.718143,57.274108,22.523893,8.3363,16.825,37.413531,7.75508,20.462251,36.901252,42.092985,42.896189,26.920447,26.920447,,22.453662,,,30.075508,30.075508,15.049829,,26.920447,,29.272599,32.36,32.36,13.490176,31.2371,38.0642,57.214551,,,48.2319,9.641111,50.78,30.76,39.939294,14.241,25.311049,46.049947,28.44,18.58396,16.754955,36.3557,,64.7657
2007-10-10,50.6611,46.7399,28.066872,57.120863,31.893302,18.510141,14.050286,27.810369,24.082208,,7.707555,56.981299,22.516174,8.3775,16.52,37.34021,7.714767,20.005095,36.388412,40.276307,42.702501,26.865274,26.865274,,22.449792,,,29.472664,29.472664,14.891094,,26.865274,,29.092021,32.065,32.065,13.503615,31.3416,38.4814,57.519297,,,48.3083,9.637983,52.14,30.05,39.32428,13.9228,25.676588,46.517424,28.36,18.468485,16.882477,35.8038,,64.7853
2007-10-11,50.7775,47.1673,28.869262,57.352935,31.85922,18.472787,13.906414,28.097195,23.580869,,7.487815,57.212915,22.338561,8.2628,15.83,37.242581,7.629991,19.79504,36.059846,40.644761,42.12892,26.462749,26.462749,,22.185963,,,29.332984,29.332984,14.672881,,26.462749,,28.796521,31.125,31.125,13.494004,30.5822,37.7703,56.089151,,,47.528,9.610092,52.06,29.7,38.914333,13.7766,25.46912,44.983806,27.79,18.27139,16.773173,35.4755,,64.4305
2007-10-12,51.2525,47.7085,29.349071,57.475832,31.544231,18.487746,13.986997,28.174694,23.571916,,7.594125,57.335398,22.566344,8.3104,16.01,37.33214,7.644843,20.042141,36.268185,41.158964,42.617199,26.715317,26.715317,,22.422608,,,29.141781,29.141781,14.692674,,26.715317,,29.157677,32.44,32.44,13.515183,30.3639,37.6755,56.096935,,,48.0369,9.575988,53.15,29.36,39.075357,13.9486,25.459241,45.147889,27.99,18.346187,16.545408,36.726,,65.2288
2007-10-15,50.6224,47.5851,28.877571,57.195933,31.173903,18.547404,13.86603,28.112731,23.580869,,7.445279,57.05623,22.566344,8.1719,15.545,37.275157,7.714767,19.881545,36.276237,40.833252,42.167694,26.517921,26.517921,,22.360589,,,28.561044,28.561044,14.441408,,26.517921,,29.009974,31.74,31.74,13.574976,30.6297,38.0168,55.760962,,,46.9852,9.476804,52.99,29.3,38.782484,13.8368,25.064064,45.221607,27.57,18.026793,16.41779,35.5802,,65.9681
2007-10-16,50.5933,46.8159,28.827901,56.588409,31.480372,18.435523,13.946706,27.957643,23.536106,,7.523293,56.450247,22.496878,8.1567,16.0,37.218174,7.738106,19.955636,35.64317,40.379129,42.268506,26.525844,26.525844,,22.407126,,,28.340516,28.340516,14.46793,,26.525844,,29.165873,32.31,32.31,13.646423,30.8385,38.6236,56.167351,,,47.4601,9.470592,53.5,29.87,38.906992,13.8884,25.172738,45.016603,27.42,17.877288,16.217399,35.1052,,65.5738
2007-10-17,50.9229,49.114,29.241514,56.069675,31.071747,18.271511,13.964,28.205675,23.545059,,7.512644,55.932739,22.29997,8.3948,16.75,37.731022,7.853058,19.980365,35.490919,39.779256,42.221977,26.620533,26.620533,,22.923082,,,28.318409,28.318409,14.36867,,26.620533,,29.510639,32.77,32.77,13.692693,30.6961,38.5667,56.354888,,,47.1972,9.484559,54.21,31.05,38.467683,13.9056,24.945511,44.89364,27.11,17.802579,16.399572,34.7908,,65.6822
2007-10-18,50.981,49.5888,29.365598,56.445127,30.999367,18.152286,13.986997,28.097195,23.527154,,7.551589,56.307204,22.284533,8.6393,16.995,37.50309,7.914778,19.930906,34.497262,39.40218,41.865439,26.368059,26.368059,,23.027858,,,28.24496,28.24496,14.203403,,26.368059,,29.37113,34.055,34.055,13.675342,31.1138,39.0976,56.175135,,,47.282,9.5822,54.15,30.13,38.416486,13.8712,24.777561,44.959233,27.12,18.074383,16.281208,34.5603,,67.4564
2007-10-19,49.7402,49.133,28.869262,54.957039,30.680073,17.965879,13.802741,27.608854,23.482391,,7.416984,54.822791,21.902472,8.5701,16.75,37.446107,7.838159,19.634346,33.431506,38.596663,41.462463,25.728715,25.728715,,22.795083,,,27.377464,27.377464,13.899192,,25.728715,,29.198747,30.795,30.795,13.600068,30.4209,38.4529,55.018509,,,46.6375,9.50778,51.44,29.15,38.072324,13.6648,24.441661,44.081649,26.35,17.38127,15.370051,33.4844,,66.9833
2007-10-22,49.7305,49.2469,28.918932,55.468912,30.833352,17.757169,13.831534,27.756129,23.437629,,7.65437,55.333478,21.728808,8.306,16.96,37.747261,7.844571,19.757897,33.784136,39.136549,41.718189,25.791904,25.791904,,22.985102,,,28.009633,28.009633,13.700871,,25.791904,,29.395717,29.99,29.99,13.787189,30.288,38.9175,55.620219,,,46.5442,9.540342,53.29,29.31,37.537869,13.7508,24.609611,44.16369,27.18,17.829786,15.032981,33.9176,,66.6284
2007-10-23,49.9729,48.8576,28.960294,56.062815,30.854609,17.652814,14.119463,27.62439,23.357056,,7.629603,55.925918,21.663202,8.3861,17.01,37.527497,7.812604,19.893861,33.888259,39.410803,42.035953,25.997034,25.997034,,23.17908,,,28.03174,28.03174,14.216664,,25.997034,,29.280795,31.055,31.055,13.906862,30.8005,39.7897,55.901614,,,46.646,9.65195,52.97,28.53,37.823401,13.8454,24.8072,44.327674,27.11,17.673457,14.796059,34.5882,,65.8892
2007-10-24,50.2831,49.133,28.389544,56.561163,31.118565,17.876484,14.395801,27.639926,23.455534,,7.665019,56.422963,21.640047,8.1913,16.88,37.739093,7.797704,19.893861,33.679921,39.522155,42.113501,25.941861,25.941861,,23.345965,,,27.811212,27.811212,13.98519,,25.941861,,28.919638,32.04,32.04,13.958916,32.4616,39.8086,56.112593,,,47.3923,9.600794,52.25,28.65,37.947816,13.8454,24.678767,44.934562,26.41,17.286178,14.586512,34.19,,60.3993
2007-10-25,50.6708,51.1556,28.712126,56.53382,31.2931,17.786998,14.551264,28.042955,23.589821,,7.601246,56.395777,21.987374,8.1481,16.455,38.032177,7.801995,20.029825,33.655857,39.522155,42.066972,25.854999,25.854999,,23.78037,,,27.436205,27.436205,13.965398,,25.854999,,28.689794,32.045,32.045,13.939608,33.069,39.7612,56.253245,,,46.6714,9.470592,53.1,28.74,38.277298,13.94,24.145279,46.066395,26.49,16.858134,14.413399,32.6181,,59.6896
2007-10-26,50.2152,50.5004,29.001655,57.148206,31.224936,17.757169,14.568558,28.267729,23.777823,,7.771329,57.008582,22.276814,8.3428,17.18,38.268278,7.831794,19.992681,33.415495,40.036358,42.190958,26.281197,26.281197,,23.885146,,,28.046448,28.046448,14.236456,,26.281197,,28.632333,33.93,33.93,14.076547,33.0121,39.2493,56.53464,,,47.6722,9.586827,53.9,28.5,38.98021,13.9142,24.886235,46.861938,27.59,17.367711,14.395181,34.7349,,60.35
2007-10-29,50.157,50.2725,29.49799,56.704445,31.267539,17.637854,14.735612,28.360763,23.947921,,7.764209,56.566006,22.083854,8.5073,17.445,38.170551,7.74235,20.017411,33.415495,41.381761,41.160208,26.028628,26.028628,,23.989921,,,28.303701,28.303701,13.588449,,26.028628,,28.435364,32.905,32.905,14.076547,32.6229,39.9035,57.597498,,,47.316,9.941789,53.17,27.9,38.636048,13.9314,24.876355,46.583017,27.33,17.456067,14.376964,34.0014,,60.1923
2007-10-30,49.8565,50.3485,29.266349,56.581646,31.254803,17.593156,14.637643,28.197953,24.144876,,7.835103,56.443426,22.049122,8.1264,16.75,37.975194,7.772149,20.017411,34.056522,36.034363,40.276708,25.728715,25.728715,,23.947255,,,29.715209,29.715209,13.833085,,25.728715,,28.509216,33.155,33.155,14.036061,33.0501,40.5576,57.706924,,,47.6128,9.886006,52.11,28.48,38.906992,13.9314,24.451541,46.419034,27.28,17.279354,14.386121,33.7778,,60.6161
2007-10-31,49.7111,50.6333,29.597239,57.182311,31.493198,17.83369,14.862283,28.663035,24.861075,,7.774858,57.042589,22.280674,8.0723,17.53,38.080992,7.765783,20.437521,34.54539,36.454274,40.912237,26.368059,26.368059,,23.958867,,,29.531496,29.531496,14.004983,,26.368059,,28.75545,34.0,34.0,14.068892,33.9043,40.842,57.613156,,,47.7485,9.986732,52.25,28.67,39.119306,14.2238,24.817079,46.935755,27.9,17.510392,14.395181,34.0503,,60.7837
2007-11-01,48.8677,49.3134,28.951985,56.171991,30.509753,17.502945,14.55706,28.228934,24.162781,,7.367327,56.034857,21.836866,7.4274,16.715,37.128615,7.621032,19.893861,33.679921,34.363342,40.633246,25.886594,25.886594,,23.621316,,,27.936184,27.936184,13.317292,,25.886594,,28.295763,32.64,32.64,13.86629,33.1924,40.4344,56.573741,,,45.4077,9.760431,49.48,28.11,37.691645,13.8454,24.431782,44.95101,25.81,16.328085,14.076329,32.0662,,59.3249
2007-11-02,49.1101,48.981,28.819684,56.663479,31.050401,17.450359,14.844989,28.562278,23.813633,,7.310674,56.525081,21.964219,7.4296,16.13,37.136685,7.529514,20.116232,33.439559,33.300723,40.749477,25.902344,25.902344,,23.473964,,,28.406656,28.406656,12.636232,,25.902344,,28.246497,32.71,32.71,13.910689,33.2399,39.894,57.034798,,,46.8071,9.740294,52.0,28.15,37.14985,14.0002,24.105761,45.689084,26.08,16.53874,13.775695,31.9475,,59.7586
2007-11-05,49.5172,48.8956,28.55499,56.533134,30.645991,17.49551,14.902574,28.631963,23.867348,,7.434692,56.395095,22.095432,7.3733,16.21,36.982073,7.544413,20.06687,33.231128,32.375232,40.36201,26.162835,26.162835,,23.407985,,,28.553645,28.553645,12.477595,,26.162835,,28.320442,30.535,30.535,13.958916,32.585,40.0741,56.862829,,,47.8503,9.735667,51.7,27.72,36.974052,13.9658,24.066244,46.402586,26.13,16.531916,13.73926,31.3327,,60.0346
2007-11-06,49.5657,50.5479,30.515405,56.6772,30.539619,17.48046,14.96016,28.600982,23.876301,,7.562239,56.53882,22.137883,6.9967,16.395,36.827362,7.497546,20.153375,33.255192,30.961313,40.485996,26.352214,26.352214,,23.667943,,,28.958068,28.958068,12.748653,,26.352214,,28.336833,29.01,29.01,14.070763,31.9395,40.4438,57.433403,,,48.0708,9.865869,38.55,28.13,37.091219,14.026,23.908173,45.303648,25.98,16.307702,13.675451,31.7379,,60.3993
2007-11-07,48.8437,50.3485,30.167988,55.764786,30.101127,17.292511,14.499474,27.577873,22.945241,,7.381506,55.628529,21.952642,6.5531,15.615,36.42041,7.465625,19.572571,32.646188,32.118224,40.168232,26.30487,26.30487,,23.260543,,,28.3111,28.3111,12.681952,,26.30487,,28.230106,28.335,28.335,13.885598,31.8351,38.7942,56.53464,,,47.3499,9.77594,36.35,27.98,37.369411,13.6218,23.522876,44.196487,25.27,16.001956,13.301947,31.4445,,59.9754
2007-11-08,49.2535,50.9942,30.82146,55.277609,29.4072,17.48046,14.597351,27.903403,23.903158,,7.764209,55.142592,22.257518,6.9621,16.11,36.92509,7.542244,19.79504,32.886643,32.992257,40.757232,26.13124,26.13124,,23.84635,,,28.958068,28.958068,12.982007,,26.13124,,28.566677,21.75,21.75,14.028321,31.7402,40.0646,57.441187,,,47.9266,9.968138,38.12,28.19,38.028374,13.7766,23.374685,44.311325,25.46,16.307702,13.711886,34.4415,,60.8527
2007-11-09,48.5998,50.1395,30.548549,54.317075,28.828255,17.405299,14.476476,27.601132,23.383914,,8.051251,54.184457,21.983515,6.6288,15.81,36.990241,7.535879,19.560255,32.886643,33.412168,40.602227,25.799732,25.799732,,23.598093,,,28.178729,28.178729,13.068698,,25.799732,,28.681599,23.23,23.23,14.026449,32.0819,39.5527,57.425529,,,47.4008,9.799204,35.91,28.42,38.21876,13.6132,22.712765,43.359923,23.85,16.443648,13.438529,35.2659,,60.2514
2007-11-12,48.6681,50.0731,29.861933,54.653326,29.228449,17.14228,14.367008,27.167121,22.452854,,7.976828,54.519848,21.844584,6.6007,15.37,36.884345,7.482646,19.362516,33.086929,31.338389,40.37743,25.815577,25.815577,,23.221747,,,28.17142,28.17142,13.108778,,25.815577,,28.763646,22.1,22.1,13.980094,31.1517,38.5951,56.714393,,,47.4601,9.779068,34.42,28.1,38.723947,13.4756,22.327468,42.375824,24.26,16.708628,13.055868,36.5024,,59.8572
2007-11-13,49.0779,51.2126,30.912491,55.572698,30.139425,17.608207,14.672231,27.531356,23.052671,,8.015835,55.43696,22.234363,6.8755,15.9,37.315803,7.604011,19.77031,33.711944,31.406906,40.834689,26.30487,26.30487,,23.679555,,,28.421364,28.421364,13.448813,,26.30487,,29.37113,22.34,22.34,14.053412,31.9585,39.145,57.316103,,,47.8588,9.785237,36.43,28.78,38.966923,13.7594,22.7918,43.819275,25.43,16.966784,13.73926,37.3896,,61.1779
2007-11-14,49.6047,51.2411,31.226855,54.920876,29.279572,17.615732,14.68373,27.391894,22.443902,,8.054843,54.786738,22.39259,7.3516,15.625,37.299564,7.58699,19.659076,32.221459,31.818288,40.609982,26.028628,26.028628,,23.803683,,,28.561044,28.561044,13.262071,,26.028628,,30.692733,22.175,22.175,13.931868,32.2907,39.3157,57.878803,,,47.0446,9.648865,36.67,28.66,38.790196,13.682,22.337347,43.187716,23.79,16.545564,14.085486,36.8727,,60.9315
2007-11-15,48.5998,51.0132,30.631271,54.879714,28.947452,17.811115,14.551264,27.128326,21.96942,,8.086729,54.745618,21.991234,6.6634,15.48,37.014649,7.597599,19.547841,31.724631,31.518351,40.50917,25.547258,25.547258,,24.032588,,,28.531629,28.531629,13.302052,,25.547258,,30.897991,21.475,21.475,13.941564,32.2053,38.7942,57.50373,,,51.9382,9.794534,34.36,28.52,38.429402,13.6046,22.307709,42.933467,24.26,16.688245,13.520555,36.5513,,60.2711
2007-11-16,48.5315,51.3361,31.34263,54.831692,29.879774,17.8637,14.63194,27.329841,21.942562,,8.157561,54.697775,22.164898,6.8106,15.615,37.153022,7.610376,19.535525,31.98915,31.741148,40.896727,25.657698,25.657698,,24.292456,,,28.627185,28.627185,13.635457,,25.657698,,31.218077,20.76,20.76,14.117118,31.8446,39.1071,57.949129,,,53.1594,9.940246,33.49,28.98,38.650357,13.596,22.989388,42.949915,23.43,16.545564,13.721043,36.4395,,61.2469
2007-11-19,47.5558,51.4595,30.101792,53.699652,29.147549,17.540571,14.246133,27.081809,22.121612,,8.0832,53.568437,21.593736,6.8258,15.24,36.632005,7.610376,19.535525,31.389679,32.538041,40.641001,25.491991,25.491991,,24.168328,,,28.039049,28.039049,13.262071,,25.491991,,30.577811,21.085,21.085,14.244446,31.446,38.8132,58.676014,,,51.2682,9.997614,31.84,28.09,36.96411,13.596,22.653488,41.826306,22.34,16.144637,13.520555,35.6501,,60.5175
2007-11-20,48.3851,52.3047,30.213824,53.871158,29.777618,17.953912,14.441888,26.764001,22.220089,,8.015835,53.739543,21.7674,6.7933,15.475,37.153022,7.842403,19.91859,31.470386,32.418067,41.206737,26.083896,26.083896,,24.358436,,,28.281684,28.281684,13.288791,,26.083896,,31.012913,20.685,20.685,14.238662,31.1897,39.4579,58.527487,,,51.7346,10.078204,32.37,28.83,37.413268,13.8626,23.068423,42.490662,21.87,16.314526,13.666294,35.6431,,60.6752
2007-11-21,48.0436,51.9438,29.151669,53.047829,29.300828,17.938861,14.228839,27.050828,21.978372,,7.913055,52.918312,21.740386,6.7781,15.19,36.591359,7.910535,19.64676,30.921358,31.783982,40.981939,25.894516,25.894516,,24.148975,,,27.384773,27.384773,13.342132,,25.894516,,30.766585,20.24,20.24,13.968527,30.3924,38.8037,58.644697,,,51.8618,10.017751,31.82,27.96,37.155517,13.6734,22.376865,41.83453,21.38,16.219346,13.374816,35.2938,,60.8527
2007-11-23,48.9705,52.3711,29.533417,53.349779,29.590256,17.901326,14.286425,27.174844,22.121612,,8.143382,53.219404,22.037544,6.6937,15.7,37.226244,8.044677,19.91859,31.397731,32.263881,41.043977,26.391731,26.391731,,24.168328,,,27.524453,27.524453,13.475434,,26.391731,,31.09496,20.5,20.5,14.076547,30.5348,39.5527,59.011986,,,53.4054,10.09834,31.43,27.84,37.265995,13.8626,23.226494,42.474214,22.45,16.470767,13.511495,35.7898,,61.5722
2007-11-26,48.3363,51.9248,29.400659,52.107974,28.51757,18.096709,14.332512,27.236806,22.094755,,7.866989,51.98064,22.126306,6.4687,15.895,36.811123,8.106397,19.807356,31.018261,32.563817,40.648756,26.060223,26.060223,,23.947255,,,26.546693,26.546693,13.24208,,26.060223,,30.60249,20.335,20.335,13.781405,30.9144,39.3725,58.371176,,,51.5395,9.96968,31.62,27.92,36.868406,13.7852,22.702885,41.285011,21.56,16.042722,12.982999,34.9794,,60.7738
2007-11-27,49.4096,52.8269,29.624631,52.389244,30.262927,18.036598,14.816196,27.740684,22.336472,,7.902467,52.261269,22.400309,6.6353,16.135,37.51116,8.229836,20.252196,31.56729,32.649486,41.136944,26.202258,26.202258,,24.432157,,,27.156845,27.156845,13.495425,,26.202258,,31.349483,20.455,20.455,14.149864,31.5788,40.4818,59.332482,,,51.9551,10.174302,31.81,27.92,36.470723,14.0948,23.137579,42.933467,21.59,16.321261,12.855477,35.9785,,62.2818
2007-11-28,50.6292,53.7291,29.848694,53.301757,30.645991,18.652847,15.018206,28.321968,22.649809,,8.192853,53.17156,23.033307,7.0184,16.765,38.41482,8.419333,20.758811,32.463395,33.455003,41.98167,26.6758,26.6758,,24.568617,,,28.303701,28.303701,13.81547,,26.6758,,31.759905,21.405,21.405,14.292672,32.025,40.4912,60.30148,,,52.6082,10.397519,32.19,28.18,37.126063,14.4473,23.690826,45.121731,22.29,16.932842,13.394576,36.9495,,62.6859
2007-11-29,50.0145,54.1754,30.006378,52.601912,29.615818,18.652847,14.983526,28.252192,22.569237,,8.182204,52.473398,23.137505,7.0075,16.445,38.699736,8.464031,20.814722,32.229326,33.317876,42.231175,27.094076,27.094076,,24.490666,,,28.200836,28.200836,13.668807,,27.094076,,31.365874,21.54,21.54,14.657219,32.0819,40.0931,59.816981,,,52.023,10.665636,32.66,29.57,36.360339,14.4863,23.335167,43.953534,23.33,16.966784,13.504169,37.1451,,63.3857
2007-11-30,51.4391,54.9826,30.164062,52.588192,30.071351,18.803079,14.989321,28.46152,22.327519,,8.278421,52.459756,23.214689,7.0595,16.54,38.504281,8.461909,20.92664,32.221182,33.703482,42.121977,27.267705,27.267705,,24.221526,,,28.318409,28.318409,13.828829,,27.267705,,31.365874,21.705,21.705,14.962056,32.1294,40.4533,60.317139,,,52.0654,10.853206,33.19,30.05,36.176271,14.5642,23.266012,44.290815,23.57,16.74257,13.62292,37.5014,,63.0802
2007-12-03,50.8439,54.5457,29.956617,52.210878,31.102241,18.55511,14.845081,28.422726,22.685619,,8.256998,52.083342,23.145224,6.8041,16.33,38.211295,8.436354,20.765067,31.833659,33.566448,41.950561,27.165093,27.165093,,24.260501,,,27.958201,27.958201,13.602106,,27.165093,,31.242757,22.24,22.24,14.963927,32.1199,39.8561,59.848207,,,52.4385,10.919871,33.18,29.82,36.036339,14.4517,23.394444,44.82557,23.53,16.627096,13.294043,37.7809,,62.8141
2007-12-04,50.8634,54.1944,30.728329,52.176576,30.503385,18.314667,15.000912,28.476966,22.569237,,8.110938,52.049141,23.118209,6.8258,16.285,38.300854,8.544941,20.503891,32.132423,34.192003,41.701147,27.149343,27.149343,,24.475003,,,27.928785,27.928785,13.695527,,27.149343,,31.226273,21.655,21.655,14.933138,32.8982,40.2827,59.902965,,,52.0145,10.918329,33.24,30.05,36.507611,14.2699,23.483359,44.916033,23.57,16.606713,13.248355,36.5234,,62.4789
2007-12-05,51.0488,55.0395,30.562336,52.848882,30.884027,18.329627,15.09327,28.51576,22.685619,,8.14654,52.719825,23.318887,7.0595,16.485,38.829941,8.519385,20.727728,32.600652,34.286202,42.379236,27.488679,27.488679,,24.592021,,,28.708033,28.708033,13.595476,,27.488679,,31.661374,22.98,22.98,15.008326,33.4392,39.1603,59.898983,,,52.1163,11.012842,33.65,29.51,37.096608,14.4257,23.335167,44.751554,24.58,17.027934,13.376262,37.1451,,63.5631
2007-12-06,51.4195,54.8021,31.433662,52.890043,30.905463,19.486964,14.873874,28.655222,23.312294,,8.349687,52.760848,23.581313,7.2802,16.895,39.34279,8.532163,20.827233,32.737909,36.197266,42.597451,27.780765,27.780765,,24.599852,,,29.944671,29.944671,14.268916,,27.780765,,31.841953,23.63,23.63,15.008326,33.2304,38.7893,60.495896,,,53.8294,10.958602,34.0,29.88,37.781403,14.4949,24.560214,45.43434,24.72,17.422036,14.043268,37.5154,,63.8391
2007-12-07,51.5074,55.4574,31.989711,52.217738,30.520426,19.47953,14.677659,28.670758,23.303341,,8.271301,52.090163,23.357479,7.2067,16.17,38.805534,8.568327,20.85206,32.536049,34.517622,42.262284,27.370317,27.370317,,24.631087,,,29.922473,29.922473,13.915521,,27.370317,,31.488991,24.56,24.56,14.969711,32.8792,39.2364,60.472363,,,52.7269,10.924113,34.57,30.03,38.363152,14.5122,23.63155,45.639939,24.82,17.129849,13.961049,37.2849,,63.7603
2007-12-10,52.083,56.5209,32.039472,52.142275,30.434952,19.396843,14.602595,28.887808,23.983731,,8.385288,52.014841,23.504129,7.9684,16.19,39.578891,8.572571,20.92664,32.511893,34.054876,42.535143,27.480851,27.480851,,24.677894,,,29.974267,29.974267,13.81547,,27.480851,,31.932288,24.03,24.03,15.085471,33.2684,39.3505,60.692212,,,52.2604,10.848793,34.79,30.1,37.810857,14.5642,23.740223,44.883137,24.68,17.354151,13.99758,36.8377,,64.3812
2007-12-11,51.3025,55.6663,30.927465,50.982793,30.028569,19.013512,14.187076,28.686294,23.885253,,8.299782,50.85822,22.956123,7.6849,15.705,38.67523,8.43211,20.727728,31.615695,33.300723,42.161021,27.046731,27.046731,,24.560876,,,29.085747,29.085747,13.555495,,27.046731,,31.119639,23.425,23.425,14.873259,32.6799,37.9142,60.063982,,,50.5218,10.611867,34.14,29.55,36.89786,14.4257,22.772041,43.353087,23.79,16.871693,13.732609,35.5872,,61.9467
2007-12-12,51.7513,55.5128,32.138995,51.771723,31.080805,18.885765,14.983526,28.546742,23.930016,,8.577785,51.645346,22.867361,7.8862,15.845,38.520618,8.410798,20.789894,31.163571,33.335029,41.849208,26.959964,26.959964,,24.872863,,,29.063459,29.063459,13.582116,,26.959964,,31.398749,23.435,23.435,14.990975,33.1467,38.6752,61.328315,,,51.0731,10.663665,34.0,29.45,36.500178,14.469,23.641429,43.517565,23.69,16.932842,13.778297,35.21,,60.3894
2007-12-13,52.1903,55.8294,31.773957,52.361803,30.588948,19.051138,15.468405,28.531206,23.831538,,8.570603,52.233888,23.133646,8.2606,16.04,38.308924,8.696057,20.715314,31.212069,32.075296,42.083023,26.959964,26.959964,,24.997711,,,29.344895,29.344895,13.755498,,26.959964,,31.218077,23.695,23.695,15.000586,33.8804,37.8476,61.7996,,,50.2504,10.593058,33.83,29.94,37.347018,14.4171,24.026726,43.172061,23.74,17.225915,13.686921,35.5593,,60.1824
2007-12-14,51.4781,55.5799,32.421219,51.325806,30.670207,18.908341,15.29528,28.205675,23.536106,,8.545713,51.200432,22.770881,8.1026,15.905,37.690278,8.444888,20.391972,31.04251,32.126753,41.794655,26.289119,26.289119,,24.888525,,,29.019065,29.019065,13.315412,,26.289119,,30.421819,23.85,23.85,14.819249,32.4989,37.353,61.618942,,,49.0291,10.502058,34.07,29.39,36.875746,14.1921,24.105761,42.818332,23.54,16.837396,13.166136,34.8188,,59.7685
2007-12-17,51.6147,54.7356,32.985486,50.598521,30.721509,18.404788,15.52038,27.841441,23.043719,,8.538531,50.474985,22.643528,7.8819,15.575,37.372786,8.478931,19.981636,30.881004,31.621173,41.404934,25.705043,25.705043,,24.365817,,,28.49337,28.49337,13.21546,,25.705043,,30.274115,22.665,22.665,14.664959,32.3941,38.4374,60.7629,,,50.0384,10.411057,33.91,28.67,36.360339,13.9065,24.105761,41.609015,23.35,16.735126,12.937696,34.4834,,58.9701
2007-12-18,51.5659,53.8817,33.342307,50.742586,31.217672,18.464899,15.202922,28.104918,23.222769,,8.681123,50.618711,22.797896,8.6869,15.8,37.649533,8.508729,20.093555,31.405784,31.664008,41.420533,26.083896,26.083896,,24.268333,,,29.470769,29.470769,14.002212,,26.083896,,30.930772,22.42,22.42,14.647607,32.6418,37.8667,60.488021,,,50.9713,10.451845,35.57,28.79,36.883086,13.9844,24.066244,42.160218,23.84,17.075967,13.504169,34.3786,,59.5911
2007-12-19,51.4293,53.0662,34.338082,50.330971,30.84555,18.630272,15.220216,28.213489,23.545059,,8.741677,50.208095,22.381013,8.5766,15.965,37.969682,8.615148,20.081141,31.36543,31.818288,41.303581,26.068145,26.068145,,24.514069,,,29.515164,29.515164,14.008842,,26.068145,,31.447921,23.15,23.15,14.792286,32.2226,37.6764,60.307364,,,50.1826,10.478537,35.07,29.34,36.97145,13.9757,23.700706,41.551447,23.44,17.28733,13.376262,34.4555,,59.7685
2007-12-20,51.644,52.7016,35.92305,50.495617,31.799487,18.096709,15.208625,27.980902,23.634583,,8.738148,50.372283,22.261378,8.6566,16.13,37.912207,8.738634,19.956809,31.559238,31.989626,41.171119,25.973361,25.973361,,24.291736,,,30.263101,30.263101,14.015572,,25.973361,,31.349483,23.65,23.65,14.973624,32.0225,37.0962,60.071766,,,50.8865,10.500515,37.65,29.32,37.207086,13.8892,23.740223,42.283577,23.72,17.519077,13.53164,35.0074,,58.8913
2007-12-21,52.1416,52.3467,36.736215,50.557359,32.171609,18.141769,15.231715,28.174694,23.768871,,8.727436,50.433865,22.408027,8.9769,16.055,38.683793,8.813131,20.255226,31.833659,31.989626,41.732256,26.466804,26.466804,,24.599852,,,30.492653,30.492653,14.435569,,26.466804,,31.932288,23.85,23.85,15.082665,32.1844,37.4481,60.747242,,,50.4624,10.572665,38.5,29.37,37.332245,14.0969,24.076123,43.270748,24.21,18.023514,14.015798,36.5094,,58.3689
2007-12-24,52.2782,52.5098,37.333716,50.804427,32.235737,18.292092,15.29528,28.314246,24.243353,,8.880679,50.680293,22.369435,8.9748,16.045,38.774041,8.87702,20.217887,32.027467,32.015308,41.78681,26.562248,26.562248,,24.65449,,,30.92207,30.92207,14.415578,,26.562248,,32.00614,24.13,24.13,15.111923,32.4703,38.504,61.029904,,,51.0816,10.57425,38.28,29.56,37.796176,14.0709,24.609611,43.624477,24.56,18.228054,14.061485,36.8377,,58.9898
2007-12-26,52.2391,52.6825,37.964362,50.413294,32.124522,18.089184,15.254804,28.128177,23.598774,,8.713196,50.29014,22.423464,8.9726,16.365,38.527802,8.793988,20.242812,32.01127,32.255257,41.677702,26.673631,26.673631,,24.576448,,,30.773998,30.773998,14.628942,,26.673631,,32.130003,23.695,23.695,15.094402,33.0229,38.5801,60.692212,,,51.2851,10.428324,38.82,29.74,37.656244,14.0882,24.204555,43.895966,23.94,18.268908,14.098113,36.7749,,59.049
2007-12-27,51.6732,51.9821,38.205042,50.0497,32.116001,17.908761,15.081679,27.964457,23.115339,,8.51717,49.927466,22.072277,8.7757,16.0,38.347208,8.787576,20.180646,31.696402,31.715466,41.163274,26.204144,26.204144,,24.299567,,,29.796599,29.796599,14.022202,,26.204144,,31.337469,22.595,22.595,14.848933,32.6132,37.9428,60.236675,,,50.6066,10.36243,37.92,29.15,37.479517,14.0449,23.908173,42.884123,22.85,17.641819,14.015798,35.9435,,58.221
2007-12-28,51.5659,52.481,39.076369,50.02912,31.996266,18.014022,15.191331,27.99562,23.285436,,8.52429,49.906906,22.195771,8.8298,16.105,38.470327,8.783332,20.180646,31.865961,32.263881,41.249027,26.220083,26.220083,,24.287866,,,29.929872,29.929872,13.89553,,26.220083,,31.543845,22.24,22.24,14.796369,32.8228,38.0093,60.495896,,,51.0561,10.422068,37.7,29.09,37.766722,14.0449,23.868656,42.875899,23.47,18.01669,14.070642,36.4535,,57.9549
2007-12-31,51.0683,52.5769,38.528628,49.644945,31.701098,17.878751,15.024001,27.863064,23.151149,,8.342566,49.523671,21.998952,8.8081,16.0,38.314435,8.617316,19.969222,31.809503,31.492575,40.867061,25.965439,25.965439,,23.936813,,,29.396688,29.396688,13.615466,,25.965439,,31.296213,22.145,22.145,14.722371,31.7462,37.5337,59.608446,,,51.5565,10.348334,37.65,28.92,37.877199,13.8978,23.354926,42.464603,22.99,18.691547,14.006737,35.7828,,57.7085
2008-01-02,50.3755,51.4928,37.55778,49.397878,30.691553,17.49551,14.827694,27.278145,22.864669,,8.171492,49.277244,21.821429,8.5744,15.88,37.362256,8.561962,19.907056,31.300828,31.097222,40.196726,25.503874,25.503874,,23.827537,,,28.611845,28.611845,13.368753,,25.503874,,30.627542,21.59,21.59,14.595724,31.4222,37.0677,59.129377,,,50.9289,10.291823,36.04,28.43,37.538426,13.8546,23.196856,41.403416,22.86,17.94854,13.805671,37.222,,55.9442
2008-01-03,51.3317,51.1666,37.947836,49.411598,31.333192,17.48046,14.983526,27.223632,22.721429,,8.171492,49.290983,21.724949,9.0094,15.635,37.329483,8.391655,19.832476,31.397731,31.776296,40.329278,25.304969,25.304969,,24.077234,,,28.152742,28.152742,13.368753,,25.304969,,30.594481,21.45,21.45,14.685287,31.6699,37.9047,59.514225,,,50.9119,10.321642,36.93,27.63,36.610656,13.8026,23.216614,41.798265,22.01,17.689497,13.019915,36.8447,,55.8457
2008-01-04,50.4438,51.8765,38.047358,48.807896,31.140718,17.270027,14.839285,27.020846,21.93361,,8.004009,48.688702,21.497256,8.5787,14.935,37.083245,8.444888,19.807551,31.123217,31.655947,39.885003,25.026465,25.026465,,24.124041,,,27.049378,27.049378,13.282061,,25.026465,,30.256048,20.75,20.75,14.589855,31.2888,37.1628,59.333568,,,50.1062,10.285568,35.02,26.86,36.146817,13.7853,22.505297,41.699578,21.32,17.321361,12.709256,35.6291,,55.688
2008-01-07,52.8343,52.2891,38.055667,48.204095,31.803702,17.48046,15.052794,27.285958,22.443902,,8.185733,48.086421,21.933346,8.8622,15.095,37.838395,8.502364,19.857304,31.212069,31.724651,40.734599,25.416352,25.416352,,24.693466,,,27.819513,27.819513,13.682167,,25.416352,,30.685283,20.755,20.755,15.043709,31.9367,38.3803,60.723618,,,50.895,10.569537,36.68,26.5,36.257201,13.82,22.189156,42.456379,21.19,17.709969,13.230042,36.8587,,57.0087
2008-01-08,52.5514,52.6249,37.383478,48.162933,31.756705,17.405299,15.024001,26.896103,22.130565,,7.989769,48.045301,22.139319,8.7216,14.695,37.830128,8.325645,19.732971,30.566136,31.054293,40.6878,25.145864,25.145864,,24.814354,,,27.056867,27.056867,13.342132,,25.145864,,30.883463,21.37,21.37,15.27557,31.2317,38.5705,61.202687,,,49.4023,10.622878,35.15,26.46,36.279315,13.7334,22.228673,42.217785,20.59,17.314537,12.764101,35.1331,,57.5902
2008-01-09,52.4831,53.2389,37.499709,46.461491,31.555621,17.991447,15.433725,26.763547,22.506569,,8.050323,46.34798,22.197656,8.7281,14.53,37.920474,8.383121,19.633564,30.550032,32.420879,40.469585,25.297047,25.297047,,25.45795,,,27.715836,27.715836,13.282061,,25.297047,,30.718344,21.925,21.925,15.429434,32.0225,39.7025,61.838881,,,50.9968,10.991549,36.05,27.24,35.808043,13.6642,21.072782,41.798265,21.38,17.600875,12.937696,36.0832,,58.8124
2008-01-10,52.3074,53.1142,36.993513,46.825085,31.251933,17.976397,15.485699,26.802523,22.685619,,8.039673,46.710752,22.283097,8.9034,14.49,38.560674,8.498074,19.683219,30.614635,31.991126,40.843706,26.021178,26.021178,,25.571097,,,28.123146,28.123146,13.162119,,26.021178,,31.411787,22.595,22.595,15.35348,31.689,39.5883,62.490643,,,51.777,11.038634,36.74,27.06,36.198292,13.6988,21.596391,42.10265,21.02,17.91442,13.239198,36.485,,59.7586
2008-01-11,51.0293,53.9777,36.213492,46.653578,29.874572,17.796064,15.381843,26.318998,22.354377,,7.783031,46.539646,21.820621,8.8081,14.195,38.084633,8.617316,19.061557,30.243217,32.231825,39.666698,25.40843,25.40843,,24.872863,,,27.049378,27.049378,12.968746,,25.40843,,30.528452,21.565,21.565,15.392435,31.4794,38.6561,61.084934,,,46.9343,10.756208,36.03,26.37,35.39568,13.2661,21.428441,40.885109,20.28,17.348657,12.901165,35.5758,,59.0257
2008-01-14,50.8341,54.1408,37.458165,46.763343,30.413516,17.390248,15.110564,26.264394,23.178006,,7.946985,46.64917,21.972207,8.609,13.94,37.887603,8.402311,18.9123,30.170562,32.395103,39.128916,25.304969,25.304969,,25.079623,,,27.338213,27.338213,13.088689,,25.304969,,30.544936,21.675,21.675,15.328134,31.2603,38.6942,60.409459,,,46.2813,10.616579,35.55,26.14,34.747774,13.1623,21.240732,40.161204,20.05,17.355481,12.818946,34.864,,58.5504
2008-01-15,49.6633,53.8434,37.342025,46.187081,29.981482,17.067119,14.787311,25.617149,22.712477,,7.75455,46.074269,21.432009,8.5701,13.835,37.165324,8.408677,18.526889,29.306666,31.432494,38.684641,24.716082,24.716082,,24.810483,,,26.827316,26.827316,12.908676,,24.716082,,29.942294,21.155,21.155,15.28331,30.4504,38.7037,58.768062,,,46.9174,10.400089,35.65,25.5,33.871479,12.894,20.697365,40.218772,19.47,17.089615,12.681882,34.3566,,58.0453
2008-01-16,50.3365,53.9393,35.159556,46.399749,30.097002,17.262501,14.625684,25.585986,23.724108,,7.886431,46.286398,21.210509,8.5073,13.875,37.02577,8.377652,18.439798,29.952598,29.532959,38.661196,24.811621,24.811621,,24.436028,,,26.79023,26.79023,13.062068,,24.811621,,29.876266,20.005,20.005,15.176225,30.298,38.542,57.754985,,,47.3244,10.459685,36.9,25.27,34.033525,12.8334,21.211094,41.839385,19.92,17.3896,12.800632,34.3214,,57.4709
2008-01-17,48.59,53.3157,34.155472,45.473516,28.612641,17.164765,14.38329,25.21948,23.858396,,7.925624,45.362465,21.128927,8.6566,13.645,36.500422,8.332765,18.216058,30.08171,28.707759,38.404027,24.389856,24.389856,,24.198122,,,25.716553,25.716553,12.995367,,24.389856,,29.554316,20.065,20.065,14.960015,29.7073,37.334,56.694752,,,47.9436,10.251036,35.03,25.01,33.908274,12.6777,20.815918,39.108241,20.61,17.082791,12.453442,33.37,,56.5795
2008-01-18,47.5753,53.402,33.939717,45.151084,28.214868,16.766474,14.088922,24.806185,24.144876,,7.811574,45.040813,21.020152,8.5333,13.6,35.753539,8.343421,17.905129,29.661887,28.045931,37.850555,23.991951,23.991951,,23.691077,,,25.546284,25.546284,13.168749,,23.991951,,29.702858,20.485,20.485,14.691156,28.6973,36.6111,56.121463,,,48.215,10.320057,35.12,25.03,33.164571,12.4613,20.005806,38.005935,20.0,16.666976,12.170254,32.2776,,57.6887
2008-01-22,47.146,52.9703,33.350616,45.05504,27.898354,16.20281,13.627224,24.174476,24.171733,,7.797334,44.944931,20.54215,7.594,13.675,35.302103,8.260012,17.320806,28.959497,27.87403,37.024314,23.777108,23.777108,,22.930463,,,25.531486,25.531486,12.702042,,23.777108,,28.571892,19.99,19.99,14.293778,28.0399,36.5445,54.535006,,,46.7053,10.012567,35.05,25.07,32.884799,12.0546,20.233033,37.018764,20.6,16.973697,12.289004,32.2001,,57.1044
2008-01-23,47.546,53.3445,33.898265,47.319122,28.291822,16.180325,13.604135,24.548795,24.825265,,7.939864,47.20351,20.654785,7.2932,13.96,35.802748,8.093195,17.544546,29.435871,28.501459,37.297172,24.286395,24.286395,,22.946126,,,26.383011,26.383011,12.975376,,24.286395,,27.350124,20.38,20.38,14.190521,27.8303,37.1818,55.281169,,,47.5704,9.890205,35.97,24.76,33.562253,12.2104,20.489897,37.265482,21.09,17.682673,12.38038,32.9894,,57.8472
2008-01-24,46.4727,51.109,35.07665,47.216218,28.184912,16.279059,13.650314,24.619025,25.34451,,8.01113,47.100807,20.713121,7.343,13.925,35.540172,8.225828,17.469966,28.806135,29.154758,37.242619,23.872646,23.872646,,23.355597,,,25.642562,25.642562,12.621981,,23.872646,,28.538924,21.045,21.045,14.587899,27.4778,37.1343,54.762819,,,46.5612,9.885492,34.91,24.69,33.503344,12.1584,20.529415,36.311306,21.39,17.082791,12.325535,32.8414,,57.2035
2008-01-25,46.102,50.2071,34.943801,46.372308,27.44919,15.96817,13.621429,24.338286,25.16546,,7.939864,46.259017,20.573203,7.3711,13.63,35.236459,7.981967,17.469966,27.482062,28.725006,37.094467,23.697508,23.697508,,22.782301,,,25.487001,25.487001,12.601991,,23.697508,,28.084824,20.495,20.495,14.40486,27.2872,36.8584,54.126625,,,46.5187,9.982747,34.99,24.45,33.164571,12.1584,20.252791,36.163176,21.21,16.987345,12.115409,33.8633,,56.9955
2008-01-28,46.8923,50.5237,35.931359,45.960594,27.996744,16.188123,14.077424,24.673538,25.872707,,8.050323,45.848402,21.059013,7.501,13.985,35.852054,8.238653,17.818136,28.903039,29.49856,38.614487,24.222734,24.222734,,23.172329,,,25.694356,25.694356,12.735293,,24.222734,,28.241654,20.895,20.895,14.611289,27.8684,37.3911,55.186858,,,47.2736,10.020407,36.21,26.36,34.004071,12.4007,20.687485,36.952873,21.19,17.423631,12.782415,34.561,,57.9066
2008-01-29,46.141,52.9607,35.632608,47.346563,27.906875,16.142609,13.725286,24.923114,25.514607,,8.085986,47.230891,21.257178,7.5616,14.005,35.540172,8.238653,17.805722,29.613481,29.532959,38.676796,24.023829,24.023829,,22.83685,,,25.553683,25.553683,12.728663,,24.023829,,28.522347,20.8,20.8,14.827499,27.5159,33.7956,53.898902,,,47.7909,10.034546,36.11,27.2,34.372206,12.3921,20.993747,37.059884,21.12,17.3896,12.471756,35.1389,,58.5603
2008-01-30,46.1117,51.061,35.674061,46.15278,27.188283,16.332189,13.367444,24.899765,24.780503,,7.800863,46.03997,20.950148,7.4447,13.74,35.178984,8.223659,17.644051,29.20171,29.068808,38.27932,23.434942,23.434942,,22.532604,,,25.190858,25.190858,12.481949,,23.434942,,27.878449,18.605,18.605,14.917147,22.1518,32.131,53.082141,,,45.077,10.069035,35.37,27.75,34.011411,12.2796,20.470138,36.492233,20.94,16.857868,12.800632,34.6526,,57.768
2008-01-31,45.3897,49.8521,36.553696,47.970846,26.940112,16.324573,13.315562,24.650188,25.066982,,8.552833,47.853732,21.222176,8.3363,13.5,34.932746,8.285709,17.48238,29.225959,29.051561,37.336127,23.283759,23.283759,,23.078716,,,25.812831,25.812831,12.221974,,23.283759,,27.837192,19.28,19.28,14.769066,23.4762,33.1488,53.553336,,,46.1456,9.935705,35.54,27.85,34.409001,12.1671,20.647968,36.747275,20.87,17.028288,13.019915,35.1036,,56.8766
2008-02-01,46.8923,52.7688,37.756916,47.614113,28.467255,16.7264,13.707991,25.281806,25.442987,,9.001848,47.497781,21.680793,8.3666,13.895,35.326707,8.334887,17.656465,29.064453,30.108837,38.209167,23.411081,23.411081,,23.113821,,,26.908706,26.908706,12.641972,,23.411081,,28.448123,19.595,19.595,14.695068,24.8196,33.4912,54.055937,,,46.858,10.098854,38.6,28.39,35.749134,12.2882,21.487718,37.70155,21.5,17.546373,13.166136,36.3017,,57.3025
2008-02-04,45.9946,54.6877,36.678145,46.723651,28.030915,16.597565,13.650314,25.094647,25.040125,,8.820063,46.609511,21.591403,8.371,13.855,35.334974,8.339177,17.930055,28.741533,29.833739,38.240276,23.450881,23.450881,,22.868084,,,26.738437,26.738437,12.315296,,23.450881,,28.216975,20.03,20.03,14.623026,24.448,33.2629,54.362222,,,45.1533,10.167876,36.96,28.1,35.38834,12.4786,20.746762,37.569868,21.93,17.041936,12.837164,35.308,,56.4409
2008-02-05,45.8873,53.0087,34.877422,45.729698,27.252411,16.119852,13.35015,24.556609,24.41345,,8.656171,45.617954,21.163929,8.0615,13.05,34.39923,8.307068,17.370461,28.410561,32.446654,37.530987,23.037038,23.037038,,22.388313,,,26.212652,26.212652,12.168535,,23.037038,,27.696846,19.48,19.48,14.245126,24.1526,32.8064,53.364894,,,44.7801,9.951386,37.2,27.54,35.403114,12.0892,19.916891,36.344202,21.87,16.721478,12.599663,34.3707,,54.8068
2008-02-06,46.0532,53.0662,34.238468,45.543295,27.479146,16.127468,13.379035,24.580049,24.547738,,8.502929,45.432037,21.152262,7.8126,12.74,34.391061,8.230072,17.084555,28.273304,31.776296,38.26372,23.283759,23.283759,,22.509201,,,26.368213,26.368213,12.148544,,23.283759,,28.159141,18.975,18.975,14.172999,24.1717,32.4734,52.406756,,,48.3337,10.128674,36.93,27.26,34.718319,11.8902,20.074962,36.837738,22.35,16.6738,12.563132,32.8837,,54.2225
2008-02-07,46.2595,53.1334,34.280012,45.4743,27.633143,16.142609,13.534866,24.743768,24.41345,,8.592026,45.363244,21.307707,8.0009,13.055,34.546953,8.337008,17.25864,28.200649,32.197426,38.684641,23.411081,23.411081,,22.797874,,,26.22745,26.22745,12.248595,,23.411081,,27.894933,19.445,19.445,14.434034,24.4956,32.93,55.296827,,,48.0114,10.269887,38.28,27.15,35.469363,12.0113,20.430621,36.977644,22.54,16.816924,12.489973,33.6448,,54.995
2008-02-08,46.0139,52.788,34.362917,44.735744,27.868398,15.922747,13.436713,24.229079,24.091161,,8.684652,44.626495,20.922954,7.8819,12.94,34.587993,8.311359,16.972637,27.788878,31.767673,38.333874,22.925655,22.925655,,23.10986,,,26.094176,26.094176,12.208615,,22.925655,,27.696846,19.125,19.125,14.237301,24.6671,32.5591,54.825633,,,46.9513,10.36243,38.23,26.99,35.005431,11.8123,19.986047,37.117451,22.34,16.612473,12.49913,35.6252,,54.1333
2008-02-11,46.4953,52.7208,35.640917,44.89451,27.966787,16.104711,13.557956,24.322659,24.243353,,8.763038,44.784836,21.33876,8.3775,13.18,34.95735,8.307068,16.873132,28.039143,31.286369,38.653441,23.331481,23.331481,,23.207435,,,26.494087,26.494087,12.108563,,23.331481,,28.390289,19.195,19.195,14.106826,24.7529,32.7683,55.72874,,,47.0361,10.258876,37.52,26.63,35.587181,11.7431,20.262671,37.314925,22.22,16.57153,12.389537,37.4364,,54.7573
2008-02-12,47.0456,53.0087,36.163639,44.963505,28.351735,16.172891,14.01395,24.634561,24.109066,,8.631219,44.853727,21.420342,8.0615,13.2,35.22829,8.439702,16.922884,29.121003,31.845001,39.401684,23.267821,23.267821,,23.371259,,,26.723639,26.723639,11.741808,,23.267821,,28.951675,19.35,19.35,14.108698,24.6385,33.3105,56.514095,,,46.841,10.076918,37.9,26.77,35.638657,11.7777,20.756641,40.852214,22.35,16.837396,12.444286,38.4512,,55.4406
2008-02-13,47.1733,52.7976,36.479008,45.37071,27.059937,16.074338,14.106216,24.556609,22.587142,,8.969776,45.259957,21.568068,7.9944,13.255,35.376014,8.341299,16.910471,28.959497,31.819225,39.869404,23.522464,23.522464,,23.164498,,,27.375208,27.375208,11.708557,,23.522464,,28.992931,19.265,19.265,14.190521,24.9625,33.5388,56.254965,,,48.181,10.048641,39.21,26.61,35.9647,11.769,20.845556,41.518552,23.2,17.382776,12.645351,39.5859,,56.7083
2008-02-14,47.0063,52.9415,36.229288,44.266307,27.201109,15.953029,13.990861,24.572235,22.202184,,8.606267,44.158195,21.303758,7.7044,13.035,35.203588,8.315649,16.835793,28.765782,31.75905,39.651099,23.323559,23.323559,,22.83685,,,26.886508,26.886508,11.828499,,23.323559,,28.472802,18.96,18.96,14.159391,24.7529,33.3961,56.207809,,,47.0191,10.039258,37.76,25.98,35.453474,11.7171,20.242912,41.790041,23.05,16.564706,12.49913,40.1285,,56.5201
2008-02-15,47.1831,53.6131,36.728728,44.590797,27.650184,16.46864,14.123603,26.077235,22.157422,,8.663291,44.481893,21.91396,7.6113,12.97,37.033938,8.638581,16.524962,29.056401,31.982503,40.321433,24.930926,24.930926,,22.918762,,,27.175343,27.175343,11.328442,,24.930926,,29.075537,20.045,20.045,14.128175,24.8481,33.9288,56.333527,,,48.0114,10.086301,36.91,25.98,37.239142,11.5008,20.331827,41.946296,23.35,16.660152,12.453442,40.0721,,57.4907
2008-02-19,47.3993,53.0087,37.752442,44.604615,27.671619,16.802286,13.933091,25.398827,21.8978,,8.552833,44.495632,21.937205,7.5746,12.91,37.132453,8.796865,16.40063,29.912245,31.973973,40.415031,24.811621,24.811621,,22.661323,,,27.730634,27.730634,11.388413,,24.811621,,29.092021,20.615,20.615,14.206171,24.7052,33.4817,55.870117,,,48.0538,10.047099,36.75,26.31,36.394439,11.4142,20.351585,43.459998,23.41,16.612473,12.983384,40.5443,,58.4315
2008-02-20,47.2126,52.9511,37.735733,44.797879,27.727227,16.764298,13.725286,25.141437,21.68294,,8.629857,44.688467,21.964489,7.4685,13.19,37.280176,8.72845,16.276297,29.952598,31.509822,39.978511,24.891221,24.891221,,22.712091,,,28.130545,28.130545,11.583666,,24.891221,,29.405681,21.34,21.34,14.208042,24.9053,33.4532,55.854459,,,48.3422,9.981205,36.72,27.3,37.0613,11.3277,20.499777,43.155613,23.64,16.960138,13.595545,41.2279,,58.481
2008-02-21,46.908,52.9895,37.802295,44.487207,27.654489,16.529295,13.858027,25.54701,21.387508,,8.260837,44.378606,21.828429,7.3625,13.345,36.7877,8.78833,16.189304,29.804049,31.208948,39.752451,24.541038,24.541038,,22.618477,,,27.68624,27.68624,11.287471,,24.541038,,29.050764,20.905,20.905,14.295734,24.9053,33.4437,55.823052,,,47.9096,9.945131,35.59,26.62,37.231709,11.2671,20.203394,42.464603,22.75,16.537499,13.111291,40.2695,,58.3028
2008-02-22,46.9768,54.0544,37.103262,44.839236,28.390211,16.77953,13.973475,25.476779,21.870942,,8.468627,44.729782,22.112125,7.3257,13.5,37.173493,8.745518,16.32605,29.983141,30.882392,39.783651,24.962804,24.962804,,22.723793,,,27.812114,27.812114,11.226906,,24.962804,,29.397486,21.91,21.91,14.336646,25.2483,33.7861,56.058649,,,47.528,10.10828,36.12,26.79,37.416891,11.3623,19.808218,43.525789,23.29,16.510203,13.312357,40.5796,,58.8574
2008-02-25,46.8687,54.5438,37.311255,46.102406,29.087457,17.067663,14.210165,25.702915,21.1816,,8.382626,45.989788,22.372487,7.3581,14.04,37.73988,9.025732,16.164379,30.853978,31.913799,39.939557,25.090125,25.090125,,22.922722,,,28.508168,28.508168,11.294201,,25.090125,,29.587284,21.885,21.885,14.465164,25.3626,33.748,56.223558,,,49.0716,10.196153,35.92,27.0,38.365289,11.2498,20.559053,43.501118,23.57,16.864692,13.3032,41.0658,,60.0557
2008-02-26,46.5936,54.5246,38.218464,46.647698,28.736682,17.264768,14.475649,25.921329,20.635498,,8.52237,46.5338,22.469684,7.4014,14.11,37.427998,8.84392,16.226545,30.593532,32.266224,40.298079,25.36863,25.36863,,23.215176,,,28.434087,28.434087,11.193259,,25.36863,,29.422259,21.995,21.995,14.46712,25.6104,34.0144,56.019368,,,48.7069,10.331068,36.91,26.66,38.39493,11.2931,20.153997,43.608029,23.31,16.966962,13.083917,41.1434,,59.9765
2008-02-27,46.682,54.0832,37.644246,46.716791,28.664033,16.961494,14.510237,25.5938,20.742928,,8.43996,46.60269,22.283097,7.2651,13.995,37.173493,8.920917,16.32605,30.341231,32.188803,40.298079,25.495952,25.495952,,23.421937,,,28.367496,28.367496,11.395241,,25.495952,,29.306685,21.95,21.95,14.506075,25.315,33.748,55.917273,,,48.1302,10.178887,37.91,26.05,38.41723,11.3623,19.966288,44.061931,23.35,16.660152,13.578677,41.0799,,60.4618
2008-02-28,47.36,53.5268,38.676269,46.316446,28.261955,16.931121,14.377495,25.632776,20.581783,,8.343247,46.203281,22.081072,6.9967,13.885,36.820571,8.965851,16.294674,30.137705,32.068453,40.142172,25.169725,25.169725,,23.191772,,,28.034267,28.034267,11.455806,,25.169725,,29.050764,22.075,22.075,14.371688,24.972,33.2534,55.807303,,,48.5796,10.072205,36.55,26.85,38.409796,11.3405,19.689665,44.763246,22.59,16.632945,13.624462,40.5302,,60.234
2008-02-29,46.2693,52.0876,37.536049,44.853055,27.278062,16.756773,14.100513,25.180504,19.265767,,8.117563,44.743521,21.758515,6.6029,13.5,36.204976,8.739105,15.830969,30.178429,31.55275,39.773642,24.803604,24.803604,,22.801744,,,27.493683,27.493683,11.274012,,24.803604,,28.439834,20.75,20.75,14.246997,24.105,32.3498,54.629317,,,47.0276,9.996886,35.66,27.55,37.928211,11.0177,18.978347,44.523959,22.17,16.517027,13.202956,40.1074,,59.2832
2008-03-03,46.1514,52.2987,38.068632,45.101592,27.996295,16.817427,14.163986,24.977718,19.435864,,8.174898,44.99141,21.972207,6.4146,13.65,36.007946,8.822514,16.206996,30.14585,32.652954,39.765797,24.82756,24.82756,,23.020207,,,28.019469,28.019469,11.422159,,24.82756,,28.935191,20.275,20.275,14.223692,24.4766,32.5495,55.108386,,,47.4262,9.938832,36.13,28.31,38.720974,11.2794,18.761,43.575034,22.01,16.462525,13.70697,41.7917,,59.3724
2008-03-04,45.9549,52.1835,38.285026,44.825418,27.751084,16.862941,14.342907,24.985531,19.185194,,8.113972,44.715945,21.727372,6.4102,13.515,35.942302,8.899511,16.106709,30.064495,33.151505,39.538384,24.676282,24.676282,,23.156667,,,28.374895,28.374895,11.442347,,24.676282,,28.827812,20.45,20.45,14.38147,24.0002,32.2832,55.006291,,,47.528,9.913726,35.44,27.88,38.076319,11.2096,18.879553,44.160916,22.43,16.332959,13.670246,42.1018,,59.5407
2008-03-05,46.122,52.2987,38.767757,44.714967,27.837096,16.696118,14.400585,25.188227,19.274719,,8.228641,44.605837,21.762374,6.5033,13.51,36.18854,8.886686,16.181875,30.284218,34.277485,39.648123,24.684299,24.684299,,23.277645,,,27.84171,27.84171,11.597125,,24.684299,,28.819617,21.035,21.035,14.591811,25.7723,32.3596,55.491876,,,47.0615,10.03296,35.69,28.95,38.283802,11.262,18.533774,43.484273,22.5,16.11486,14.83394,43.6241,,59.6596
2008-03-06,45.2868,51.1378,38.509819,44.080002,27.032941,16.324573,14.054334,24.735955,18.862904,,8.103199,43.972278,21.346568,6.0813,13.205,35.991609,8.715578,15.956278,28.990132,32.317775,39.083559,24.493316,24.493316,,23.051351,,,27.103157,27.103157,11.509642,,24.493316,,28.571892,20.58,20.58,14.408687,24.9148,31.8056,55.365524,,,45.8403,9.840592,34.39,28.67,36.920532,11.105,18.336186,42.155858,22.11,15.802202,14.888881,41.9961,,58.3226
2008-03-07,44.9232,51.675,37.461087,44.121359,27.196355,16.112236,13.950385,24.626748,18.567472,,8.221459,44.013593,21.268846,5.6766,13.25,35.991609,8.649284,15.655418,28.526253,32.154404,38.777698,24.357978,24.357978,,22.953867,,,27.543311,27.543311,11.435618,,24.357978,,28.547119,20.28,20.28,14.515857,24.3813,31.6719,54.947007,,,45.4416,9.899416,34.15,28.39,36.631562,10.8956,18.0892,41.726727,22.14,15.428748,14.48569,43.4761,,58.0057
2008-03-10,45.3555,52.0396,35.696704,43.838422,27.20066,16.081954,14.100513,24.626748,18.173562,,8.436369,43.731307,21.746848,5.4645,13.395,36.418343,8.704922,15.454941,28.721634,31.475423,39.0208,24.437578,24.437578,,22.879786,,,27.289668,27.289668,11.4087,,24.437578,,28.819617,19.63,19.63,14.558725,23.8001,31.3376,54.496992,,,45.5689,10.134715,33.79,27.96,37.298423,10.756,18.474497,42.263067,22.35,15.358294,14.357493,44.498,,57.966
2008-03-11,46.3676,52.5673,37.053318,45.115313,28.146794,16.552051,14.23905,24.751582,18.764427,,8.640568,45.00515,22.205374,5.8108,13.54,37.09968,8.837508,15.642906,29.608761,32.352174,39.875535,24.946865,24.946865,,23.195733,,,28.43111,28.43111,11.65769,,24.946865,,29.678179,19.875,19.875,14.658069,24.2765,31.2899,55.231298,,,46.2304,10.168133,35.81,28.02,37.505812,10.8869,19.017865,42.485906,23.0,15.914929,14.714804,45.1886,,59.303
2008-03-12,46.1907,52.0723,36.728728,45.080815,28.095133,16.430742,14.256344,25.40664,18.567472,,8.572522,44.970753,22.450209,5.7155,13.7,37.54285,8.78833,16.219507,30.031917,33.340559,40.040279,24.842555,24.842555,,23.234979,,,28.177466,28.177466,11.799009,,24.842555,,29.380909,20.81,20.81,14.348298,24.2813,31.1848,54.923384,,,45.7979,10.137928,45.1,27.43,37.654014,11.2882,18.464618,43.855639,22.77,16.238931,15.072115,45.5269,,59.4318
2008-03-13,45.7584,53.6253,36.853542,44.78406,27.905978,16.498922,13.990125,25.19604,18.1288,,8.69072,44.674631,22.39968,5.9233,13.715,37.518246,8.811858,16.745965,29.958707,32.713129,39.45209,24.304786,24.304786,,23.132904,,,28.356487,28.356487,12.290358,,24.304786,,29.380909,19.995,19.995,14.307387,24.4154,31.1371,54.67068,,,45.1533,9.899416,47.92,27.33,37.809649,11.6545,17.980527,43.938077,22.86,16.288294,15.209564,45.7383,,59.4318
2008-03-14,45.3948,54.13,36.495625,43.645061,27.79844,16.134993,13.816448,24.712605,17.564793,,8.511597,43.538471,22.228709,5.6636,13.47,37.009334,8.6664,16.144243,29.673826,33.108483,39.122784,23.975635,23.975635,,22.583372,,,27.953599,27.953599,11.893221,,23.975635,,28.704043,19.405,19.405,13.982136,23.6683,30.7741,54.046886,,,44.6529,9.964582,46.72,26.39,37.661447,11.2358,18.049683,43.121231,22.46,15.858565,14.613982,44.2302,,58.7583
2008-03-17,45.0313,53.47,35.014198,43.783148,28.056477,16.028824,13.833834,24.642375,17.44841,,8.354021,43.676253,22.061597,5.7177,13.38,36.46765,8.520941,16.056565,29.209947,32.833479,39.0208,23.975635,23.975635,,22.646111,,,27.901444,27.901444,11.913508,,23.975635,,28.505863,18.53,18.53,13.773495,24.1568,30.7073,54.59963,34.687537,,44.5766,9.563906,45.52,25.65,37.039093,11.1747,17.733542,42.032103,22.35,15.731747,14.302456,43.8566,,58.8574
2008-03-18,45.444,54.1397,36.220979,44.915189,29.054182,16.60509,14.047987,25.188227,18.039275,,8.805389,44.805493,22.617321,6.0705,14.035,37.214532,8.685637,16.620557,29.624958,33.443756,40.102948,24.529532,24.529532,,23.321302,,,28.998041,28.998041,12.404758,,24.529532,,29.446938,19.61,19.61,14.086413,24.5878,31.4523,55.2866,34.834977,,46.4,9.837421,47.82,26.28,37.780009,11.5673,18.563412,43.368742,22.9,16.323477,15.172937,44.2231,,60.5806
2008-03-19,44.8839,53.8485,35.114086,44.756423,28.559635,16.642988,14.117439,25.437803,17.887083,,8.572522,44.647152,22.897158,6.1462,14.02,36.966228,8.677103,16.269651,30.040061,32.455278,40.165707,24.216415,24.216415,,23.537244,,,29.206929,29.206929,12.559635,,24.216415,,29.579089,19.09,19.09,13.932889,24.5974,31.691,55.373399,34.884152,,47.2566,9.610049,47.66,26.58,37.387251,11.323,18.652327,42.972704,23.0,16.661659,15.347014,45.9004,,60.8678
2008-03-20,45.218,53.8388,33.441191,45.529476,28.839107,16.878082,14.23905,26.038258,18.110895,,8.945071,45.418298,23.363493,6.2241,13.71,37.371802,8.743396,16.68331,30.910899,32.446654,40.479414,25.003075,25.003075,,23.961207,,,29.602328,29.602328,12.875919,,25.003075,,29.876266,19.335,19.335,13.830567,25.0188,32.7703,56.210343,34.518997,,49.1903,9.638668,47.69,26.56,37.757802,11.6109,18.859794,43.170772,22.84,17.373205,15.475307,46.1612,,61.5314
2008-03-24,46.3283,53.4409,34.781187,46.461393,29.226207,16.582333,14.493679,26.061699,18.280992,,8.909284,46.347883,23.173046,6.8301,13.955,37.512538,8.709165,16.570414,31.2527,32.352174,40.34605,24.738151,24.738151,,24.016115,,,29.900727,29.900727,12.849001,,24.738151,,29.942294,18.935,18.935,14.110059,25.1529,33.0091,56.41562,35.818229,,48.2574,9.629114,49.58,26.53,37.787349,11.5324,19.027744,44.919996,22.98,17.281659,15.530248,46.4642,,61.5016
2008-03-25,47.4288,54.1591,35.538564,46.502751,29.054182,16.65822,14.412635,26.39695,18.254135,,9.127785,46.389198,23.025319,6.8799,14.125,37.793911,8.837508,16.68331,31.448081,32.369327,40.683291,24.609792,24.609792,,24.106398,,,30.087238,30.087238,12.781707,,24.609792,,29.942294,19.095,19.095,14.434884,25.2966,33.1333,56.486761,36.345037,,48.6136,9.749934,49.65,26.5,38.076319,11.6109,18.978347,44.763246,22.99,17.359114,15.218721,47.2747,,61.5116
2008-03-26,47.4189,53.8679,35.272226,46.033411,28.839107,16.597565,14.308503,25.952492,18.110895,,8.980921,45.920995,22.93207,6.7089,13.8,37.95118,8.766924,16.758476,31.024833,31.948197,40.518638,24.738151,24.738151,,24.004323,,,29.990238,29.990238,13.037525,,24.738151,,29.810237,18.66,18.66,14.369902,25.0284,32.4933,56.18672,35.326647,,48.8341,9.675214,48.3,26.01,37.453965,11.6633,17.861974,44.515735,22.91,17.253477,15.099586,47.1056,,60.8381
2008-03-27,47.1537,53.1594,34.906001,44.521704,28.538109,17.780379,14.094258,26.170814,17.752795,,8.937889,44.413002,23.20024,6.8842,13.69,38.15815,8.809689,17.046728,31.041122,31.75905,40.714671,24.834539,24.834539,,24.067153,,,30.236483,30.236483,13.286515,,24.834539,,31.23838,17.99,17.99,14.413195,24.674,32.3405,56.210343,35.593538,,48.7323,9.707004,48.27,25.86,37.57996,11.8639,17.812577,44.053608,23.02,17.161842,14.751432,46.6122,,61.3234
2008-03-28,47.1635,53.7903,35.188956,44.080002,28.538109,18.265618,13.978534,26.334624,17.904987,,8.765948,43.972278,23.340158,6.7132,14.08,38.812029,8.901679,17.121992,30.756242,31.681723,41.153806,24.738151,24.738151,,23.921961,,,30.005217,30.005217,13.131737,,24.738151,,30.437651,17.335,17.335,14.533293,24.7794,32.8276,56.502509,35.86043,,48.5627,9.65135,47.91,25.96,37.63924,11.9162,17.447039,43.929853,23.07,17.168931,14.778902,46.3233,,62.0563
2008-03-31,46.6231,52.9167,34.25682,47.973002,28.477928,18.159449,14.007511,26.474994,17.98556,,8.866252,47.855876,23.270154,6.8496,14.75,38.878264,8.910214,17.523042,30.658598,31.922328,41.216475,24.890655,24.890655,,23.894417,,,29.811217,29.811217,13.192302,,24.890655,,30.520164,17.65,17.65,14.169512,24.4537,32.3883,57.007826,35.523262,,49.3175,9.385847,47.54,25.76,37.498472,12.1954,17.456918,43.377065,22.86,17.75366,14.613982,46.1823,,62.2345
2008-04-01,47.5467,53.47,34.889383,50.202586,30.043278,18.318656,14.302707,26.911639,18.755474,,8.808918,50.079961,23.689909,6.895,15.175,39.432841,9.021441,18.07462,31.936394,31.879212,42.424142,25.452568,25.452568,,24.11819,,,30.587127,30.587127,13.636545,,25.452568,,31.230184,19.815,19.815,14.137531,24.8081,33.181,56.952615,35.523262,,50.5133,9.579801,46.96,26.46,38.365289,12.5792,18.889433,44.598172,23.14,17.979114,15.420269,45.4564,,63.106
2008-04-02,47.6351,51.9753,34.764478,50.140452,29.922915,18.10641,14.013306,26.872663,18.55852,,8.844767,50.017988,23.340158,6.8907,15.16,39.523876,9.059963,18.174809,31.765447,30.715178,41.624321,25.348259,25.348259,,23.733473,,,30.766148,30.766148,13.45485,,25.348259,,31.032004,19.465,19.465,14.092877,24.8272,32.7512,56.391997,35.965757,,51.0561,9.493942,47.61,26.65,38.024472,12.649,18.494256,44.507412,23.38,18.176387,14.925509,44.9913,,62.0364
2008-04-03,47.5762,52.3053,34.323382,50.51316,29.914304,18.424825,13.891696,26.331172,18.388422,,8.60119,50.389822,23.33235,6.8712,14.92,39.25077,8.985088,18.112155,31.700382,31.275684,41.561561,25.043158,25.043158,,23.772719,,,30.65426,30.65426,13.387456,,25.043158,,31.155867,19.225,19.225,14.048223,24.4249,32.4742,56.376158,35.853367,,51.8958,9.540085,48.22,26.4,38.046679,12.6054,19.482197,44.383656,23.55,18.197479,15.062958,45.3225,,62.393
2008-04-04,47.6449,52.5091,35.397041,51.023955,30.615227,18.652303,14.088554,26.817787,18.45109,,8.583234,50.89934,23.530515,7.0443,14.74,39.813614,9.0792,18.036988,31.765447,31.405031,41.679145,25.316098,25.316098,,23.651111,,,30.639281,30.639281,13.427932,,25.316098,,31.197123,19.12,19.12,13.856764,24.4537,32.4647,56.478796,36.078146,,52.4131,9.460567,46.5,26.65,37.913344,12.5531,19.650147,44.952991,23.76,18.493388,15.411112,45.2521,,62.6604
2008-04-07,47.3207,52.5673,35.913098,51.023955,30.610922,18.728099,14.175301,26.778538,18.370517,,8.568931,50.89934,23.670433,7.014,14.8,39.151468,9.083444,17.974333,31.855039,32.129284,41.608631,25.356275,25.356275,,23.698188,,,30.572148,30.572148,13.172114,,25.356275,,31.230184,18.955,18.955,13.96521,24.4154,32.8467,56.739374,35.586476,,52.0569,9.401742,45.41,26.85,38.017039,12.5094,19.156177,44.631266,23.99,18.563843,15.576032,44.7869,,62.3831
2008-04-08,47.4681,52.1791,35.979659,50.326855,30.610922,18.568892,13.972739,26.488077,18.853952,,8.594007,50.203905,23.498295,7.0119,14.835,38.563725,8.993622,17.811391,31.684093,32.198269,41.538027,25.412391,25.412391,,23.753096,,,30.318504,30.318504,13.373998,,25.412391,,31.172351,18.44,18.44,13.678063,24.3483,32.4742,56.281394,35.5373,,51.6159,9.352429,45.37,26.37,37.824423,12.396,18.790639,44.672485,23.63,18.444114,15.365328,44.3993,,61.7492
2008-04-09,47.0357,51.3735,36.30425,49.615838,29.961571,18.629546,13.509661,26.543044,18.370517,,8.665644,49.494634,23.576556,7.1417,14.36,38.745795,8.970094,17.685984,31.334147,31.98269,41.428198,25.284032,25.284032,,23.859132,,,29.468062,29.468062,13.09809,,25.284032,,31.197123,18.15,18.15,13.346093,24.2525,32.5411,56.036655,34.680474,,51.0392,9.338119,43.41,26.14,37.498472,12.3088,17.832336,44.01239,23.25,18.127025,15.072115,43.8214,,61.4026
2008-04-10,47.6646,50.9561,35.754957,49.512346,30.791557,18.470339,13.700724,26.174176,18.20042,,8.819691,49.391347,23.39661,7.3214,13.735,38.745795,8.948735,17.736127,31.212069,32.33624,41.232165,24.866605,24.866605,,24.074984,,,29.654573,29.654573,13.185573,,24.866605,,30.8816,18.23,18.23,13.844006,24.6453,32.6939,56.613022,34.174854,,48.5796,9.274538,45.25,25.8,36.787104,12.3437,18.187995,45.093294,22.75,18.049569,15.539405,44.3325,,61.8087
2008-04-11,47.5172,51.8782,35.81321,48.953235,30.778642,18.379311,13.492367,26.221239,18.1288,,8.77313,48.833596,23.290976,7.1396,13.21,38.65476,8.762633,17.460387,29.209947,32.379356,40.738206,24.665908,24.665908,,23.666773,,,29.154684,29.154684,12.674035,,24.665908,,30.690591,17.605,17.605,13.639703,24.6931,32.3787,56.376158,33.9431,,47.4093,9.245919,43.52,24.91,35.772085,12.1518,17.911371,44.664261,22.15,17.542296,15.438583,43.4239,,61.7041
2008-04-14,47.2028,51.752,35.746557,48.815148,30.52491,18.280759,13.723814,26.229143,18.433185,,8.998814,48.695912,23.39661,7.0443,13.365,38.745795,8.597938,17.610818,29.445959,33.560731,41.028287,24.714102,24.714102,,23.945455,,,29.29644,29.29644,12.815354,,24.714102,,30.806817,17.185,17.185,13.748234,24.7506,32.713,56.020906,33.711347,,47.3669,9.201404,43.67,25.1,35.979567,12.2565,18.336186,44.556954,22.21,17.450749,15.686011,43.8143,,62.0327
2008-04-15,46.9866,51.587,36.753654,48.753014,30.266874,18.235245,13.955353,26.480264,18.665949,,9.224498,48.63394,23.529618,7.2218,13.68,39.052067,8.525232,17.698593,29.323881,33.888411,41.65561,24.802378,24.802378,,23.921961,,,29.617307,29.617307,13.138467,,24.802378,,30.840064,17.025,17.025,13.856764,25.038,32.6557,56.234057,33.851811,,48.0029,9.142579,45.23,27.11,36.513,12.3175,18.217633,44.821012,22.5,17.59866,16.079949,44.7585,,62.2617
2008-04-16,47.4091,52.0044,37.619228,49.222451,30.529215,18.379311,13.932263,26.935443,19.050907,,9.206605,49.102143,23.940398,7.3257,13.85,39.085234,8.552108,17.848926,29.291302,34.785221,41.734059,25.043158,25.043158,,24.004323,,,29.863461,29.863461,13.400915,,25.043158,,31.13901,16.395,16.395,13.831248,25.4019,32.608,56.147168,34.736712,,48.8171,9.190265,45.02,27.53,37.209502,12.4222,18.395462,44.730251,22.65,17.612751,16.373162,44.8508,,62.3015
2008-04-17,47.4681,50.2185,37.902183,48.904919,30.838913,18.258002,13.8859,27.382809,18.961382,,9.124194,48.78546,23.924692,7.4772,13.625,39.027266,8.468322,17.848926,29.047145,34.474787,41.514492,25.107385,25.107385,,23.819886,,,29.796328,29.796328,13.024066,,25.107385,,31.122433,16.25,16.25,13.952451,25.3541,32.5602,55.878715,35.010579,,49.0037,9.373122,45.0,28.01,37.150221,12.4222,18.306547,45.274815,22.2,17.577568,16.886236,44.8153,,62.1124
2008-04-18,47.1144,50.7329,38.676269,49.284488,30.907705,18.235245,13.845425,27.63393,19.865584,,9.27465,49.164115,24.405925,7.5832,13.29,39.499075,8.543526,17.698593,28.916922,35.492321,41.294924,25.243855,25.243855,,23.596113,,,29.773951,29.773951,13.178843,,25.243855,,31.554182,16.105,16.105,14.105636,25.7372,32.5793,55.744489,35.087831,,49.6398,9.400157,45.25,28.54,37.498472,12.3175,18.0892,45.976229,22.7,17.824114,17.426877,45.518,,62.6301
2008-04-21,47.3305,50.6261,40.099444,49.001551,30.675499,18.341413,13.909082,27.422058,20.017776,,9.167164,48.881829,24.308098,7.3928,13.07,39.358339,8.491944,17.560674,29.104158,36.078697,40.745961,25.163595,25.163595,,23.690357,,,29.751573,29.751573,13.286515,,25.163595,,31.404709,16.545,16.545,14.143996,25.6127,32.6844,55.191836,35.5584,,49.2157,9.392188,45.1,28.9,37.164995,12.2216,18.138598,46.174198,23.06,17.612751,17.811658,45.3264,,62.2318
2008-04-22,46.5739,50.8591,39.350376,48.746153,30.159426,17.72725,13.660157,27.029659,19.605961,,8.998814,48.627022,24.081214,7.2023,13.005,38.903065,8.433902,17.335077,28.819278,39.63135,40.338205,24.818411,24.818411,,23.50979,,,28.736998,28.736998,12.97023,,24.818411,,31.122433,16.01,16.01,14.07374,25.3445,32.2164,54.560167,35.165082,,48.5796,9.414467,44.59,28.16,36.372232,12.0645,17.881733,45.852374,22.59,17.28866,17.197762,44.3041,,61.9829
2008-04-23,46.8884,51.4414,39.392011,48.925598,29.682009,17.575658,13.903286,27.163033,19.946156,,9.249574,48.806118,24.448914,7.2023,12.865,39.192803,8.483363,17.23479,28.672765,38.76041,40.745961,25.139545,25.139545,,23.678565,,,28.490753,28.490753,13.09809,,25.139545,,31.479492,16.235,16.235,14.233304,24.9901,33.0569,54.631218,36.520553,,50.437,9.497155,44.83,28.15,36.342592,11.9948,17.654506,46.207193,22.42,17.197113,16.648061,45.1418,,62.2717
2008-04-24,46.4659,52.7517,38.393223,47.5313,28.933729,17.477105,13.278122,27.186655,19.444816,,9.253165,47.415151,24.104638,7.027,12.68,38.961032,8.474734,17.560674,28.282096,38.493092,40.628377,25.083335,25.083335,,23.651111,,,28.557886,28.557886,13.178843,,25.083335,,31.388132,15.805,15.805,14.380109,24.3196,32.1686,53.691635,36.520553,,50.7169,9.57029,44.27,28.26,36.750123,12.2216,17.733542,45.30781,22.92,16.957568,16.565553,45.4258,,61.8136
2008-04-25,46.3283,52.2567,39.375393,47.268944,29.024047,17.370937,13.191375,27.202282,19.919299,,9.213725,47.153523,23.823006,6.9556,12.62,38.696193,8.502694,17.63584,28.273952,40.002147,40.283381,24.561599,24.561599,,23.289887,,,28.677264,28.677264,13.959658,,24.561599,,31.554182,16.835,16.835,13.850385,24.3196,31.8343,53.391594,36.02897,,51.1409,9.460567,44.22,28.48,36.698183,12.2739,17.960768,45.101518,22.89,16.393931,16.629747,45.7523,,62.1821
2008-04-28,47.7825,51.4026,39.466881,47.324218,29.746585,17.386078,13.023493,27.108157,19.990919,22.504575,9.288953,47.208577,23.959963,6.8712,12.51,38.795495,8.466153,17.698593,29.584327,39.786567,40.126483,24.377029,24.377029,,23.152527,,,28.393753,28.393753,14.410531,,24.377029,,31.620584,16.51,16.51,13.58867,24.3962,31.8534,53.817896,35.867405,,51.4717,9.401742,44.66,28.59,36.720483,12.3175,18.405342,44.54873,23.11,17.44366,16.712159,45.7665,,76.58
2008-04-29,48.5489,50.9464,37.935509,47.772879,29.544425,17.676568,13.081355,27.312215,20.161016,22.629321,9.206605,47.65622,23.967771,6.8907,12.395,38.886531,8.487653,18.187419,30.406296,38.691425,40.76165,24.698069,24.698069,,23.050451,,,28.386354,28.386354,14.127894,,24.698069,,31.379843,17.255,17.255,12.918521,24.0801,32.3023,53.849484,36.527615,,51.0137,9.198234,46.05,28.33,36.913099,12.6577,18.504136,44.631266,22.69,17.253477,16.354848,45.66,,76.5402
2008-04-30,48.3426,50.5388,36.670475,46.675335,29.252037,18.013025,13.023493,27.312215,20.805595,23.253324,9.27465,46.561376,23.627444,6.9686,12.34,38.927964,8.468322,18.187419,30.422586,39.993524,40.126483,25.388341,25.388341,,23.10932,,,28.490753,28.490753,14.107706,,25.388341,,31.379843,17.695,17.695,12.765336,24.6165,32.1972,54.110062,35.83933,,51.7685,8.562216,44.3,28.68,36.957513,12.6577,18.138598,45.250044,22.67,17.140749,16.309064,45.5677,,75.8332
2008-05-01,48.824,50.3932,35.946333,47.510523,29.875558,18.303515,13.110332,28.018516,21.065218,22.587769,9.371363,47.394494,23.979528,7.8343,12.575,39.581843,8.625143,18.701267,31.187635,39.639974,41.114581,25.645248,25.645248,,23.195733,,,26.580981,26.580981,14.336507,,25.645248,,31.554182,17.44,17.44,12.841886,24.5112,32.3692,54.086348,35.642714,,52.7354,8.528841,45.79,29.25,37.461398,13.0154,18.355945,44.779793,22.95,17.197113,16.327378,46.1144,,75.8432
2008-05-02,49.4037,49.9564,36.570587,47.924686,30.236828,17.974765,13.110332,27.885142,21.083123,21.4646,9.529001,47.807643,24.124203,8.371,12.31,39.283838,8.588649,18.375383,31.065556,40.148741,41.091047,25.717397,25.717397,,23.070074,,,24.94714,24.94714,14.040411,,25.717397,,30.889888,17.6,17.6,13.039724,24.4249,31.8916,54.560167,35.832267,,51.336,8.554248,45.95,29.57,37.357611,12.7886,18.296668,44.144369,22.64,16.99984,16.309064,45.7026,,75.664
2008-05-05,50.5141,51.3735,36.695401,47.65547,30.387327,17.798965,12.780364,27.735959,21.172648,21.963766,9.65079,47.539096,24.190707,8.1048,12.755,39.40804,8.681016,18.500791,31.10628,40.441929,40.910704,25.669298,25.669298,,22.916961,,,24.574118,24.574118,13.764405,,25.669298,,30.441469,17.445,17.445,13.21851,24.243,31.4905,54.14165,35.684827,,50.9968,8.644905,44.1,29.27,36.972379,12.8758,18.474497,43.863863,22.13,16.774386,16.446513,45.369,,75.4051
2008-05-06,51.1331,50.8785,37.219767,47.959184,30.585181,17.921272,12.786159,27.900769,21.03836,20.840596,9.571971,47.842039,24.167283,8.4857,12.76,39.449375,8.691767,17.372612,31.17949,41.019681,40.691136,25.653265,25.653265,,22.873845,,,24.193608,24.193608,13.764405,,25.653265,,30.491294,17.665,17.665,13.333335,24.128,31.9489,54.14165,36.436326,,50.9544,8.566972,43.7,29.9,36.994586,12.0907,18.622689,47.114899,22.11,16.915295,16.226556,45.1773,,75.2756
2008-05-07,50.1442,50.5097,36.395737,47.489844,30.185166,17.584906,12.676231,27.453494,20.733976,21.215017,9.414333,47.373836,23.823006,8.239,13.155,38.936231,8.717558,17.247302,30.935333,40.226349,40.33036,25.308081,25.308081,,22.387053,,,24.014586,24.014586,13.508686,,25.308081,,30.416604,17.8,17.8,13.29506,23.8215,31.691,53.699509,36.302837,,51.4547,8.636936,42.5,30.43,36.905665,12.0035,18.622689,45.043752,22.0,16.619386,16.189928,44.5171,,75.6739
2008-05-08,50.5497,50.8785,37.086553,48.007597,30.456118,17.676568,12.508349,27.735959,20.832453,21.131822,9.292544,47.890272,24.092971,8.2757,13.04,39.358339,8.771262,17.335077,30.552809,40.226349,40.298981,25.516795,25.516795,,22.096579,,,23.917586,23.917586,13.66475,,25.516795,,30.773663,15.07,15.07,13.614187,23.697,31.4427,53.328419,36.661017,,52.6166,8.670312,42.34,30.78,37.379911,12.0645,18.375703,46.28973,24.0,16.654657,16.327378,44.4532,,76.3709
2008-05-09,50.3618,50.5194,35.521855,47.600294,30.318535,17.454892,12.438896,27.783112,20.671308,20.998693,9.113421,47.484042,23.791684,7.9944,13.125,39.507342,8.678895,17.121992,30.105219,40.183233,39.891225,25.155578,25.155578,,22.041581,,,24.126475,24.126475,13.746097,,25.155578,,30.640767,14.3,14.3,13.36523,23.5246,31.118,53.304705,36.401188,,50.7169,8.570143,41.79,30.19,37.646581,11.9162,17.871853,46.207193,23.38,16.816659,15.896715,43.9918,,76.2216
2008-05-12,51.0342,51.0823,36.021295,48.503104,31.071119,17.561967,12.340467,28.081296,20.492258,21.273244,9.263877,48.384687,23.967771,8.2238,13.18,40.210922,8.820675,17.172135,30.276073,40.269465,40.267691,25.171611,25.171611,,22.139786,,,24.312985,24.312985,14.126113,,25.171611,,31.04765,15.12,15.12,13.77375,23.697,31.4905,53.178353,36.850658,,51.2342,8.67511,41.95,30.68,38.217088,11.9511,18.59305,47.081904,24.19,16.936476,16.29075,44.5739,,77.0679
2008-05-13,51.4693,51.0532,36.054621,48.683725,31.243143,17.447276,12.352058,28.049951,20.116253,21.547794,9.203013,48.564757,24.104638,8.1069,13.055,39.946083,8.790594,17.197158,30.308652,40.347074,40.34605,24.995059,24.995059,,22.179032,,,23.969831,23.969831,14.003993,,24.995059,,30.989537,14.8,14.8,13.990811,23.6204,31.6337,53.099429,36.843683,,50.9374,8.745074,41.55,30.0,38.143033,11.9686,20.766521,47.684234,24.4,16.774386,16.464827,44.297,,77.048
2008-05-14,50.8562,51.7617,35.954459,49.246266,31.453824,17.997703,12.485168,28.206856,20.545973,21.77241,9.364181,49.125918,24.206413,8.1091,13.15,40.227456,8.827135,17.347589,30.324942,40.416059,40.400964,25.452568,25.452568,,22.194694,,,24.141453,24.141453,14.288906,,25.452568,,31.014403,14.56,14.56,14.041844,23.7928,31.7674,52.980951,36.991122,,50.8187,8.74983,41.61,29.63,38.485988,12.0733,20.381224,47.164341,24.61,16.858931,16.638904,44.1409,,77.1575
2008-05-15,51.232,51.9656,36.213218,49.433747,31.393642,17.944211,12.42151,28.002798,21.029408,21.655956,9.439409,49.313005,24.284584,8.7021,13.385,40.144687,8.90234,17.422755,30.381862,40.234972,40.408809,25.629121,25.629121,,22.379221,,,24.484608,24.484608,14.119285,,25.629121,,30.815198,14.895,14.895,14.25882,23.5629,31.8152,53.746846,37.398479,,50.1656,8.76731,41.98,29.89,38.709638,12.1256,20.815918,47.659463,24.69,16.908294,17.051252,44.0699,,77.2272
2008-05-16,51.1529,52.1403,36.188201,49.5588,31.337766,18.165886,12.496758,28.214761,20.85931,22.04696,9.432289,49.437729,24.323715,8.6242,13.27,40.277156,8.975422,17.460387,30.495796,40.52816,40.37743,26.094741,26.094741,,22.402805,,,24.148852,24.148852,14.098898,,26.094741,,30.898177,14.725,14.725,14.329076,23.8311,31.8821,53.588996,37.489768,,50.2843,8.621041,42.09,29.93,38.538207,12.1518,20.667727,47.882203,24.39,16.866021,16.730569,43.9634,,77.3666
2008-05-19,49.986,52.3247,36.655684,49.662978,31.415168,18.242407,12.51994,26.448828,20.913025,21.689215,9.403621,49.541601,24.225978,8.5419,13.365,40.037118,8.93459,17.560674,30.642308,40.347074,40.212777,26.335521,26.335521,,22.579411,,,24.305586,24.305586,13.902161,,26.335521,,31.064227,14.35,14.35,14.399246,23.7545,31.8343,53.715258,37.66537,,49.784,8.676695,41.39,30.18,38.672378,12.2216,20.61833,47.147894,24.53,16.943477,16.78551,43.1612,,77.3766
2008-05-20,50.0849,52.4411,36.69741,49.329569,31.789262,18.066517,12.438896,26.040802,20.725023,21.25666,9.167164,49.209133,24.225978,8.6891,13.26,39.95435,8.844345,17.410244,30.292363,40.735116,40.118638,26.134824,26.134824,,22.410636,,,24.208586,24.208586,13.813985,,26.134824,,30.79024,14.23,14.23,14.322697,23.697,31.5382,53.265243,37.159663,,49.4532,8.635351,39.95,30.48,38.76929,12.1169,20.578812,46.44648,24.48,16.936476,16.583963,43.3387,,77.287
2008-05-21,52.0626,52.2956,36.480377,48.739293,31.698945,17.928888,12.294196,25.821026,20.366923,21.223309,9.120603,48.620201,24.057699,8.8233,13.33,39.383239,8.805634,16.984073,29.839127,40.536783,39.91476,25.966288,25.966288,,22.2379,,,24.223475,24.223475,13.685037,,25.966288,,30.258842,14.07,14.07,14.277957,23.4575,31.5191,53.115177,36.506515,,49.1903,8.676695,39.53,29.77,38.568033,11.8203,20.391103,46.619777,24.39,17.190023,16.464827,42.4158,,77.0181
2008-05-22,51.9934,52.5285,36.129765,48.892081,31.974202,18.188824,12.415715,26.213425,20.393781,21.398081,9.697351,48.772598,24.155526,8.8947,13.395,39.060334,8.463984,17.159526,30.216469,39.708959,39.805021,26.022498,26.022498,,22.873845,,,24.477118,24.477118,13.908989,,26.022498,,30.566077,14.475,14.475,14.533293,23.6204,31.3949,53.991675,36.717256,,49.5465,8.76731,39.53,30.6,39.104811,11.9424,20.746762,47.89875,25.12,17.373205,16.822138,43.8498,,77.1675
2008-05-23,55.9784,52.4703,36.037912,47.933605,31.776437,17.875396,12.242038,25.750341,19.892441,21.148498,9.94452,47.816607,23.897318,8.635,13.345,38.530657,8.272743,16.921418,29.953986,39.726205,39.648123,25.677315,25.677315,,23.015166,,,24.089209,24.089209,13.651093,,25.677315,,30.150812,14.4,14.4,14.220545,23.4671,31.6719,53.896911,36.380088,,49.3854,8.697346,39.42,30.22,38.471121,11.7767,21.043144,48.12149,24.92,17.13366,16.327378,37.8158,,76.9783
2008-05-27,56.1168,53.5088,35.019493,48.065616,32.408568,17.737767,12.334672,25.946586,19.668629,21.115147,10.413843,47.94825,24.409784,8.9293,13.845,38.778961,8.24483,17.172135,32.759844,39.795191,40.134327,25.910078,25.910078,,22.999414,,,24.693496,24.693496,13.780041,,25.910078,,30.507871,14.79,14.79,14.348213,23.6108,31.8343,54.489117,36.260724,,49.8773,8.799143,40.3,31.07,39.142071,11.9511,21.240732,48.030729,25.5,17.75366,16.501455,35.8352,,76.9385
2008-05-28,54.5149,53.7514,33.274832,48.072574,32.047299,17.745382,11.692213,25.821026,19.605961,20.973726,10.016219,47.955168,24.476288,8.8622,14.035,39.358339,8.214748,17.272422,31.86559,40.74374,39.836401,26.046548,26.046548,,22.547997,,,24.305586,24.305586,13.827543,,26.046548,,30.632478,15.56,15.56,14.252441,23.1414,30.7932,53.636333,35.930619,,49.8433,8.753,40.0,31.5,39.112245,12.0209,20.746762,47.409772,25.23,17.845295,16.703484,36.4315,,76.5302
2008-05-29,55.9191,54.295,32.974255,48.246138,32.335471,17.730151,11.576398,26.064333,19.561199,20.757402,10.198871,48.12832,24.695364,9.2669,14.365,40.765499,8.221207,17.25346,33.005945,40.74374,40.499071,26.343538,26.343538,,22.716772,,,24.521874,24.521874,13.908989,,26.343538,,31.172257,15.465,15.465,14.329076,23.2564,30.9842,54.346926,36.53459,,50.2589,8.776864,40.05,31.78,39.15703,12.0077,20.875194,47.923124,25.6,18.035478,17.153424,36.0623,,76.6696
2008-05-30,56.8189,53.6059,33.141253,48.253097,32.331166,18.028348,11.657441,26.276205,19.471674,20.948758,10.077082,48.135238,24.722738,9.3405,14.385,41.311809,8.120212,17.404965,32.152692,40.536783,40.877791,26.070598,26.070598,,22.477336,,,24.447342,24.447342,14.187173,,26.070598,,31.205412,15.62,15.62,14.207787,23.3426,30.9651,53.928499,36.984147,,50.8865,8.732349,39.78,31.29,39.358287,12.1132,21.062903,48.022505,26.13,18.05657,17.300319,35.2176,,76.7991
2008-06-02,57.1354,53.5379,32.974255,47.669779,31.817066,17.944211,11.460674,26.095678,18.853952,20.06688,9.994672,47.553322,24.585871,8.9726,14.44,41.138005,8.096542,17.228144,31.931211,40.303958,40.538566,25.789641,25.789641,,22.375261,,,24.417475,24.417475,13.793599,,25.789641,,31.2137,15.86,15.86,14.060982,23.4384,30.5831,53.336293,36.597804,,50.9289,8.730764,39.45,30.71,39.544678,11.9902,20.60845,47.79065,25.55,17.824114,16.942237,35.608,,76.6696
2008-06-03,56.3047,53.567,32.072707,47.343328,30.927167,17.844842,11.275406,26.056429,18.800237,20.13349,9.991143,47.227675,24.660183,8.7865,14.56,41.17934,8.115921,17.215535,31.463537,40.053886,40.136221,25.725508,25.725508,,22.139786,,,24.163831,24.163831,13.949663,,25.725508,,31.188835,15.845,15.845,14.029086,23.1989,30.2488,52.941489,36.288799,,50.3692,8.748245,38.4,30.22,40.074023,11.9814,20.163877,47.881707,26.02,18.007296,15.592322,35.4305,,76.7194
2008-06-04,56.1366,54.2367,31.813857,47.4822,31.138835,18.15827,11.33336,26.299736,18.791284,19.883907,10.227538,47.366236,24.922249,8.9575,14.46,41.435912,8.137374,17.367138,31.668636,40.467798,40.522786,25.597055,25.597055,,22.257523,,,24.663629,24.663629,14.092169,,25.597055,,31.188835,16.4,16.4,14.080119,22.7296,30.6521,52.97724,36.485502,,50.4116,8.73869,39.0,30.13,40.163501,12.0869,20.124359,48.295679,26.41,18.246842,15.711747,35.6293,,76.6696
2008-06-05,57.1057,54.2853,32.106034,47.871176,33.899297,18.349392,11.356449,26.213425,18.755474,21.264952,10.356509,47.754245,24.812756,9.321,14.6,41.692582,8.081501,17.442891,31.660399,41.476709,40.554346,25.733525,25.733525,,22.449882,,,25.156028,25.156028,14.295735,,25.733525,,31.662119,17.6,17.6,14.143996,23.1319,30.5369,53.469885,36.387151,,50.42,8.76414,39.25,28.28,40.118808,12.1396,20.480018,49.065758,26.94,18.570932,15.610732,36.3463,,76.8986
2008-06-06,56.6409,53.9164,31.054197,46.364076,33.372281,17.806581,11.281202,25.640499,18.513757,20.782369,9.940991,46.250832,24.108587,9.0808,14.46,41.138005,7.91822,16.760822,30.733381,39.614104,39.489241,25.059285,25.059285,,21.904221,,,24.39627,24.39627,14.098898,,25.059285,,31.354885,17.19,17.19,13.741855,22.6721,30.2104,52.063453,35.467111,,49.2836,8.770609,38.28,26.59,38.814076,11.6649,20.312068,48.080469,25.8,18.465206,14.857748,35.4234,,76.6895
2008-06-09,56.898,54.3144,31.346374,45.926587,33.246985,17.951826,11.119115,25.915151,18.155657,20.774078,9.905141,45.814395,24.417592,9.3016,14.56,41.460812,7.898888,16.659753,30.610285,39.84693,39.702226,25.187645,25.187645,,21.927804,,,24.456455,24.456455,14.153229,,25.187645,,31.512646,17.46,17.46,13.505656,22.787,30.0375,51.944251,34.757725,,49.8603,8.588137,39.63,26.5,39.0079,11.5946,20.519535,48.544082,26.02,18.599114,14.389398,34.6426,,76.8389
2008-06-10,56.5124,54.46,30.987453,46.218246,33.061238,18.089456,11.327565,26.174176,18.27204,20.740818,9.847807,46.105353,24.5506,9.1933,14.545,41.742184,7.941842,16.584,30.864622,40.105625,41.035591,25.075318,25.075318,,22.77177,,,24.817476,24.817476,14.858832,17.977994,25.075318,,31.554182,17.265,17.265,13.486519,23.1989,30.4601,53.700324,34.757725,,50.0808,8.549363,39.83,26.18,38.896028,11.5418,20.885074,47.79065,26.68,18.570932,14.031316,34.7916,,76.6895
2008-06-11,57.699,53.6253,31.121033,45.141774,32.966168,17.806581,11.170721,25.985835,17.73489,20.241652,9.764963,45.031556,24.362845,8.9553,14.15,41.237308,7.873097,16.217748,30.364184,39.777944,40.775266,24.706085,24.706085,,22.578151,,,24.576735,24.576735,15.014896,18.107039,24.706085,,31.172257,16.9,16.9,13.408864,22.7799,30.1432,53.628821,35.017642,,48.5881,8.481542,39.73,25.78,38.5606,11.2869,20.361465,46.879872,25.63,18.084752,13.627257,34.2166,,76.6796
2008-06-12,60.715,53.9493,27.982232,45.454307,32.910022,17.676568,11.211381,26.213425,17.958702,20.116815,10.038756,45.343269,24.202464,9.1219,14.02,41.005537,7.855887,16.331426,30.479043,35.595799,40.830451,24.722118,24.722118,,22.578151,,,24.832544,24.832544,14.994509,17.623688,24.722118,,31.055939,16.4,16.4,13.551246,22.6354,30.2296,53.99439,36.021908,,48.2574,8.507376,40.25,25.76,38.687338,11.366,20.144118,47.997635,25.3,18.768205,13.654824,34.7845,,76.8489
2008-06-13,60.4381,53.8707,27.222572,45.947364,33.519193,17.447276,11.228767,27.186655,18.146705,20.524495,10.117947,45.83515,24.531034,9.4163,13.745,41.907721,7.851597,16.470322,31.447155,34.931815,41.027746,24.882638,24.882638,,21.89846,,,25.073285,25.073285,15.035282,17.070058,24.882638,,31.545894,17.14,17.14,13.525389,21.6915,29.4902,53.668555,36.246686,,48.3422,8.479913,40.34,25.05,38.553074,11.4627,19.709424,47.79065,25.94,19.064026,13.737429,35.1324,,76.9683
2008-06-16,59.8547,53.0951,27.222572,45.968239,32.879797,17.279002,10.781512,26.904098,17.904987,19.72581,10.182835,45.856002,24.065597,9.5418,13.58,41.709116,7.817224,16.293501,29.428837,34.914569,40.625311,24.296675,24.296675,,21.408517,,,24.76487,24.76487,14.845274,16.598497,24.296675,,31.271813,18.86,18.86,13.331208,21.258,28.0786,52.47663,35.628676,,47.2227,8.2926,40.29,23.75,38.418902,11.3397,19.758821,46.374842,25.69,19.078205,13.535399,35.0472,,77.2173
2008-06-17,60.5172,52.9184,27.648328,45.273785,32.970562,17.164311,10.578213,26.495981,17.788605,19.517779,10.143208,45.163198,23.756502,9.466,13.53,41.659416,7.769933,16.293501,28.838159,35.440582,39.978421,24.336852,24.336852,,21.321564,,,24.591804,24.591804,14.648536,16.793197,24.336852,,31.097474,17.835,17.835,13.408864,21.1232,27.5792,52.341589,35.5584,,45.7979,8.287759,39.95,24.1,38.023729,11.3397,19.571112,45.397778,25.4,19.261919,13.682391,34.8271,,77.1077
2008-06-18,61.2094,52.5355,27.397878,44.864031,33.000788,16.827945,10.5956,26.299736,16.562113,19.792329,10.053121,44.754434,24.503661,9.2691,13.275,41.212507,7.681856,16.078754,28.280245,36.216668,40.333426,24.080039,24.080039,,21.005527,,,24.426317,24.426317,14.234675,16.833098,24.080039,,30.898177,17.97,17.97,13.402399,21.1039,27.512,51.697883,35.045717,,45.4247,8.195687,39.95,23.13,37.233474,11.1902,19.363644,45.977418,25.31,19.035755,12.562072,34.7419,,77.0679
2008-06-19,60.3689,52.8791,27.648328,45.662663,33.035318,16.866205,10.618873,26.558762,16.723258,19.875523,9.945077,45.55111,24.562357,9.2518,13.43,41.237308,7.671106,16.167213,28.222862,37.104761,40.546411,23.791066,23.791066,,21.084559,,,24.825055,24.825055,14.363524,16.734524,23.791066,,31.064227,17.77,17.77,13.492983,20.892,27.9633,52.357429,35.396835,,45.289,8.047105,40.34,23.31,33.9604,11.2518,19.472318,46.457577,25.35,19.099386,13.287489,34.6071,,77.0878
2008-06-20,59.9931,52.4079,27.272607,44.766811,32.776116,16.957958,10.659533,26.229143,16.785926,19.967102,9.934242,44.657481,24.652285,9.2972,13.24,41.191347,7.634564,15.977782,27.689568,36.99266,40.238746,23.445882,23.445882,,21.203106,,,24.403759,24.403759,14.071783,16.63604,23.445882,,30.823487,17.09,17.09,13.447734,20.4393,28.7123,51.713813,35.270496,,44.5342,7.979283,40.36,23.97,33.32671,11.1199,19.561233,45.654504,24.96,18.958034,13.663981,33.4641,,77.4762
2008-06-23,60.6359,52.5551,27.965523,44.377835,33.065543,16.988512,10.520076,26.252674,16.436779,19.634324,10.017085,44.269472,24.800999,9.2864,12.86,41.391723,7.58732,15.914541,27.43523,43.761756,40.120441,23.510109,23.510109,,21.045043,,,24.26832,24.26832,14.003993,16.462379,23.510109,,30.79024,16.995,16.995,13.525389,20.4393,28.1842,51.356208,35.565463,,44.7123,7.853322,40.44,23.58,32.655667,11.076,19.363644,46.383066,24.89,18.908583,13.195631,33.1092,,77.9242
2008-06-24,60.448,54.5285,27.681655,44.419486,32.892802,17.523707,10.200594,26.315454,16.463636,18.752446,10.096338,44.311079,24.409784,9.1479,12.775,41.374992,7.531447,15.876714,27.328608,43.372682,39.654886,23.461916,23.461916,,21.088429,,,24.012601,24.012601,13.739367,16.148065,23.461916,,30.831776,15.605,15.605,13.661307,19.871,27.8193,50.871528,35.937681,,44.1016,7.856578,39.62,23.36,32.059237,11.0496,19.393283,46.234044,24.48,19.163017,13.204884,32.6975,,77.9441
2008-06-25,61.0709,54.8132,27.823634,44.711243,33.022403,16.93502,10.322573,26.370421,18.012417,18.752446,10.308896,44.602037,23.936449,9.0678,12.51,41.834105,7.557238,16.116679,27.509088,42.862509,39.299881,23.696848,23.696848,,21.376922,,,23.771861,23.771861,13.780041,16.795555,23.696848,,30.756992,15.75,15.75,13.797141,20.0733,27.7905,52.063453,36.359075,,42.9821,7.851737,41.07,25.32,31.872846,11.2166,19.808218,46.234044,24.89,18.958034,13.774152,32.9033,,78.0636
2008-06-26,60.6655,53.5467,27.139028,43.586161,32.832261,15.994553,10.142457,25.648312,17.860225,18.444544,10.510618,43.479715,23.80739,8.4445,12.17,40.623779,7.462655,15.712501,26.983938,41.850786,38.282025,23.356663,23.356663,,21.0292,,,23.500982,23.500982,13.278004,16.166837,23.356663,,30.325243,14.75,14.75,13.570639,19.7169,27.464,51.467445,35.537038,,42.3376,7.698313,39.65,24.65,31.365894,10.9353,19.541474,44.925842,24.52,18.661327,13.480361,32.5981,,77.6753
2008-06-27,61.5654,53.2522,27.481331,43.315279,32.815041,15.038855,9.944954,25.255913,17.59165,17.970345,10.337687,43.209512,23.420124,8.5506,11.915,40.248222,7.363828,15.384076,26.647598,41.980509,37.840185,23.000162,23.000162,,20.483899,,,23.312938,23.312938,13.311849,15.948649,23.000162,,29.793753,14.575,14.575,13.169433,19.2449,26.8398,50.800025,35.310255,,41.71,7.525524,40.0,19.85,30.851416,10.7068,19.422921,44.809914,24.06,18.534066,13.443638,31.945,,77.4164
2008-06-30,61.4269,53.6155,28.174247,43.343112,32.646514,14.740658,10.049547,26.260487,17.564793,17.454596,10.208035,43.237185,23.772209,8.1307,11.74,39.939391,7.436911,15.472536,26.893698,42.464719,37.887525,23.048733,23.048733,,20.539257,,,22.778851,22.778851,12.735194,16.225419,23.048733,,29.611125,14.41,14.41,13.305352,19.0523,26.811,50.529853,34.998547,,41.9305,7.536792,40.68,19.88,30.299678,10.7683,19.620509,44.983806,24.26,17.75685,13.719115,32.1012,,77.4463
2008-07-01,61.2489,54.4303,27.798525,37.592745,31.449878,15.168868,9.881113,26.731385,17.242503,17.138402,10.085565,37.500848,23.838712,8.2411,11.785,39.555468,7.374578,15.472536,26.795314,41.159058,37.903305,23.008273,23.008273,,20.15202,,,22.936848,22.936848,12.511242,15.953274,23.008273,,29.602837,14.05,14.05,13.020587,19.0716,26.5133,51.173469,35.707148,,41.7778,7.426983,40.64,17.45,30.418983,10.7683,20.499777,45.729015,24.2,17.551956,13.186474,31.9876,,77.3666
2008-07-02,60.9918,53.7333,26.846851,37.655174,29.674295,14.863055,9.944954,26.715576,17.144026,17.754022,9.739764,37.56321,23.693948,8.0875,11.545,39.355092,7.325165,15.308323,26.811696,39.732298,38.234685,23.267538,23.267538,,20.298202,,,22.726155,22.726155,12.205943,16.011947,23.267538,,29.661322,13.565,13.565,12.891133,18.8211,27.1759,52.254157,35.855896,,41.8541,7.617552,40.66,17.0,31.336068,10.654,20.855435,45.025223,24.0,17.453054,13.140593,31.4055,,77.4065
2008-07-03,60.982,53.1344,26.020447,38.09276,30.011259,14.855349,9.886908,27.394983,16.705353,17.421244,9.739764,37.999647,23.764311,7.9857,11.485,39.622194,7.462655,15.346248,26.967556,38.703328,38.502945,23.340441,23.340441,,20.341678,,,22.568248,22.568248,12.328062,15.779703,23.340441,,29.652941,12.625,12.625,13.020587,18.8982,27.4256,53.056708,36.472423,,41.7863,7.641759,40.59,16.88,31.313675,10.6804,20.983868,44.768497,23.68,17.120898,13.177317,32.3425,,77.4463
2008-07-07,61.0512,52.7809,26.638218,38.127453,29.739141,15.008301,9.944954,27.529266,16.356206,17.737438,9.873007,38.034336,23.975579,8.0875,11.585,39.847568,7.544319,15.308323,27.402373,39.524779,38.818545,23.251316,23.251316,,20.266607,,,22.823967,22.823967,12.395951,16.009589,23.251316,,29.836779,14.265,14.265,13.279495,18.85,27.5216,52.937506,36.741669,,41.1163,7.693472,40.28,17.68,31.746108,10.654,20.628209,44.768497,24.05,16.725201,13.103869,32.2999,,77.4463
2008-07-08,61.0709,53.4878,26.73838,39.009487,29.950808,15.566434,9.898499,27.710974,16.553161,17.887151,10.474583,38.914226,24.290777,8.1416,11.87,40.365042,7.645315,15.775645,27.697712,40.104125,39.583921,23.486248,23.486248,,20.337717,,,23.486004,23.486004,12.94549,16.119862,23.486248,,30.388199,14.475,14.475,13.622437,18.9656,26.7726,52.30973,38.102197,,41.9983,8.09072,41.62,18.93,32.469277,10.9793,20.904832,44.304885,25.19,16.781741,13.801719,34.1598,,77.6653
2008-07-09,60.6161,53.802,26.295915,38.23859,30.019959,15.971615,9.648746,27.663548,16.069726,18.011989,10.579035,38.145224,24.688633,7.9901,11.75,41.174715,7.709769,16.331426,27.574708,40.856403,39.852181,23.494359,23.494359,,20.108543,,,23.425819,23.425819,12.57913,15.814889,23.494359,,30.496788,12.28,12.28,13.564174,19.1005,26.715,51.928321,38.265244,,42.1001,7.913089,41.25,19.14,32.223234,11.366,21.191335,44.139316,24.99,16.937185,13.719115,33.7481,,77.4762
2008-07-10,60.5271,54.0474,26.087191,37.891363,29.765061,16.109244,9.654541,27.679357,16.096584,18.178377,10.629435,37.798822,25.003741,7.9187,11.915,41.441817,7.59807,16.10407,27.61571,40.398157,40.120441,23.453805,23.453805,,19.772703,,,23.500982,23.500982,12.843756,16.544539,23.453805,,30.29628,12.74,12.74,13.738963,18.9078,26.1196,52.119026,37.868438,,42.4478,8.161798,42.3,19.4,32.446977,11.2078,20.934471,43.965424,25.02,16.958365,14.058883,33.2321,,77.745
2008-07-11,65.7581,53.1933,25.285805,37.557954,29.890357,16.025198,9.503494,27.529266,16.105536,18.003605,10.5682,37.466257,24.873785,7.9836,11.825,40.974339,7.58732,15.712501,27.492613,38.392051,40.136221,23.437677,23.437677,,19.863527,,,23.395681,23.395681,12.76231,16.539823,23.437677,,30.521933,12.255,12.255,13.758355,18.7441,25.457,51.380103,37.818826,,42.5835,8.210211,42.25,18.47,32.432018,10.9353,20.559053,44.917618,25.9,17.347062,13.489518,34.2139,,77.8
2008-07-14,66.1239,53.046,24.876757,37.342738,30.287771,16.132182,9.538358,27.568787,16.517351,18.128442,10.478174,37.251497,24.913185,7.5529,11.83,40.840787,7.572279,15.864104,27.86181,38.928187,39.883741,23.71307,23.71307,,20.136177,,,23.373123,23.373123,12.809812,16.640756,23.71307,,30.839412,12.195,12.195,13.570639,18.6285,25.5626,51.578682,37.953449,,43.8133,8.145646,41.32,19.3,32.655667,11.0408,20.588691,45.886261,26.53,17.290521,13.682391,32.8881,,77.67
2008-07-15,65.8569,52.7711,23.683032,37.557954,30.331002,16.139889,9.613882,27.805735,16.526303,17.471179,10.32326,37.466257,25.224434,7.2629,11.97,40.915978,7.595901,15.826179,27.43523,39.152952,40.167691,23.834638,23.834638,,20.464186,,,23.343075,23.343075,13.06088,16.349839,23.834638,,31.708312,11.8,11.8,13.389471,18.8597,25.4186,52.103186,37.769215,,43.9151,8.124652,40.99,20.57,33.647272,11.0144,20.973988,47.177916,26.52,17.940564,14.132331,32.8021,,77.8
2008-07-16,66.203,52.5257,24.083771,38.321893,30.564284,16.254489,9.782315,28.0743,17.072406,17.496147,10.741132,38.228341,25.16134,7.5421,12.2,40.957706,7.733061,16.318719,27.911049,40.28568,41.335411,24.215378,24.215378,,20.681479,,,24.170508,24.170508,13.400124,15.960347,24.215378,,32.042554,11.875,11.875,13.486519,19.216,26.1004,52.516364,37.499882,,44.7801,8.187633,41.77,20.75,34.788007,11.3572,21.349406,47.939671,27.22,18.371621,14.811867,33.3324,,77.98
2008-07-17,66.3019,52.7122,23.908465,39.919255,30.745726,15.925738,9.77652,28.12963,17.493173,16.972013,10.64027,39.821692,25.236191,7.7001,12.0,41.0078,7.713635,16.634535,28.575584,40.38944,41.059306,24.231599,24.231599,,19.891251,,,24.877661,24.877661,13.400124,16.199665,24.231599,,32.627408,12.225,12.225,13.363614,19.1294,26.4941,52.071417,36.111017,,45.1109,8.234461,42.31,20.63,35.354611,11.577,21.61615,47.832067,27.38,18.760229,14.802614,33.5904,,78.23
2008-07-18,66.3613,53.0853,24.976919,39.585846,30.581504,15.872246,9.68361,27.916305,17.797558,16.805625,10.449383,39.489224,25.00769,8.0117,12.14,40.899247,7.739521,16.697679,28.715063,39.689088,40.712146,23.988556,23.988556,,19.768743,,,24.328505,24.328505,13.400124,16.07062,23.988556,,32.435282,12.09,12.09,13.23416,19.2449,27.0127,51.97602,35.940994,,45.0346,8.245772,41.58,21.32,34.98183,11.621,21.546994,47.434642,26.99,18.873311,15.023053,33.2106,,78.4
2008-07-21,66.6184,51.3279,24.651416,39.224801,30.348222,15.9028,9.561631,27.734596,17.761748,17.105143,10.506965,39.128986,24.976188,8.0485,12.275,40.673873,7.6985,16.255575,28.239244,40.008989,40.538566,23.437677,23.437677,,19.598797,,,24.223204,24.223204,13.420411,15.880545,23.437677,,32.360033,12.295,12.295,13.117635,19.1968,26.4461,51.213203,35.770885,,45.5689,8.2926,41.81,21.12,35.086268,11.3133,21.260491,46.407936,27.49,18.724869,14.912882,33.4328,,78.21
2008-07-22,66.4997,51.5341,25.018737,40.41927,31.164755,16.017491,9.921772,27.884687,18.27204,17.271531,10.694261,40.320588,25.571043,8.1459,12.675,41.141351,7.810812,16.634535,28.674061,40.380816,41.264446,23.688831,23.688831,,20.29028,,,24.704685,24.704685,13.671479,16.270036,23.688831,,32.802864,12.64,12.64,13.331208,23.5697,27.2719,52.595832,36.883442,,47.2905,8.284503,42.88,21.32,35.734825,11.577,22.159518,46.838455,28.02,19.198288,14.977076,34.4361,,78.78
2008-07-23,66.6085,52.4275,25.110499,41.856886,31.281351,16.54507,10.084411,28.769425,19.391101,16.813917,10.658288,41.754624,25.673447,8.332,12.905,41.491911,7.96636,17.114466,30.232851,40.000366,42.250652,24.142474,24.142474,,20.744668,,,25.231282,25.231282,14.037838,16.331067,24.142474,,32.836298,13.175,13.175,13.725949,22.6065,27.2239,53.81156,36.472423,,48.215,8.431457,46.24,22.56,36.122565,11.911,22.702885,47.070311,28.24,19.629346,15.316844,34.7013,,78.93
2008-07-24,66.6975,50.1203,24.951901,40.481796,30.996228,16.728576,9.898499,28.50086,19.122527,17.013657,10.604235,40.382951,25.409585,7.9728,12.63,41.391723,7.901529,16.925035,29.724175,39.559366,41.690507,23.802195,23.802195,,20.49182,,,24.982962,24.982962,13.895431,15.716405,23.802195,,33.028517,12.065,12.065,13.467126,22.8281,26.7822,53.557318,37.173962,,46.1625,8.234461,45.27,21.39,35.891482,11.7792,21.665547,46.830231,28.04,19.756519,14.811867,34.4791,,78.76
2008-07-25,66.826,49.5803,24.759886,40.822065,30.66366,16.529748,9.81718,28.382386,19.167289,16.880527,10.506965,40.722337,25.204689,8.4662,12.65,40.991069,7.808643,16.811357,29.806271,40.34623,41.240731,23.802195,23.802195,,20.570852,,,24.825055,24.825055,12.8777,15.484071,23.802195,,32.853061,12.145,12.145,13.635366,22.4717,26.7822,53.414312,37.592043,,44.7208,8.239302,45.32,20.93,35.004223,11.7001,21.705065,46.432806,28.08,20.491373,14.903629,36.0701,,78.99
2008-07-28,66.8161,49.1189,24.016936,39.023305,30.408762,16.575624,9.72427,28.090109,18.916619,16.788949,10.499783,38.928063,25.181085,8.5225,13.15,41.191347,7.780589,16.584,29.551933,40.268434,41.698352,24.976951,24.976951,,20.211249,,,24.689616,24.689616,12.009205,16.124578,24.976951,,32.894783,11.98,11.98,13.525389,22.5487,26.4365,53.009009,37.28731,,43.8048,8.190846,44.21,20.82,35.541001,11.5418,21.141938,46.010512,27.98,19.487994,13.856854,37.1881,,79.1
2008-07-29,67.093,49.9043,24.108789,39.592805,30.503743,16.805006,9.799794,28.793138,19.167289,16.847268,10.766331,39.496142,25.417393,8.609,13.28,41.82574,7.845373,16.849282,30.159085,39.991743,42.171752,25.487369,25.487369,,20.377233,,,24.825055,24.825055,12.382393,16.427193,25.487369,,33.362666,12.28,12.28,13.829547,23.3001,26.5421,53.223608,37.797552,,44.8649,8.334587,44.65,21.27,36.234437,11.7264,21.28025,45.936001,27.76,19.480993,13.994592,37.0448,,79.22
2008-07-30,67.0139,50.5228,24.192242,40.141527,30.620429,16.781887,9.747451,29.117033,19.113574,17.196629,10.769923,40.043467,25.515938,8.3363,13.225,42.710504,7.897238,17.430282,30.32309,41.072545,42.724052,25.932901,25.932901,,20.274528,,,24.825055,24.825055,12.40268,16.12222,25.932901,,34.214896,12.175,12.175,14.04312,23.4445,26.7246,53.167945,37.818826,,45.5943,8.891729,45.44,21.44,35.399397,12.1308,20.7764,45.588217,27.5,18.845041,14.462846,37.0878,,79.01
2008-07-31,67.004,51.6519,23.900065,39.80116,31.086994,16.720144,9.834658,28.737808,19.068812,17.196629,10.831157,39.703983,25.366237,7.8667,13.07,42.051114,7.812981,17.25346,30.16723,40.216508,41.864087,25.778983,25.778983,,20.349599,,,24.456455,24.456455,12.484126,15.744518,25.778983,,33.504689,11.43,11.43,13.169433,22.7992,26.7438,52.889808,36.599984,,45.7639,9.016061,45.29,21.48,36.338782,12.0077,21.260491,44.685762,27.1,18.477613,13.682391,36.9946,,78.96
2008-08-01,67.0139,50.8959,23.507726,39.80116,30.801871,16.457941,9.869522,28.319152,18.755474,17.404661,10.877966,39.703983,25.350441,7.3581,13.175,42.109573,7.823778,17.53135,29.904748,39.887983,41.390686,25.957234,25.957234,,20.997606,,,24.51655,24.51655,12.226329,15.821962,25.957234,,33.279129,11.36,11.36,13.525389,23.1748,27.3488,52.945471,36.904716,,45.7554,8.903039,45.82,21.29,36.383475,12.2011,21.092541,45.050093,27.1,18.81677,13.654824,37.8045,,78.92
2008-08-04,67.2908,49.5705,22.873246,40.495713,31.009233,16.643079,9.962432,28.753617,19.319482,17.238272,10.939201,40.396787,25.878343,7.2391,13.165,42.576953,7.899407,17.480816,30.25747,38.962773,42.550472,26.005805,26.005805,,21.29789,,,24.779849,24.779849,12.470568,15.852432,26.005805,,33.905798,10.7,10.7,13.635366,23.223,27.512,53.771826,38.066798,,47.1463,8.906253,43.7,22.28,36.517739,12.166,20.94435,45.06664,26.96,19.502173,13.764996,37.8475,,79.0
2008-08-05,67.4787,50.6897,21.596068,42.009674,31.808456,16.666198,10.11348,28.951134,20.89512,17.471179,11.245376,41.907021,26.075342,7.0833,13.32,42.702139,8.160761,17.998672,30.84824,38.089396,42.889787,26.200277,26.200277,,21.69701,,,25.569745,25.569745,12.5248,16.406154,26.200277,,34.448837,11.0,11.0,13.829547,23.2904,27.6368,54.447302,39.115531,,47.9945,9.083883,43.83,24.83,37.516777,12.5264,21.388924,39.891795,27.0,20.095675,14.839338,38.9726,,79.1
2008-08-06,67.6665,51.2395,22.839919,41.822193,32.17995,16.920695,10.142457,29.03799,19.713391,17.529406,11.256211,41.720032,26.272251,7.3408,12.605,43.294803,8.221255,18.339706,33.005945,38.928187,43.221167,26.151612,26.151612,,21.874786,,,26.043736,26.043736,12.931932,16.082319,26.151612,,35.067218,10.915,10.915,13.745427,22.9726,27.8193,54.463231,39.349377,,49.0037,8.911094,41.13,25.4,37.718034,12.7637,21.734703,41.547682,28.76,20.35711,15.068934,39.1948,,79.2
2008-08-07,67.766,51.1315,21.729647,40.363702,31.380727,16.473354,9.782315,28.564095,19.802916,17.529406,11.205749,40.265145,25.886241,7.1504,12.345,41.984289,8.121862,17.657638,33.211043,38.530396,42.258587,25.88433,25.88433,,21.341367,,,26.307035,26.307035,12.952516,15.791402,25.88433,,34.072873,10.825,10.825,13.518925,22.568,27.0511,53.99439,38.718725,,47.8927,8.861052,41.52,25.33,37.33782,12.289,21.497597,41.150257,29.24,19.678797,14.53639,38.2631,,79.07
2008-08-08,67.7162,51.9955,22.113586,42.127768,32.283631,16.951521,10.229663,29.535689,21.736655,18.261572,11.382272,42.024827,26.4259,7.633,12.63,42.810692,7.6985,18.819637,33.293139,38.867637,43.954892,26.572906,26.572906,,21.894589,,,26.976561,26.976561,13.274045,16.049491,26.572906,,34.716213,11.615,11.615,13.55771,23.4156,28.5683,55.106847,39.12268,,49.6313,9.053207,42.79,25.28,37.91195,13.0978,22.28795,41.324149,29.49,19.593986,14.977076,39.2808,,79.2
2008-08-11,67.6069,52.9086,21.988407,42.806248,33.307526,16.928401,10.409688,29.978058,22.14847,18.286539,11.540777,42.701748,26.571653,8.2693,13.595,42.960876,7.517066,18.819637,33.91658,38.305631,43.954892,26.581016,26.581016,,21.870826,,,27.661065,27.661065,13.73244,16.469452,26.581016,,34.649439,12.98,12.98,13.745427,23.3289,29.01,55.043219,39.505274,,51.1918,9.2131,45.08,25.75,38.590333,13.0978,22.307709,40.670098,29.36,20.441922,15.509717,39.3955,,79.29
2008-08-12,67.5273,52.9184,22.464198,42.260661,33.121689,16.936108,10.345847,29.867489,22.18428,18.020281,11.565977,42.157444,26.418092,8.4857,13.26,42.827325,7.54512,18.579672,33.51462,39.230841,43.749752,26.467653,26.467653,,21.649573,,,27.789015,27.789015,14.115623,16.258338,26.467653,,34.808131,13.615,13.615,14.049584,23.1363,29.4422,55.321356,39.647047,,50.6999,9.300288,46.19,25.7,38.433769,12.9307,22.011326,41.332472,28.79,20.201667,15.675023,39.8685,,79.25
2008-08-13,67.6069,52.8987,22.439181,42.099739,32.935942,17.105832,10.270323,29.85168,21.709797,18.960386,11.515515,41.996862,26.429849,8.0052,13.345,43.152887,7.527863,18.251246,33.457144,40.80457,43.189607,26.621571,26.621571,,21.815557,,,27.72125,27.72125,14.081481,16.394365,26.621571,,34.57419,13.495,13.495,13.945987,23.0689,29.0869,55.416753,39.356527,,49.8009,9.243777,46.85,24.86,37.886119,12.7022,21.873015,41.216544,28.47,20.251118,15.05062,37.955,,79.25
2008-08-14,67.6268,52.722,22.222148,42.218618,33.238375,17.136659,10.351642,29.930632,21.853037,19.343098,10.071138,42.115544,26.469249,7.9814,13.29,43.194615,7.521357,18.124959,33.793576,39.680465,43.086992,26.48378,26.48378,,21.740486,,,28.059802,28.059802,14.163521,16.415495,26.48378,,34.240041,14.995,14.995,13.848939,23.1748,29.3941,55.575688,39.306915,,49.8603,9.2131,46.3,25.05,40.766994,12.6143,21.606271,40.976465,28.86,20.251118,15.472993,38.0983,,79.29
2008-08-15,67.7958,52.9282,21.871536,42.568491,33.510493,17.414274,10.334164,29.993867,22.229042,19.817297,9.775799,42.46448,26.670197,8.2087,13.335,43.43672,7.558087,17.910212,34.146391,38.106736,43.789247,26.702585,26.702585,,21.756239,,,28.127477,28.127477,14.095138,17.004402,26.702585,,34.699542,14.315,14.315,13.978393,23.1267,29.5382,55.782232,39.377714,,50.878,9.235679,47.08,25.0,41.779783,12.4648,21.793979,41.08407,28.5,20.293568,15.381135,38.5426,,79.25
2008-08-18,67.4279,52.6828,21.262165,41.812882,33.23407,17.152072,10.247049,29.820063,22.139517,19.867232,9.599276,41.710776,26.142294,8.3212,13.085,43.453352,7.571053,17.771316,30.93848,38.184532,43.150112,26.467653,26.467653,,21.467836,,,28.067292,28.067292,13.951444,17.0161,26.467653,,34.407115,14.275,14.275,13.810154,23.1459,29.0196,55.472326,38.980908,,50.4285,9.159803,46.84,24.39,42.282461,12.3681,21.211094,40.628681,28.3,20.102765,15.151635,37.8761,,79.22
2008-08-19,67.3782,52.6926,21.262165,40.847546,33.005093,17.113539,10.130866,29.385598,21.960467,19.942134,9.498415,40.747769,25.937398,8.1913,12.895,43.211346,7.562424,17.442891,31.004101,39.178915,42.518912,26.459542,26.459542,,21.467836,,,27.758877,27.758877,13.978857,16.912901,26.459542,,34.031151,14.03,14.03,13.577103,22.934,28.6451,55.702764,38.626651,,50.2419,8.996696,45.91,23.77,41.817321,12.1396,20.687485,40.040817,28.85,20.222848,14.729166,37.0233,,79.2
2008-08-20,67.3583,52.6435,21.86624,40.294903,33.074243,17.167485,10.026365,29.591019,22.408092,19.958718,9.365172,40.196449,26.327446,8.0593,12.98,43.161252,7.590479,17.556569,31.086103,39.403774,42.937127,26.572906,26.572906,,21.475667,,,27.307534,27.307534,13.992514,16.842439,26.572906,,33.889035,15.105,15.105,13.583652,23.0785,28.8468,55.504095,38.69745,,50.9798,8.94177,44.7,24.2,41.787309,12.2187,20.835677,39.883472,29.03,19.968503,14.995486,37.2741,,79.27
2008-08-21,67.3683,52.7024,22.277388,39.966101,32.927332,16.936108,9.840453,29.353981,21.978372,19.983685,9.415571,39.868463,26.421952,7.6308,12.595,43.394991,7.65531,17.190316,30.84426,39.248088,42.747767,26.467653,26.467653,,21.143787,,,27.22479,27.22479,13.794094,16.833098,26.467653,,33.797209,14.66,14.66,13.531853,23.0592,28.309,55.138616,38.846285,,50.4709,8.922405,44.21,23.96,41.00709,11.9638,20.973988,40.231256,28.43,20.102765,14.958763,36.8226,,79.26
2008-08-22,67.3981,52.9969,21.99215,40.889491,33.113079,17.04409,10.020478,29.68578,22.390187,20.216685,9.36158,40.789571,26.571653,7.4858,12.73,43.478448,7.681243,17.303994,30.960045,39.300014,42.913412,26.394655,26.394655,,21.483588,,,27.051724,27.051724,14.095138,16.931673,26.394655,,33.93085,14.765,14.765,13.538318,22.7318,28.6451,55.543829,39.349377,,50.8526,8.867479,43.86,24.15,40.849503,12.0429,21.250612,39.991176,28.86,20.434832,14.701599,36.9086,,79.25
2008-08-25,67.2589,52.3784,21.320874,40.553731,32.810646,16.820419,9.997296,29.472455,22.372282,20.108523,9.195893,40.454667,26.402297,7.4361,12.42,42.777329,7.689872,16.937644,30.265429,38.478563,42.534692,26.103041,26.103041,,21.167461,,,26.585312,26.585312,13.766681,16.891771,26.103041,,33.437915,14.19,14.19,13.460662,22.934,28.7316,54.868444,38.881685,,50.5388,8.736677,43.99,23.53,40.759467,11.788,20.647968,39.842055,28.39,20.33593,14.885315,36.4715,,79.27
2008-08-26,67.3583,52.5649,21.178255,40.329792,32.7545,16.542804,9.770725,29.014368,22.363329,20.091847,8.871701,40.231333,26.315599,7.5832,12.495,42.426671,7.756825,17.063931,29.959447,38.841674,42.124412,25.981472,25.981472,,21.147748,,,26.698193,26.698193,13.527192,16.870642,25.981472,,33.354378,14.125,14.125,13.447734,22.8473,28.1746,54.590307,38.718725,,50.6575,8.651117,43.77,21.91,40.871989,11.8759,20.163877,39.44463,28.07,20.074495,14.003749,36.1991,,79.29
2008-08-27,67.4776,52.7809,21.564202,41.029441,33.272905,16.581336,9.881113,29.346077,22.524474,20.715851,9.181467,40.929203,26.5047,7.7455,12.86,43.169617,7.73523,17.177609,30.182686,39.386434,42.858227,25.989583,25.989583,,21.254414,,,26.780936,26.780936,13.561433,17.027798,25.989583,,33.91418,13.84,13.84,13.344137,22.9726,28.3186,54.987646,38.336043,,51.1409,8.588137,45.23,21.56,40.954592,11.955,20.7764,40.309433,27.29,20.477282,14.13262,36.4285,,79.38
2008-08-28,67.6069,53.4682,21.757222,41.924802,32.041738,16.658492,10.020478,29.519881,22.963146,20.640948,9.38678,41.822443,26.575601,7.9879,13.2,43.077795,7.802183,17.468109,30.224058,39.455606,43.556876,25.989583,25.989583,,20.989685,,,26.968981,26.968981,13.917203,17.47696,25.989583,,34.248329,13.735,13.735,13.615973,23.117,28.9236,54.979681,38.20857,,52.6166,8.665642,45.16,20.73,41.022049,12.1572,21.319768,40.80832,27.71,20.512553,13.801238,37.5035,,79.43
2008-08-29,67.4677,52.614,21.362783,41.148319,31.108609,16.403996,9.915977,29.077512,22.533427,20.557754,9.523615,41.047789,26.071393,7.897,12.995,42.00102,7.702838,17.181812,29.843662,38.729292,43.223422,25.527829,25.527829,,20.574813,,,26.164106,26.164106,14.019827,17.165639,25.527829,,33.797209,13.74,13.74,13.609509,22.568,28.4051,54.415533,38.052673,,52.0739,8.555833,44.97,20.11,40.684484,11.9579,20.855435,39.619315,27.76,20.123946,13.368455,37.2096,,79.48
2008-09-01,,,,,,,,,,,,,,,,,,,,,,,,,,,,,,,,,,,,,,,,,,,,,,,,,,,,,,,,
2008-09-02,67.6367,53.2816,20.901326,41.505151,31.18637,16.55051,10.270323,29.551498,21.835132,21.031952,9.570485,41.40374,26.559895,8.2693,13.275,43.444987,7.800014,17.372709,30.397689,37.103636,43.969771,25.681747,25.681747,,20.531336,,,26.231781,26.231781,14.471492,17.455559,25.681747,,33.91418,13.37,13.37,13.816618,23.0207,30.0567,55.19428,38.839222,,52.5318,8.581668,44.74,19.56,40.54195,12.0907,21.062903,40.101555,27.84,20.088585,13.718344,37.9765,,79.5
2008-09-03,67.8554,53.0558,20.590888,41.868842,31.134529,15.13913,10.037956,28.864277,22.166375,21.048628,9.693636,41.766609,26.284097,7.6763,13.335,43.069429,7.659601,17.079961,30.455627,36.472457,43.247227,25.616955,25.616955,,20.412789,,,26.284477,26.284477,14.635671,16.949447,25.616955,,33.838931,13.215,13.215,13.758355,22.6836,30.3754,55.318188,38.314856,,52.0908,8.628496,43.46,19.99,40.639419,11.887,21.191335,39.719092,28.63,20.456101,13.976086,37.8475,,79.45
2008-09-04,67.6069,53.0166,19.273536,40.30882,30.387954,14.977203,9.753339,28.619334,21.68294,20.923791,9.867496,40.210383,26.366846,7.3105,13.145,42.985972,7.644513,16.990915,30.116603,35.434865,43.09637,25.70608,25.70608,,20.432502,,,25.720252,25.720252,14.341456,16.55261,25.70608,,33.462967,12.525,12.525,13.370079,22.2502,29.1491,54.678554,37.818826,,51.6668,8.500907,42.81,19.62,40.234304,11.825,20.717124,39.20356,28.56,19.714157,12.779234,36.5575,,79.45
2008-09-05,67.7858,66.3198,19.642683,40.658595,31.017305,15.16234,9.846249,28.935325,22.336472,20.932174,9.954426,40.559318,26.725302,7.4252,13.34,43.111158,7.767622,17.156301,31.191614,36.221729,43.675992,26.475669,26.475669,,20.519455,,,25.833043,25.833043,14.300386,17.605279,26.475669,,33.462967,12.79,12.79,13.55771,21.9034,29.4581,55.102322,38.265244,,52.8287,8.447609,43.5,20.76,40.699443,11.9402,21.161697,40.159718,29.06,19.692977,13.10146,36.665,,79.5
2008-09-08,67.6765,67.6452,19.651083,42.813304,31.564232,15.293442,10.12507,29.717398,22.058945,21.306503,9.983403,42.708764,26.96565,7.5681,13.36,43.795547,7.877765,17.5509,32.19212,34.941938,44.636679,26.880741,26.880741,,21.09239,,,26.538391,26.538391,14.868332,17.98543,26.880741,,34.114688,11.95,11.95,13.570639,22.4235,30.3754,56.237587,38.959633,,52.905,8.465689,44.29,21.93,40.797006,12.2148,22.090362,40.367595,29.35,20.166396,12.650363,36.751,,79.59
2008-09-09,67.6268,67.4488,18.568751,43.128092,31.460012,15.254818,10.03216,29.583115,21.593415,21.231692,9.892882,43.022718,26.642644,7.1872,13.435,43.595269,7.918833,17.461756,31.894467,30.679091,44.207914,26.702585,26.702585,,21.289969,,,26.523232,26.523232,15.005197,17.324882,26.702585,,34.549138,11.8,11.8,13.370079,22.3465,30.3947,56.76526,38.817948,,53.2358,8.3836,44.91,21.17,39.619197,12.1527,22.426262,41.157491,28.95,20.145126,11.987406,36.3855,,79.45
2008-09-10,67.7461,67.3507,18.54355,42.827318,31.334178,15.270231,9.956269,29.68578,21.342745,21.15679,9.950835,42.722698,26.662299,7.1461,13.12,43.770549,7.864846,17.423635,31.935839,31.993375,44.009446,26.564795,26.564795,,21.262335,,,26.993524,26.993524,15.121478,17.417471,26.564795,,34.047821,12.005,12.005,13.434806,22.3272,30.9933,57.428878,38.7046,,53.7022,8.439426,45.11,21.19,39.469137,12.1262,22.357106,40.475696,29.23,20.427831,12.061046,36.6005,,79.53
2008-09-11,67.6964,67.4299,18.971498,43.072132,31.79859,15.40913,10.329564,30.807466,21.118933,21.356438,10.204381,42.966884,27.111402,7.0422,13.07,43.78728,7.949056,17.576313,33.515268,31.301647,44.350835,27.107657,27.107657,,21.548848,,,27.410669,27.410669,15.121478,17.821472,27.107657,,33.972666,12.28,12.28,13.743726,22.6033,30.6167,58.060456,39.227048,,55.2882,8.122596,45.7,21.12,39.656642,12.2325,22.307709,40.708542,29.45,20.505552,12.282064,36.5288,,79.58
2008-09-12,67.766,67.3209,20.121031,42.365525,32.163178,15.455369,10.545373,30.965461,21.414365,22.063636,10.370998,42.262095,27.221703,7.027,12.91,43.912465,8.048449,18.059958,33.978314,32.953172,44.628744,27.010421,27.010421,,21.688099,,,27.433408,27.433408,15.080409,18.329942,27.010421,,34.732976,12.15,12.15,13.908053,22.6712,31.3505,58.484223,38.418264,,55.3391,8.135706,44.87,22.1,39.266579,12.5691,22.4559,40.758381,29.05,20.646816,12.420188,36.6148,,79.5
2008-09-15,65.8173,67.3804,19.097317,41.379216,31.507817,15.239405,10.790343,30.965461,21.011503,21.065304,10.189893,41.278139,26.847451,7.2716,12.905,43.303169,7.992293,17.601825,32.663496,30.471573,44.207914,26.848392,26.848392,,21.787653,,,26.803855,26.803855,14.943544,17.588593,26.848392,,34.189844,11.85,11.85,13.743726,22.6227,31.1285,57.84459,37.802783,,55.3645,8.004389,44.65,20.65,38.493793,12.2502,22.189156,40.168041,28.42,19.947322,11.968996,35.7046,,79.0
2008-09-16,65.6682,67.0831,19.298736,41.526123,31.386288,15.077478,10.364613,30.538901,21.190553,20.840596,10.566652,41.42469,27.005049,7.5421,13.575,43.403258,7.923171,17.181812,33.234089,29.874887,44.557328,27.17245,27.17245,,21.827439,,,27.706452,27.706452,15.47042,17.377116,27.17245,,34.131358,11.835,11.835,13.566216,21.9251,31.1671,58.348277,38.482699,,55.7207,7.933783,46.0,20.6,39.326603,11.9579,22.554694,40.616989,28.0,20.519643,12.024226,36.6148,,79.0
2008-09-17,64.0277,65.8049,17.880674,40.210914,30.591908,14.784358,10.090482,30.167671,20.85931,20.591013,10.226114,40.11265,27.473807,7.6914,13.805,42.610316,7.679074,16.519977,32.944674,28.231985,44.787536,26.451431,26.451431,,20.95593,,,26.993524,26.993524,15.066752,16.360086,26.451431,,33.270748,11.555,11.555,13.060137,20.7334,29.7381,57.308952,35.054524,,54.9998,7.748312,45.84,19.39,38.216252,11.4973,21.033265,39.910324,27.3,20.194577,11.62836,35.7691,,78.0
2008-09-18,65.3202,67.6975,18.073694,42.176672,32.202282,15.18546,10.207126,30.396714,21.127885,20.507819,10.867316,42.073645,27.442305,8.332,14.25,41.857233,7.795724,16.519977,35.334503,28.871881,45.208366,27.334478,27.334478,,21.246403,,,28.381482,28.381482,16.852531,16.871004,27.334478,,33.028517,13.57,13.57,13.290127,20.8013,30.0278,58.492188,36.392905,,57.7731,8.030653,49.0,20.3,38.193766,11.4973,21.724823,40.467373,28.51,22.151885,11.950586,37.1953,,79.5
2008-09-19,66.7618,66.34,19.869303,43.911631,31.980929,15.216286,10.329564,30.491475,20.877215,20.957142,10.342021,43.804387,27.599904,8.7107,15.01,42.076013,7.838913,17.156301,33.655764,30.575332,45.001873,28.330984,28.330984,,20.979783,,,29.435759,29.435759,16.031538,17.14188,28.330984,,33.404482,15.195,15.195,13.500468,21.3148,30.2595,58.516173,36.800785,,56.942,8.326147,48.9,20.57,40.354352,11.9402,21.942171,39.710769,29.29,21.176776,12.08871,36.9445,,79.65
2008-09-22,66.215,66.439,19.542065,41.910886,31.121524,15.154634,10.01459,29.591019,20.259493,20.799045,10.160916,41.808509,26.855348,8.5679,15.49,42.092842,7.670398,16.50727,35.144305,31.068165,43.953901,27.032018,27.032018,,20.446544,,,28.616628,28.616628,15.812534,16.402889,27.032018,,32.660842,14.805,14.805,13.1719,21.0725,29.4195,56.82925,35.806023,,57.383,7.989608,48.0,18.52,40.714496,11.4884,20.894953,39.045521,29.06,21.162685,11.950586,35.5541,,79.0
2008-09-23,65.35,66.2904,20.053831,41.756922,30.574598,15.092891,9.979634,29.906919,20.331113,20.383073,10.066742,41.654942,26.808051,8.6112,14.49,42.505109,7.653142,16.596316,34.44136,30.903856,44.041187,26.623551,26.623551,,20.167952,,,28.775888,28.775888,15.90833,16.519329,26.623551,,32.385085,15.75,15.75,13.000939,21.6732,29.3423,56.565414,35.247739,,56.2296,7.917374,46.61,18.6,40.511938,11.5504,20.736882,38.945744,29.1,20.533823,11.803304,35.5828,,79.45
2008-09-24,65.9167,66.439,19.852503,41.603056,30.891471,15.13913,9.792986,29.725302,20.143111,20.333138,9.90737,41.501473,26.918352,8.0745,13.72,42.547231,7.573222,16.481759,33.490463,32.373826,44.247679,26.631756,26.631756,,19.972983,,,28.58631,28.58631,15.559388,16.37913,26.631756,,32.167906,15.53,15.53,13.066687,20.9563,29.3616,56.045706,35.634256,,56.1617,7.976498,46.58,16.92,40.549476,11.4707,21.240732,38.604896,28.95,20.116856,11.177264,35.4753,,79.53
2008-09-25,66.3243,66.449,19.810502,42.617395,31.711771,15.154634,10.037956,29.946441,20.778738,20.358106,10.171814,42.513297,27.123249,8.1264,13.68,43.23723,7.638006,16.965404,34.027922,31.829066,44.851016,26.96666,26.96666,,20.478408,,,29.109568,29.109568,15.689424,17.106241,26.96666,,32.334981,16.365,16.365,13.461088,21.2954,29.294,57.005111,36.936802,,56.0345,8.244058,47.9,17.64,41.854859,11.8073,21.705065,38.471827,29.7,19.933142,12.061046,36.2995,,79.58
2008-09-26,65.6383,66.3895,19.198027,41.952831,31.442702,15.216286,10.113756,29.725302,21.127885,21.123531,10.284067,41.850311,27.42265,8.3969,13.87,43.068937,7.858339,16.914478,33.953509,30.264054,45.565625,26.901301,26.901301,,20.884279,,,29.352294,29.352294,15.901501,17.612353,26.901301,,32.477004,15.72,15.72,13.730542,21.2276,29.265,57.332937,36.428653,,57.2388,8.419718,48.39,17.11,42.547087,11.7719,21.843376,38.58825,29.35,20.456101,11.68359,37.181,,79.63
2008-09-29,63.1329,64.3285,17.192598,39.882112,30.344545,14.954083,9.431373,29.820063,20.438543,20.200009,10.284067,39.784664,26.831655,8.213,13.445,41.958209,7.830285,16.061746,32.258296,25.551491,43.842719,26.027214,26.027214,,20.307293,,,28.533163,28.533163,15.525147,16.27457,26.027214,,31.583052,14.04,14.04,12.718301,20.0649,27.1022,55.693894,33.494328,,55.8055,8.007688,47.32,14.36,41.549907,11.1784,20.638088,37.241306,28.55,19.777699,10.348615,34.9163,,79.06
2008-09-30,64.5049,65.9337,18.384131,40.126925,31.169239,15.008029,9.781304,30.491475,20.913025,22.030377,10.635441,40.028948,27.072002,8.5138,13.765,42.05072,7.836744,16.074551,32.696537,28.0449,44.541458,26.754268,26.754268,,21.043423,,,28.563481,28.563481,15.525147,16.906644,26.754268,,32.126091,15.125,15.125,13.040405,20.0746,28.1643,56.981126,34.424743,,57.171,7.981425,47.49,15.88,41.772442,11.1873,21.201215,38.870936,29.7,20.427831,10.993066,35.1814,,79.4
2008-10-01,64.9722,65.9535,17.964584,40.434754,31.273369,15.347387,9.868786,31.715917,21.86199,21.73915,10.501455,40.335984,27.639304,8.8103,14.335,42.076013,7.998753,16.812725,33.076933,27.593121,44.882847,27.326179,27.326179,,21.552808,,,28.973046,28.973046,15.750979,16.597771,27.326179,,32.781538,15.605,15.605,13.507102,20.6656,28.2802,57.277002,36.34277,,58.9266,8.014244,46.5,17.84,42.398699,11.701,21.369165,39.694123,30.3,20.463191,11.849282,37.2885,,79.52
2008-10-02,64.2067,64.6257,15.707426,37.636553,30.700432,15.3628,9.501378,31.374123,21.584462,21.098563,10.573896,37.544599,27.379302,8.5203,13.72,42.429427,7.957732,16.787213,32.216924,21.728707,45.271847,27.399648,27.399648,,21.330025,,,28.116017,28.116017,15.682497,16.067809,27.399648,,32.495816,14.35,14.35,13.198182,19.3867,27.5078,56.693304,35.126107,,58.3923,7.955162,46.08,16.7,42.110286,11.6833,19.492077,38.663058,31.23,19.903454,11.324545,35.6688,,79.67
2008-10-03,64.7236,64.3086,15.539699,36.671119,30.30544,15.301148,9.279682,31.501319,21.673987,20.923791,10.75141,36.581592,27.635355,7.871,13.085,42.690329,7.866968,16.7618,32.216924,21.563648,45.422704,27.023908,27.023908,,20.920104,,,27.258988,27.258988,15.730395,15.880091,27.023908,,32.352955,15.98,15.98,13.336142,19.3383,27.2084,55.166222,35.548373,,56.7385,7.900964,45.65,15.91,40.231423,11.6656,19.205574,38.563281,30.49,19.457065,10.753734,34.4289,,79.77
2008-10-06,62.9639,62.7827,15.413789,35.65678,29.762909,15.092891,8.79563,30.952832,21.083123,20.715851,10.726024,35.56967,26.977496,7.3105,12.3,42.252671,7.553796,17.245445,30.76161,20.773035,44.462017,25.921018,25.921018,,20.263456,,,25.88619,25.88619,15.169376,15.276584,25.921018,,31.722747,14.475,14.475,12.705202,18.5342,26.185,53.279453,33.007628,,58.2396,7.4167,44.54,14.92,38.88813,12.0022,18.375703,37.46583,29.88,19.301178,10.818121,32.8594,,79.97
2008-10-07,62.4867,61.4053,14.297856,32.753519,29.741204,14.930963,8.264847,30.738235,19.793964,19.917167,10.584732,32.673537,26.394399,7.1158,11.775,41.857233,7.473876,15.400008,31.017891,18.792236,44.184108,25.112289,25.112289,,19.61878,,,25.567579,25.567579,14.936715,14.791783,25.112289,,31.092539,13.8,13.8,12.172757,17.7203,24.3988,52.064177,31.748067,,57.5272,7.328056,44.5,13.48,39.646328,10.7178,17.121018,36.276825,29.3,19.102754,10.17367,32.4223,,
2008-10-08,62.5562,60.9396,14.289456,33.180325,29.389621,14.69188,7.844913,30.014854,19.319482,19.792329,10.479722,33.099255,25.875022,6.9513,11.125,39.669237,7.206016,14.57269,30.769847,18.748745,41.762554,24.483225,24.483225,,18.866719,,,26.030292,26.030292,14.129379,15.143459,24.483225,,30.697576,13.325,13.325,11.896753,16.6933,24.1091,50.856865,30.810503,,55.5087,7.108096,44.91,12.98,37.330665,10.1421,16.834515,35.561738,28.7,18.167525,10.311795,30.6234,,
2008-10-09,61.2538,60.4144,12.829485,31.0117,27.332235,14.159677,7.074956,27.542803,17.609555,19.126774,9.472658,30.935876,23.876676,6.5661,10.03,36.311561,6.990021,13.389089,28.81826,18.470741,38.602585,22.628854,22.628854,,17.231085,,,25.438637,25.438637,13.636743,14.342712,22.628854,,28.949626,11.69,11.69,11.423506,15.6663,22.5836,47.586925,27.911926,,52.5488,6.540072,42.38,13.18,35.789646,9.3183,15.994765,33.674292,29.0,16.466956,9.860602,28.1391,,
2008-10-10,58.1618,59.4533,12.963703,28.682152,25.656746,13.704721,5.83263,27.121512,17.69908,18.73577,10.005136,28.612012,23.040128,7.0876,10.495,34.990418,6.977054,12.20539,28.528844,18.253569,38.499338,22.261224,22.261224,,16.514848,,,26.849423,26.849423,14.437251,14.019511,22.261224,,28.790001,12.41,12.41,11.278912,14.7653,21.1643,46.211718,28.441524,,52.0993,6.976737,43.38,13.73,34.487608,8.4945,15.214292,31.26309,27.78,17.12595,9.704067,28.8996,,
2008-10-13,63.5604,65.3986,15.18726,29.521553,27.501479,13.77408,6.987473,28.337686,18.531662,19.792329,10.349265,29.449515,25.212856,7.5724,11.74,38.398582,7.355058,13.6054,29.645227,19.982421,41.500515,23.143517,23.143517,,18.80704,,,26.849423,26.849423,14.91623,15.421498,23.143517,,31.13454,13.335,13.335,13.125885,16.8871,23.1629,49.385808,32.198932,,53.8973,7.557871,44.95,15.3,38.204172,9.4689,16.508495,34.588934,29.19,18.748531,10.68925,30.9276,,
2008-10-14,62.6557,64.7446,15.18726,29.269782,27.918176,14.267659,6.824191,28.615882,18.477947,19.135158,9.979812,29.198215,25.541965,6.9924,11.37,37.506534,7.35072,14.305454,28.677763,19.991138,40.285725,22.800408,22.800408,,17.402201,,,26.030292,26.030292,15.046168,14.314237,22.800408,,30.016891,13.05,13.05,12.849796,16.5189,23.105,43.493434,31.519016,,54.915,7.452818,47.21,14.56,37.627347,9.956,15.836695,32.89272,28.57,17.834483,10.864195,31.1232,,
2008-10-15,59.4046,62.7034,13.50067,27.359886,26.051738,13.99775,6.555856,27.566607,16.723258,17.546082,9.363995,27.293151,25.264372,6.8582,10.945,35.141881,7.095543,13.045416,27.263728,17.011176,38.356417,21.54228,21.54228,,17.593299,,,24.574028,24.574028,14.259317,13.47776,21.54228,,28.479042,12.08,12.08,11.87702,16.1314,21.985,40.974907,29.214472,,52.6675,7.003,41.81,13.14,36.770286,9.0791,14.651166,29.92437,27.3,16.197722,9.722478,28.3998,,
2008-10-16,59.6034,64.0015,14.969041,27.821679,25.930209,13.874355,6.561743,28.591987,17.394695,17.371402,10.092128,27.753656,25.716436,6.4773,11.755,34.502272,7.275798,12.905444,29.14081,17.402124,40.111063,22.46541,22.46541,,18.217992,,,24.763607,24.763607,14.51939,13.266283,22.46541,,29.067248,11.5,11.5,12.488311,16.2477,22.1781,42.437999,30.781904,,55.6953,7.121206,42.27,12.92,38.047608,8.9817,14.394301,31.944885,28.78,17.15422,9.869855,29.3631,,
2008-10-17,62.2878,66.1913,15.37188,27.34597,25.478802,14.013163,6.5209,29.25177,17.708033,17.404661,9.78781,27.27912,25.664831,6.289,12.41,35.503758,7.371372,14.598202,29.107768,20.807809,40.063453,23.38043,23.38043,,17.589248,,,24.498143,24.498143,14.334627,13.717802,23.38043,,28.958007,11.31,11.31,12.698653,16.1508,22.2553,43.077632,30.989418,,55.7801,7.316574,41.02,13.65,38.434884,10.1598,14.117677,32.019694,29.02,17.14713,10.17367,28.6099,,
2008-10-20,62.9142,67.0633,16.680832,28.164398,26.416326,13.97463,6.765869,29.132569,17.860225,17.912119,10.023277,28.095673,25.954271,6.3843,12.52,37.068974,6.550392,14.814513,29.479834,21.311702,40.373101,24.172843,24.172843,,18.488662,,,24.915378,24.915378,14.710982,14.026675,24.172843,,29.025247,12.575,12.575,13.382156,16.2767,22.9215,45.380203,31.053853,,56.06,7.597287,41.3,15.25,38.138202,10.3103,14.453577,32.884397,29.32,17.373914,10.799711,29.4356,,
2008-10-21,62.7054,66.6471,16.336794,27.212979,25.860789,13.789493,6.876717,29.227875,17.332028,17.878859,9.813196,27.1466,26.259596,6.2003,12.335,36.808072,6.317989,14.57269,29.678269,20.025912,39.936401,23.878682,23.878682,,18.317547,,,24.361621,24.361621,14.553532,14.65639,23.878682,,28.705905,12.05,12.05,12.738033,16.3445,23.0567,43.973137,30.173485,,56.5519,7.423255,41.13,14.52,37.882774,10.1421,14.127557,32.269087,29.03,17.14713,10.035546,28.6823,,
2008-10-22,59.9017,66.449,15.036241,25.478117,24.593388,13.550409,6.439213,28.623786,16.597923,17.396277,9.566832,25.415858,25.553812,5.5121,11.935,35.242856,6.254996,13.719958,28.801785,17.376067,39.102766,23.020911,23.020911,,18.058848,,,24.270666,24.270666,14.594602,14.366471,23.020911,,27.958074,11.7,11.7,12.67892,16.9549,21.8788,42.885751,29.221621,,56.3398,7.413401,38.81,13.48,37.528391,9.5486,13.159375,32.460418,29.78,16.842448,9.262128,28.1173,,
2008-10-23,57.7939,66.8849,15.220769,24.37979,24.784336,13.519583,5.249413,29.410765,17.215645,16.838884,9.881985,24.320234,26.231864,5.4797,11.63,35.007247,6.19205,13.974487,29.339245,18.548912,39.618817,23.208875,23.208875,,17.135581,,,24.179622,24.179622,14.293558,14.66827,23.208875,,28.395039,11.44,11.44,12.869529,16.858,20.5367,42.757861,30.746068,,55.4578,7.978126,38.03,13.58,37.858059,9.7257,13.248289,33.383284,30.06,16.544855,9.58445,28.5084,,
2008-10-24,56.6009,66.2012,14.709003,24.568643,23.612364,12.964352,5.179409,28.448892,16.964976,15.948714,9.302389,24.508685,25.470614,5.3044,11.135,33.231616,6.185496,13.020002,27.776383,19.973798,38.285001,22.138618,22.138618,,16.558595,,,23.246707,23.246707,13.438224,13.81284,22.138618,,26.487464,10.56,10.56,12.632905,16.2089,20.3725,41.382654,28.985508,,55.8479,7.654741,36.55,12.35,36.860879,9.0614,12.56661,31.712039,28.57,15.659166,8.875515,27.7986,,
2008-10-27,58.9273,66.1418,15.002641,24.030015,23.191362,12.825453,5.121087,28.552284,16.383064,15.990265,9.255332,23.971299,25.260423,5.3714,10.595,33.197958,6.129058,12.663622,27.338141,17.662788,37.80069,21.991585,21.991585,,16.319789,,,22.68546,22.68546,13.328772,14.359307,21.991585,,25.789924,10.5,10.5,12.133376,15.6954,20.2663,41.166788,27.954911,,54.5588,7.520125,34.76,10.79,35.847347,8.8134,12.201072,29.44213,28.01,15.198597,7.356342,26.6615,,
2008-10-28,60.5579,67.1426,17.603745,24.631659,24.941652,13.411601,5.447652,30.984631,17.87813,18.036956,9.965324,24.571437,26.794858,5.8367,10.605,36.673438,6.176821,14.203603,29.736207,18.236135,40.238115,23.592821,23.592821,,18.007091,,,23.633534,23.633534,12.836136,15.956176,23.592821,,27.03367,12.03,12.03,12.836612,17.5265,21.3188,44.636665,30.47412,,56.5349,7.999462,36.84,9.49,36.671423,9.8852,13.040822,32.294056,28.33,16.920435,7.365499,27.7407,,
2008-10-29,59.4841,67.1228,17.972984,24.666647,23.959642,13.512965,5.395217,29.760462,17.824415,18.344766,10.262335,24.60632,26.489532,6.2761,10.35,35.840343,6.155132,14.012706,29.297873,19.096296,39.714128,23.257823,23.257823,,17.449998,,,23.095026,23.095026,13.547776,15.08406,23.257823,,26.798331,12.04,12.04,12.580341,17.5265,21.3767,43.973137,29.73692,,54.8217,7.751568,37.33,9.23,36.671423,9.7523,12.329504,31.944885,28.86,16.658291,7.273448,27.6176,,
2008-10-30,61.6416,66.6769,18.912698,25.527119,24.784336,13.396007,5.727669,30.157949,18.773379,18.236604,10.606464,25.464676,26.794858,6.4102,11.13,36.732292,6.10949,14.318161,30.389451,21.38125,39.690323,23.649975,23.649975,,17.772336,,,23.724579,23.724579,13.937787,15.540295,23.649975,,27.260534,12.725,12.725,12.59344,18.0788,21.8788,45.636075,30.631587,,58.1124,8.089734,37.75,9.81,35.830808,9.9649,12.576489,32.468642,29.7,17.565249,7.641747,28.8996,,
2008-10-31,61.6714,66.9741,17.394017,26.681309,24.632402,13.583139,5.861791,30.165854,19.570151,19.051964,10.740512,26.61623,26.85831,6.2739,11.62,36.875389,6.137733,14.229114,30.794652,21.129303,40.031712,23.805213,23.805213,,17.53353,,,23.921737,23.921737,14.156692,15.649661,23.805213,,28.285798,12.66,12.66,12.613172,18.3404,22.3229,45.58014,31.11105,,57.4,8.037208,37.79,10.52,36.720854,9.9029,12.388781,31.063536,30.26,17.621879,8.046866,28.675,,
2008-11-03,63.1727,67.0534,17.712855,26.660336,24.692136,13.863838,5.780104,30.388446,19.838726,18.777413,10.584732,26.595281,26.921763,6.0293,11.855,37.110998,6.244151,14.305454,31.232893,21.511534,41.532256,23.944041,23.944041,,18.086752,,,24.027941,24.027941,14.560361,14.791783,23.944041,,28.025221,12.82,12.82,12.573707,18.3888,22.4388,45.947881,30.495569,,59.7153,7.853365,36.98,10.78,37.231709,9.956,12.586369,30.43158,30.8,17.98328,7.982383,28.4288,,
2008-11-04,64.2265,67.6281,20.414669,28.031505,25.798904,13.972998,6.042643,30.968732,16.338301,19.393033,10.675315,27.963056,26.826629,5.9731,11.205,38.524752,6.354907,15.094554,31.613289,22.067542,41.643437,24.924419,24.924419,,18.317547,,,24.0431,24.0431,14.00617,14.84175,24.924419,,28.151318,13.015,13.015,12.547425,18.6504,22.8732,46.64345,32.027166,,57.5442,7.817247,36.56,10.95,36.795002,10.5052,13.109978,32.077856,28.86,18.543017,8.010046,28.1391,,
2008-11-05,63.63,67.4795,19.894412,26.625348,25.451716,13.606531,5.937591,30.444049,15.246097,18.710803,10.157325,26.560397,26.073278,5.7285,10.79,36.412536,6.194219,12.981783,30.306801,22.823475,39.960206,23.878682,23.878682,,17.80015,,,23.246707,23.246707,13.109867,14.349876,23.878682,,27.109291,12.145,12.145,11.988782,18.4857,22.3326,45.58014,31.504717,,54.6182,7.726975,33.69,10.97,34.611187,9.0348,12.546851,34.738551,28.28,17.877022,7.945562,27.6972,,
2008-11-06,64.58,68.0839,17.024779,25.261235,24.697517,13.107512,5.628504,29.259674,13.82265,18.228312,9.465414,25.19954,25.351608,5.6008,10.53,35.125051,5.896654,12.116344,29.173851,20.825149,38.427923,22.890194,22.890194,,17.704646,,,22.981243,22.981243,13.337579,14.250032,22.890194,,26.260508,11.505,11.505,11.600931,18.0885,20.7684,43.853211,29.257457,,55.2119,7.428182,33.25,10.47,33.004197,8.4325,12.329504,34.572288,27.21,17.841573,7.172241,28.0014,,
2008-11-07,65.69,67.9353,18.946298,26.436887,25.538535,13.02954,5.768513,29.585659,14.341895,18.8689,9.653762,26.372239,26.144628,5.6917,10.475,35.59627,5.924897,12.727254,30.191016,21.407307,39.332974,23.27414,23.27414,,18.40504,,,22.753767,22.753767,13.468606,14.523265,23.27414,,26.176505,12.45,12.45,11.817907,18.3016,21.3574,44.260958,30.202171,,55.127,7.470855,33.46,10.04,33.91069,8.8577,12.497454,35.279052,26.63,18.174615,6.868329,27.0309,,
2008-11-10,66.59,68.1929,19.776993,26.408466,25.722937,12.920379,5.902634,29.649166,14.547802,18.943802,9.853008,26.343981,26.061341,5.2719,10.37,35.789855,6.07691,12.663622,30.025623,21.129303,39.690323,23.037321,23.037321,,18.265789,,,22.548939,22.548939,13.178843,14.556546,23.037321,,26.042025,12.87,12.87,11.712693,18.1272,21.3477,43.66133,30.137737,,53.6429,7.480709,33.42,9.18,34.298058,8.8134,12.39866,35.13766,26.3,17.671507,6.159394,26.4514,,
2008-11-11,66.84,68.0047,20.27205,25.905707,24.914565,12.647478,5.66346,29.458463,14.243418,17.787373,9.682739,25.842454,26.037558,5.3022,9.9,34.662199,5.844553,12.230902,29.504638,21.867709,38.666065,22.906604,22.906604,,17.684753,,,22.237997,22.237997,13.165088,14.140756,22.906604,,25.28572,12.855,12.855,11.390674,17.9625,20.5367,44.037037,29.572391,,52.5827,7.191813,32.58,7.41,33.787111,8.5122,11.875051,34.738551,26.27,17.799034,4.704704,26.3935,,
2008-11-12,66.33,67.7767,20.607688,25.247123,24.144133,12.179647,5.196887,29.156373,12.927401,17.396277,9.237191,25.185411,25.292194,5.5402,9.21,33.946907,5.738088,12.065419,28.843064,20.321256,37.4116,22.097781,22.097781,,17.442076,,,21.418866,21.418866,12.882154,13.263925,22.097781,,25.302576,12.54,12.54,10.897695,16.8483,19.6001,42.454019,27.983509,,55.39,7.030934,32.26,6.64,32.38621,8.3971,10.669763,33.499707,25.94,17.416453,4.419299,25.307,,
2008-11-13,67.93,68.51,21.203364,27.456616,26.064743,12.218633,5.634299,30.881239,12.542444,15.133354,9.900126,27.389618,26.477686,6.9037,9.5,35.722538,6.046498,12.918151,30.381214,21.763481,38.928104,22.963757,22.963757,,18.417012,,,22.768926,22.768926,13.882665,14.542309,22.963757,,26.806806,13.14,13.14,10.963442,18.3016,20.6622,44.444784,28.513107,,60.5804,7.175404,33.9,6.44,32.361494,8.9906,11.410719,35.886039,27.69,18.38713,4.723115,28.3781,,
2008-11-14,68.5,68.1136,21.748822,25.544564,25.619883,11.836571,5.348486,29.832056,13.025878,14.609221,9.592218,25.482118,26.259596,6.3302,9.03,34.519101,5.811972,12.052712,29.736207,20.773035,37.260743,22.416462,22.416462,,17.915637,,,22.033169,22.033169,13.137477,14.442556,22.416462,,25.87402,12.68,12.68,10.687353,17.0615,20.1215,42.789811,27.48966,,55.3136,7.057197,32.0,6.93,32.138959,8.3882,11.351443,35.37883,27.33,17.714046,4.51135,26.9005,,
2008-11-17,68.58,67.9749,21.505493,25.126676,25.38113,11.891152,5.173521,29.935357,12.775209,14.251476,9.411113,25.065266,25.978054,6.6959,8.9,33.938444,5.97266,11.73455,28.371781,22.058918,36.776432,21.918115,21.918115,,17.497795,,,22.283474,22.283474,13.447923,14.537593,21.918115,,25.613536,12.46,12.46,10.647888,16.984,19.2236,42.350114,27.446762,,57.6629,7.249266,32.41,6.89,32.413155,8.1668,11.173613,34.680388,27.0,17.5298,4.419299,27.0816,,
2008-11-18,68.58,68.3713,21.750009,25.785261,26.0973,12.125067,5.296052,29.871759,12.623016,13.835504,10.179058,25.722309,25.902755,6.7219,8.875,34.695857,6.096477,12.001786,28.694238,23.136159,37.39573,22.155028,22.155028,,17.306696,,,21.934635,21.934635,13.240893,14.815542,22.155028,,25.899165,12.75,12.75,11.147417,17.2165,18.5284,42.48606,27.589842,,57.6544,7.378955,32.62,6.96,32.546119,8.3528,12.043001,35.777939,26.65,18.039909,4.612654,26.3935,,
2008-11-19,,67.8461,18.671834,24.446824,25.321487,11.680628,4.951917,29.363066,11.942627,13.777277,10.142837,24.387079,24.705327,6.2501,8.25,34.02259,6.111659,11.225393,27.933447,21.615762,35.029721,21.231898,21.231898,,16.821254,,,21.259605,21.259605,12.516487,14.421154,21.231898,,25.100857,12.235,12.235,10.845131,16.1605,17.447,41.654545,26.222949,,51.2173,7.254194,30.79,6.76,32.737248,7.8125,11.73674,36.384926,27.37,17.1684,4.640317,24.1989,,
2008-11-20,,67.4299,18.486302,22.20891,23.574426,10.846239,4.514504,28.154797,10.966805,12.221552,9.802299,22.154711,24.388154,6.4795,7.565,31.994619,5.796743,10.436391,27.131376,19.973798,32.306452,20.316879,20.316879,,16.343733,,,19.985341,19.985341,12.102428,13.484924,20.316879,,24.193309,12.035,12.035,9.497686,15.0269,15.9215,40.207383,26.215799,,51.1579,6.526962,30.6,5.81,31.781695,7.2633,11.865172,35.35386,27.92,16.516584,4.051097,22.8734,,
2008-11-21,,68.2425,20.940405,23.250003,23.693802,11.345258,4.741904,28.830479,10.30432,12.953626,9.711716,23.193137,25.652984,7.0833,7.52,33.298933,6.257165,10.843599,28.948483,21.355193,34.15632,21.697519,21.697519,,17.509677,,,21.373298,21.373298,13.068401,14.181111,21.697519,,25.437055,12.29,12.29,10.181275,14.9785,16.6842,43.64531,27.382328,,49.6143,6.771557,32.33,5.69,36.600899,7.5467,11.973845,36.010686,28.73,17.338465,4.741525,23.7353,,
2008-11-24,,68.1236,22.517521,24.836291,23.455049,11.743005,5.010239,26.644528,11.888912,13.303079,10.3058,24.775672,25.573646,7.1352,7.765,33.038031,6.350569,11.683625,30.16686,23.223047,34.386618,22.024311,22.024311,,17.999169,,,22.730938,22.730938,13.171916,14.048077,22.024311,,25.689157,12.675,12.675,10.141809,15.0463,16.9256,44.500809,29.937372,,50.5218,6.717403,31.0,6.12,36.276807,8.1314,12.003484,36.950297,27.35,17.770675,5.432049,23.1921,,
2008-11-25,,68.0542,22.804219,24.659296,22.369896,11.197112,5.051358,24.66527,11.790434,13.253144,9.803289,24.599012,24.935353,7.449,7.995,32.188106,6.202895,11.136347,29.140439,23.99632,33.687879,21.950747,21.950747,,17.93553,,,22.844721,22.844721,13.061573,13.962561,21.950747,,25.4622,13.825,13.825,10.384982,15.0657,16.0663,43.173573,29.486508,,51.0901,6.59427,30.26,6.15,36.227004,7.7505,11.549031,36.2904,23.25,17.260567,5.772781,23.6991,,
2008-11-26,,68.0938,22.905477,25.93403,23.243472,11.072357,5.192563,25.340953,12.300726,13.494435,9.664907,25.870711,24.943251,7.8732,8.0,32.146082,5.716399,11.832393,29.056956,24.361212,34.315112,22.032422,22.032422,,18.212411,,,23.595636,23.595636,13.420312,14.276149,22.032422,,24.974853,14.72,14.72,10.430997,15.7826,17.1767,43.917111,30.416835,,51.0052,6.73544,32.87,6.77,36.891635,8.2349,12.043001,37.008757,24.04,17.877022,6.504753,23.6194,,
2008-11-28,,68.1236,23.091009,26.769708,23.813179,11.501202,5.398345,25.476053,13.034831,13.427824,9.752271,26.704317,25.046372,7.8646,7.87,32.684617,5.7685,11.832393,30.041635,23.805205,34.481839,22.228498,22.228498,,18.81037,,,22.86746,22.86746,13.475533,14.582664,22.228498,,25.016854,14.875,14.875,10.569041,16.238,17.4663,45.332233,30.173485,,53.0577,6.743666,32.08,6.81,37.697685,8.2349,12.606128,37.14242,23.79,18.38713,6.217516,23.1559,,
2008-12-01,,67.5687,21.547676,24.701732,23.335672,10.994385,5.292464,23.767086,11.853102,12.338006,9.045809,24.641399,24.229568,7.8884,7.57,30.850133,5.431894,11.394102,28.56457,22.562812,32.737382,20.880584,20.880584,,17.790968,,,22.389678,22.389678,12.619903,14.486084,20.880584,,24.218547,13.53,13.53,10.030047,15.5985,16.2691,42.885751,28.398626,,49.4532,6.612307,29.88,6.37,34.490395,7.9299,11.657704,35.271522,21.65,17.062142,5.587427,21.6059,,
2008-12-02,,68.0344,22.028307,26.061533,23.927085,11.002182,5.180788,24.100884,12.372346,12.362973,8.492279,25.997872,24.697429,7.7152,7.69,31.481278,5.486164,11.729272,29.399127,23.257821,33.137473,21.362615,21.362615,,17.630474,,,23.428796,23.428796,12.964985,14.823976,21.362615,,24.504269,14.08,14.08,9.918369,15.7632,16.5008,43.533349,28.649125,,48.4694,6.755148,30.46,6.17,34.822757,8.1631,12.023242,35.238032,22.25,17.855752,5.661549,22.6633,,
2008-12-03,,68.0443,21.16812,26.649261,24.073547,10.908616,5.474789,24.124779,12.954258,12.529362,8.820063,26.584172,24.883747,7.9576,8.075,31.683229,5.642562,11.896808,29.5076,24.126605,33.537654,21.754672,21.754672,,18.517467,,,23.497012,23.497012,13.089183,14.645417,21.754672,,24.36979,13.91,13.91,10.187824,15.9473,16.8324,43.577699,29.779905,,46.9089,6.897947,29.99,6.13,34.590095,8.2797,12.73456,34.461314,22.47,18.557196,6.050765,22.8299,,
2008-12-04,,68.1434,20.754873,26.684739,23.96296,10.76047,5.38657,23.512694,12.408156,11.464419,8.77635,26.619543,24.463543,7.7044,7.835,30.934279,5.720737,11.252371,28.731537,23.648769,32.713396,21.329889,21.329889,,17.959563,,,23.011651,23.011651,12.930447,14.406463,21.329889,,24.243785,13.685,13.685,9.878904,15.3176,16.5008,42.167555,29.243158,,45.0346,6.732141,29.35,7.44,34.382334,7.8312,12.833354,33.467406,21.69,17.59352,6.393617,22.1129,,
2008-12-05,,68.3713,21.783792,27.84618,26.267531,11.095749,5.986437,23.92599,12.882638,12.038488,8.867367,27.778114,25.323875,7.791,8.26,30.707036,5.88581,11.922612,28.898411,25.195223,34.193831,22.588017,22.588017,,18.453197,,,24.096247,24.096247,13.813589,14.843292,22.588017,,24.983235,14.78,14.78,9.859171,16.112,17.6613,43.005586,30.316653,,45.4332,6.824084,30.33,8.69,34.947358,8.2977,13.376722,34.285936,21.95,17.614789,6.810592,23.0327,,
2008-12-08,,68.3217,22.610287,28.837586,27.818441,10.994385,5.886444,23.735287,13.992748,12.01352,8.805451,28.767137,25.684665,7.8213,8.31,31.035255,6.08997,12.257684,29.541012,26.029327,34.289864,22.612443,22.612443,,18.453197,,,24.421445,24.421445,14.061985,14.903597,22.612443,,25.126095,14.275,14.275,9.859171,16.548,17.6613,43.19095,30.531404,,45.4925,6.922582,30.74,10.43,35.396052,8.5309,13.831175,34.661761,21.77,17.735226,6.838352,23.2355,,
2008-12-09,,68.2623,22.888585,28.759673,27.425242,10.893022,5.70412,23.115207,13.768935,12.179909,8.612458,28.689477,24.197887,7.646,8.345,30.126378,6.059558,11.639053,29.165429,25.577548,33.697618,22.016106,22.016106,,17.991698,,,23.916323,23.916323,13.834371,14.937423,22.016106,,24.630273,14.23,14.23,9.813156,16.4221,17.3102,42.119223,30.037555,,46.646,6.891392,29.89,10.13,34.374064,8.1003,14.07816,34.620046,22.0,17.11177,6.782736,23.0979,,
2008-12-10,,68.51,23.656006,28.830529,27.76382,11.103546,6.062881,22.550912,13.885318,12.770653,8.572399,28.760122,24.170065,8.0788,8.705,30.808011,6.202895,12.025734,29.707886,25.725266,33.60961,21.950747,21.950747,,18.184327,,,24.475043,24.475043,14.179355,14.741906,21.950747,,24.554652,14.385,14.385,9.898637,17.1874,17.9441,42.715502,30.273755,,46.7223,6.888093,29.79,10.4,34.349162,8.3694,14.779598,37.225948,21.66,17.295927,6.773483,24.1554,,
2008-12-11,,68.51,23.149992,27.435349,27.621842,11.111343,6.104001,22.741615,13.464551,12.687459,8.379406,27.368376,23.987695,7.6849,8.48,30.412475,6.083416,11.8581,29.407457,24.847765,33.281567,21.901799,21.901799,,17.746862,,,23.99284,23.99284,13.786078,14.165151,21.901799,,24.260549,14.05,14.05,9.872354,17.1435,18.0807,42.47375,30.023255,,44.9752,6.775842,26.95,9.24,33.92537,8.2528,14.305386,37.543313,21.34,17.132951,6.449137,23.5977,,
2008-12-12,,68.65,22.433155,27.577062,26.802708,11.290678,6.133438,22.797308,13.724173,12.937042,8.441322,27.509665,24.241505,7.6546,8.64,31.060449,6.376643,12.244782,29.757958,25.846834,34.033777,22.024311,22.024311,,17.887373,,,24.758193,24.758193,14.344919,14.191721,22.024311,,24.731133,14.635,14.635,10.082611,17.3778,18.2952,41.925803,29.600989,,46.4679,6.794265,28.62,10.03,34.257733,8.5219,14.354783,38.069448,24.09,17.338465,6.588128,24.1119,,
2008-12-15,,68.61,22.188548,27.265411,26.977513,11.251692,5.998212,22.550912,13.285501,13.128398,8.24833,27.198829,23.829109,7.027,8.38,30.765987,6.506967,12.038636,29.524259,24.899879,33.729629,21.844552,21.844552,,18.047867,,,24.505632,24.505632,14.365602,13.969725,21.844552,,24.470649,14.41,14.41,9.997215,17.5047,18.0319,42.240054,29.72977,,46.9852,6.703821,27.95,9.4,33.759236,8.3784,14.374542,37.710368,23.65,16.927525,6.40287,23.9091,,
2008-12-16,,68.65,24.16202,29.177561,28.102488,11.735208,6.280438,23.417297,14.529897,13.402857,8.743535,29.106329,24.285123,7.3019,8.695,32.423715,6.561237,12.592854,30.609081,26.263933,35.154067,22.310172,22.310172,,18.645826,,,25.791356,25.791356,14.958982,13.320603,22.310172,,25.87402,15.205,15.205,9.5568,18.7153,19.368,43.682419,29.357639,,47.3244,6.584844,28.2,10.27,34.232831,8.7641,15.303207,39.088425,24.27,17.54398,7.171951,24.054,,
2008-12-17,,68.75,23.909013,28.632268,27.807589,12.670869,6.286325,22.948308,14.870092,13.34463,8.404916,28.562317,24.324702,7.5356,8.81,33.05486,6.604709,12.412415,30.15853,26.863338,34.225842,22.073354,22.073354,,18.252557,,,25.485287,25.485287,15.124645,13.33747,22.073354,,25.647063,16.12,16.12,9.64228,18.7349,19.0169,43.779174,30.080452,,48.4524,6.444102,28.16,10.96,33.950272,8.6386,15.174774,38.478762,25.04,17.664417,7.32945,24.1337,,
2008-12-18,,68.79,23.731881,28.271026,27.523542,12.904785,6.809657,22.828017,15.031237,13.935374,8.601561,28.201981,23.848944,7.6676,8.805,32.531875,6.680715,12.360806,29.607743,25.707833,34.097799,21.836441,21.836441,,18.132119,,,25.332162,25.332162,15.145328,13.656046,21.836441,,26.327747,16.485,16.485,9.977483,19.5256,20.4895,44.085369,30.030405,,50.2589,6.576447,28.84,11.08,34.831027,8.6027,15.372363,38.386813,25.04,17.63597,7.088479,24.4306,,
2008-12-19,,68.75,23.647606,28.490555,27.157699,12.460346,6.927312,22.755879,15.353527,14.110054,8.867367,28.421028,23.39302,7.7087,9.215,31.681359,6.652472,12.373708,29.257242,24.665272,34.113759,21.787398,21.787398,,17.831114,,,25.010754,25.010754,15.255672,13.868339,21.787398,,26.470608,16.465,16.465,10.04323,19.3206,21.2306,43.585755,29.951671,,48.5542,6.816072,28.01,11.69,34.698156,8.6116,15.372363,38.587358,25.57,17.742582,7.505454,24.5755,,
2008-12-22,,68.91,23.023534,27.867349,27.425242,12.663072,6.891988,22.290797,15.425147,14.193249,8.525095,27.799356,23.143159,7.8905,9.085,31.953481,6.532994,12.360806,29.265572,22.823475,33.79365,21.942637,21.942637,,17.923468,,,25.561804,25.561804,15.255672,13.829708,21.942637,,26.268982,16.04,16.04,9.88877,19.9162,21.7182,43.311781,30.180722,,48.5627,6.951759,27.13,11.66,34.133132,8.6027,15.026583,38.186366,25.47,17.955895,7.459188,24.3872,,
2008-12-23,,69.0,22.829511,27.591175,27.245056,12.577303,6.827319,22.322868,15.102857,14.02686,8.521442,27.523794,23.008357,8.1178,8.87,31.451655,6.489568,12.038636,29.132109,23.779148,33.153523,21.694878,21.694878,,17.646497,,,25.355171,25.355171,14.834784,13.414734,21.694878,,25.916021,16.505,16.505,9.882051,19.8381,20.9673,43.650198,30.253178,,48.0708,6.841179,26.56,11.56,34.357432,8.3784,15.08586,38.119584,24.57,17.62888,7.320196,23.9309,,
2008-12-24,,69.04,23.402999,27.669088,27.190435,12.577303,6.921424,23.164814,15.299812,14.068503,8.641621,27.601551,23.17493,8.0831,8.835,31.757829,6.515642,12.051441,29.248912,24.083208,33.337563,21.860019,21.860019,,17.698705,,,25.339832,25.339832,15.02113,13.368847,21.860019,,26.285746,16.84,16.84,10.002914,20.2579,21.1916,43.948337,30.753392,,47.528,6.864657,26.17,12.07,34.914187,8.3874,15.41188,39.180275,24.91,17.664417,7.477694,23.547,,
2008-12-26,,69.1,23.909013,28.086975,27.201378,12.655275,6.968431,22.820022,15.255049,14.051828,8.710781,28.018305,23.277962,8.2952,8.985,31.740901,6.648134,12.141758,29.115357,24.274324,33.849737,22.00045,22.00045,,17.891333,,,25.339832,25.339832,15.193622,13.467784,22.00045,,26.462226,16.95,16.95,10.110339,20.17,21.4549,43.964448,30.782427,,47.9181,6.914913,26.76,12.98,35.254819,8.4502,15.303207,39.288871,25.93,17.77103,7.59818,24.1482,,
2008-12-29,,69.12,24.204203,27.902827,27.01572,12.561709,6.809657,23.052518,15.272954,13.860471,8.514136,27.834629,23.274013,8.306,8.92,31.587765,6.63729,12.025734,28.706455,23.501144,33.673632,21.901328,21.901328,,17.823103,,,25.171458,25.171458,15.193622,13.330216,21.901328,,26.326723,16.59,16.59,10.197605,19.633,20.665,43.569644,31.289879,,48.1132,6.829482,25.83,12.27,35.246549,8.3694,15.105619,39.480994,26.32,17.472462,7.273834,22.6344,,
2008-12-30,,69.19,24.221094,28.405585,27.660139,12.741044,7.038988,23.653972,16.114489,13.677407,8.7618,28.336254,23.674472,8.4186,9.19,32.302171,6.728478,12.360806,29.49094,24.326438,34.561911,21.967346,21.967346,,18.031844,,,25.67658,25.67658,15.31782,13.417092,21.967346,,26.944917,17.175,17.175,10.291591,19.9064,21.572,44.222311,31.833602,,49.1055,6.832824,27.18,13.42,35.902911,8.6027,15.402001,40.157538,27.23,18.154852,7.922429,21.9753,,
2008-12-31,,69.38,24.31386,29.234207,28.118811,12.865799,7.074312,24.062907,16.087631,13.519402,8.87102,29.162844,24.086868,8.3753,9.545,31.978971,6.750215,12.618659,28.990225,25.064938,35.090046,22.173796,22.173796,,18.168305,,,26.250549,26.250549,15.828368,13.598098,22.173796,,26.978816,16.765,16.765,10.110339,19.8771,21.9523,44.133701,31.543604,,49.5295,6.754077,28.4,14.07,36.027512,8.7821,15.57983,40.85915,27.24,18.204657,8.117037,21.6348,,
2009-01-02,,69.46,24.61745,30.317735,28.834264,13.099714,7.268411,24.399613,17.108216,13.768985,8.685272,30.243657,23.932231,8.4597,9.755,33.11017,6.852295,13.056852,29.88309,25.707833,36.050372,22.578491,22.578491,,18.421062,,,26.434263,26.434263,15.510995,13.325409,22.578491,,27.292104,17.405,17.405,10.204325,20.1993,22.2449,45.100618,31.985837,,49.0122,6.767487,28.55,14.67,36.127211,9.0871,16.25163,41.360216,27.26,18.31836,8.66375,22.2505,,
2009-01-05,,69.46,24.524684,30.041561,28.91615,12.959365,7.562411,24.375536,16.875451,14.068503,8.495932,29.968192,24.106702,8.4748,9.775,32.982622,6.832728,12.940828,29.616073,26.541937,35.842256,22.809745,22.809745,,18.236535,,,26.633226,26.633226,15.469629,13.516029,22.809745,,27.09737,17.275,17.275,10.325188,20.0138,22.5472,44.802479,32.23965,,49.114,6.698766,27.5,14.45,36.426402,9.0063,16.301027,40.458257,27.71,18.226015,8.144893,23.04,,
2009-01-06,,,23.85843,29.814879,28.091545,13.091917,7.427186,23.894463,17.260408,14.33467,8.594255,29.742129,23.599173,8.5008,9.9,32.548802,6.841403,13.52085,30.016645,26.637917,35.730263,22.941877,22.941877,,17.943541,,,26.725082,26.725082,15.117718,13.16127,22.941877,,27.004148,16.98,16.98,10.170728,19.8478,22.7422,44.883123,31.347861,,48.3507,6.330137,28.71,15.03,36.359874,9.41,16.666565,38.194789,27.19,18.31127,8.191159,23.25,,
2009-01-07,,,23.900613,29.071325,26.917421,13.052931,7.197763,23.493524,16.884403,13.694083,8.321143,29.000313,23.329568,8.3363,9.57,31.783417,6.741539,13.147071,29.557671,26.297489,35.586169,22.925372,22.925372,,18.031844,,,26.082175,26.082175,14.834784,12.982711,22.925372,,26.52155,16.495,16.495,10.130497,19.2816,21.5232,43.424556,30.956373,,47.7739,6.269856,28.37,14.14,35.836476,9.1499,15.293327,37.618419,26.72,17.785298,7.653796,23.3007,,
2009-01-08,,,23.41149,29.127971,27.124962,13.091917,7.3742,23.445462,17.23355,13.81892,8.157252,29.056829,23.369506,7.8169,9.55,31.196559,6.706789,13.108364,29.323973,25.381089,35.506187,23.115317,23.115317,,18.156243,,,26.212291,26.212291,14.972837,13.344725,23.115317,,26.513075,16.335,16.335,10.137216,19.3011,22.0206,42.908922,30.956373,,47.8333,6.28995,28.2,13.89,35.894641,9.123,14.868513,36.86677,26.75,17.849194,7.542564,23.5579,,
2009-01-09,,,23.580131,28.646381,26.666201,13.045134,7.174305,23.301095,16.964976,13.552662,8.219168,28.576446,23.217741,7.5183,9.055,30.898849,6.604709,12.927926,28.723207,25.747668,34.841984,22.941877,22.941877,,17.899345,,,25.768437,25.768437,14.441507,13.564273,22.941877,,26.131989,16.005,16.005,10.392297,18.1198,21.6695,42.360975,30.680937,,47.1803,6.589857,27.34,12.82,35.587181,8.9974,14.710442,36.607864,26.34,17.010475,7.8298,23.1685,,
2009-01-12,,,22.686161,28.547299,26.600638,12.88919,6.921424,23.50161,16.678496,13.128398,8.390304,28.477543,23.912665,7.4122,8.455,30.703197,6.663317,12.837706,29.098698,25.634161,34.970027,23.561227,23.561227,,17.550183,,,25.638321,25.638321,14.331163,13.919032,23.561227,,26.292917,15.575,15.575,10.600427,17.4559,20.1481,41.410078,30.325721,,47.9351,6.633429,27.92,12.31,36.152206,8.9346,14.957427,36.62451,27.03,17.35876,7.783438,23.1317,,
2009-01-13,,,23.512657,28.065709,26.431394,13.169889,6.997868,23.269023,16.660591,13.203209,8.492279,27.997161,23.736937,7.185,8.3,30.958391,6.789302,12.811999,29.098698,26.271338,35.130082,23.80078,23.80078,,17.66657,,,25.737848,25.737848,14.365602,13.909419,23.80078,,26.199694,15.92,15.92,10.889104,17.6024,20.3139,42.087002,30.586683,,48.9274,6.702108,27.95,12.85,36.708868,8.9166,14.878392,36.373927,26.81,17.36585,8.052168,23.3669,,
2009-01-14,,,20.451283,27.520416,25.481134,13.068526,6.639107,23.349248,16.033916,13.070079,8.295634,27.453149,23.465357,7.2975,8.14,29.886734,6.65681,12.631463,28.46452,24.69161,34.12981,23.115317,23.115317,,17.104706,,,25.12553,25.12553,14.013692,13.721158,23.115317,,25.657773,15.39,15.39,10.862227,16.8311,19.3582,41.176382,30.129977,,47.1548,6.618348,27.31,12.1,36.152206,8.791,14.720322,35.11279,26.14,16.932222,7.802041,23.3669,,
2009-01-15,,,21.336761,27.959473,25.694146,12.967162,6.721438,23.581743,16.266681,13.144982,8.35755,27.891145,23.585172,7.5334,8.34,29.912322,6.676377,12.721682,28.748197,24.377333,34.209792,23.181336,23.181336,,17.40175,,,25.087271,25.087271,14.1655,14.17966,23.181336,,25.522269,16.075,16.075,10.989809,16.5773,18.9876,40.717135,30.071908,,48.868,6.703821,27.42,12.68,36.00261,8.8538,14.769719,35.079399,26.12,17.166804,7.86691,23.3375,,
2009-01-16,,,21.606659,28.41274,26.573372,13.247861,6.856755,23.83032,16.508398,13.685791,8.477729,28.34327,24.196272,8.029,8.295,30.68627,6.808822,12.863511,29.23216,24.089301,35.714212,23.652049,23.652049,,17.594379,,,25.477617,25.477617,14.151744,14.471665,23.652049,,26.259017,16.83,16.83,11.305364,16.5968,19.602,41.393967,30.535938,,49.8348,6.822756,28.3,12.72,36.717231,8.9525,15.026583,35.238032,27.11,17.36585,8.135543,23.4844,,
2009-01-20,,,21.185012,27.038826,26.147437,12.935974,6.509769,23.790254,16.204014,13.278111,8.401263,26.972766,23.880715,8.0485,7.775,30.167418,6.685053,12.824804,28.272563,23.13794,35.754249,23.305263,23.305263,,17.209122,,,24.995414,24.995414,13.592804,14.664733,23.305263,,25.844032,16.4,16.4,11.520128,16.1575,19.3387,40.63649,30.071908,,48.215,6.775842,27.07,11.69,35.479119,8.9256,14.423939,34.937412,26.6,16.889595,7.663049,22.9701,,
2009-01-21,,,22.871694,27.789534,26.169231,13.08412,6.76265,24.038831,17.206693,13.602597,8.474076,27.721598,23.832789,8.2087,7.975,30.864797,6.66756,12.76039,28.272563,22.911019,36.098343,23.396086,23.396086,,17.373666,,,25.546465,25.546465,13.813589,14.997728,23.396086,,25.810226,16.665,16.665,11.392631,16.3527,19.9043,40.644546,30.021163,,48.885,6.718859,26.92,12.0,36.044144,8.8808,14.443698,35.856116,27.18,16.95358,7.89467,23.4183,,
2009-01-22,,,22.65247,26.925534,26.065461,13.286847,6.850868,24.046826,17.170883,13.4445,8.441322,26.859735,23.924692,8.2887,7.92,30.68627,6.728761,12.915023,29.248912,22.457178,35.946314,23.875098,23.875098,,17.305436,,,25.010754,25.010754,13.620414,15.03636,23.875098,,26.064283,16.54,16.54,11.385911,16.1184,19.3777,40.572047,29.694981,,49.114,6.708834,26.57,12.07,36.09404,8.9884,14.275748,35.897929,26.78,16.875415,7.89467,23.5212,,
2009-01-23,,,22.711453,25.926974,25.169911,13.770272,6.809657,24.255336,17.206693,13.261435,8.343,25.863598,23.69296,8.6134,7.875,29.818728,6.654453,12.708878,29.157099,22.256408,35.394104,23.676854,23.676854,,16.936201,,,24.658757,24.658757,13.606659,14.720232,23.676854,,25.776327,16.48,16.48,11.305364,15.9622,19.3387,40.789633,29.883488,,49.5126,6.690411,25.68,12.01,36.700599,8.8449,13.781778,35.488614,26.96,16.733177,8.024408,23.4697,,
2009-01-26,,,23.192175,26.203149,25.295477,13.778069,7.068425,24.295403,17.493173,13.727342,8.383059,26.139161,23.72895,8.5593,7.775,30.703197,6.70033,12.837706,29.290654,22.378632,35.778234,23.82549,23.82549,,17.269251,,,25.102611,25.102611,13.723929,14.72259,23.82549,,26.5046,16.93,16.93,11.204659,15.8158,19.6313,41.434244,29.818182,,50.6406,6.700437,25.03,12.24,36.850101,8.9346,14.265869,35.137858,27.31,17.08155,8.256029,23.6534,,
2009-01-27,,,23.436782,26.705907,25.743296,13.926215,7.174305,24.64819,17.618508,13.802245,8.39761,26.640688,24.136319,8.1805,7.855,31.315643,6.7637,13.263095,31.276671,22.326237,36.202401,24.073249,24.073249,,17.389689,,,25.38576,25.38576,13.765296,14.838485,24.073249,,26.284442,17.295,17.295,11.365753,16.2258,20.0311,41.611553,29.10775,,50.1656,6.692082,24.37,12.79,37.639519,9.2306,14.542492,34.795425,27.4,17.436924,8.543265,23.6314,,
2009-01-28,,,23.689789,26.883,26.081874,14.083882,7.250749,24.944919,17.869178,13.985309,8.343,26.817348,24.088393,8.6242,7.925,31.426165,6.800854,13.585264,31.168198,22.282652,36.162365,24.42013,24.42013,,17.60239,,,25.67658,25.67658,13.930959,14.792599,24.42013,,26.843313,17.58,17.58,11.278487,16.5577,20.3724,41.933859,28.991699,,51.336,6.479277,24.17,13.15,37.0495,9.4549,15.066101,34.845561,27.51,17.692865,8.580375,24.0135,,
2009-01-29,,,23.133101,23.873209,25.797917,13.894755,7.091974,24.832623,17.600603,13.951958,8.160905,23.814907,24.004568,8.2476,7.86,31.587765,6.746254,13.404826,31.577101,21.086937,36.106368,24.180671,24.180671,,17.477992,,,28.378143,28.378143,13.496216,14.879475,24.180671,,27.241256,17.49,17.49,11.305364,16.0891,19.8653,41.643775,28.09276,,51.2512,6.53793,22.43,12.36,37.489924,9.3293,14.91791,34.17734,26.97,17.294775,8.478396,23.4403,,
2009-01-30,,,23.091009,22.662177,24.798507,13.477062,6.603875,24.351551,17.314123,13.685791,7.825877,22.606836,23.62511,8.2801,7.61,31.043423,6.518943,12.927926,31.109797,20.205405,34.962002,23.164831,23.164831,,17.144852,,,27.865442,27.865442,12.992497,14.348606,23.164831,,27.131176,16.75,16.75,11.103953,15.7474,18.8121,40.475383,26.932771,,50.225,6.397188,25.24,11.87,37.514825,8.9974,14.344904,33.634461,26.39,16.967759,8.200413,22.4704,,
2009-02-02,,,23.192175,22.492239,24.754829,13.729201,6.662656,24.640194,17.054501,13.219884,8.011625,22.437289,23.681024,8.3666,7.53,31.324107,6.641345,13.056852,30.450537,18.765242,35.330082,23.321767,23.321767,,16.952224,,,28.845006,28.845006,13.406556,14.493339,23.321767,,27.182025,16.835,16.835,11.204659,15.7084,18.5585,40.394738,27.121278,,50.3522,6.425679,25.1,11.72,37.897084,9.0871,13.860813,33.367133,26.44,17.074372,8.200413,22.926,,
2009-02-03,,,23.318633,22.78968,25.781504,14.083882,6.8861,25.097191,17.537935,13.469467,8.168211,22.733997,24.164321,9.1717,7.415,32.378739,6.748423,13.443533,30.876191,19.463437,35.954339,23.734667,23.734667,,17.385638,,,29.373138,29.373138,13.447923,14.814273,23.734667,,28.138839,17.3,17.3,11.365753,16.0891,19.1339,41.514798,27.781052,,50.1911,6.496029,26.01,11.63,38.362316,9.3562,14.58201,34.528097,26.32,17.294775,8.534012,23.433,,
2009-02-04,,,21.539185,22.024761,25.519342,13.807988,6.974319,24.760485,17.19774,13.03682,7.82953,21.971036,23.59316,8.8125,7.17,31.876913,6.66756,12.47683,30.425547,19.419853,34.801948,21.562746,21.562746,,17.016403,,,29.487913,29.487913,13.254748,14.618847,21.562746,,27.834026,17.28,17.28,11.24489,18.0417,19.563,41.490632,26.664571,,49.2412,6.467537,26.46,11.4,37.35696,8.6834,14.483216,33.392201,26.49,17.08155,8.413527,22.9186,,
2009-02-05,,,22.483738,22.931295,25.754238,13.760752,7.086087,24.632199,17.23355,13.394565,8.634315,22.875286,23.609135,8.8947,7.17,31.409139,6.719991,12.025734,30.433877,20.458476,34.953977,21.471829,21.471829,,17.13279,,,29.151165,29.151165,13.392702,14.729845,21.471829,,27.901824,17.535,17.535,11.056918,17.7683,19.8166,42.183666,27.012551,,49.555,6.405542,27.7,11.12,36.991334,8.3694,15.07598,33.350487,27.05,17.095729,8.737873,22.4777,,
2009-02-06,,,23.284941,24.390178,26.31121,13.776528,7.421298,24.503913,17.332028,13.827212,8.627009,24.330563,23.501257,8.9813,7.615,31.468681,6.864271,12.322196,31.276671,20.807621,34.873995,21.752691,21.752691,,17.477992,,,29.970026,29.970026,13.420312,15.024299,21.752691,,28.037235,18.09,18.09,11.385911,18.276,20.4992,43.134472,26.700843,,51.3106,6.578117,28.82,11.27,37.007966,8.5758,15.510674,34.38611,26.68,17.408477,9.006603,25.4537,,
2009-02-09,,,24.482501,23.766091,25.579433,13.358835,7.297756,24.864695,17.108216,13.569337,8.68168,23.708014,23.485282,9.1955,7.555,31.477243,6.840224,12.231977,30.625834,21.278896,34.593922,21.372801,21.372801,,16.980308,,,30.536416,30.536416,13.206454,15.516536,21.372801,,27.673191,17.73,17.73,11.285206,17.2119,20.1969,41.4423,26.621063,,52.7947,6.712176,28.29,10.88,35.844745,8.513,15.42176,33.826584,27.39,17.145535,8.756379,25.8432,,
2009-02-10,,,24.052362,22.474794,24.290686,12.988378,7.027305,24.191193,16.392016,12.870431,8.561501,22.419945,22.922108,8.8016,7.19,29.665592,6.689438,11.484321,29.87476,21.165483,33.017454,20.629525,20.629525,,16.32213,,,30.176659,30.176659,12.978741,15.41515,20.629525,,26.978816,17.27,17.27,11.056918,17.0752,20.2944,39.911325,26.128085,,52.3877,6.51111,27.29,10.65,35.047058,7.9927,14.878392,31.153801,26.73,16.740355,8.478396,25.1598,,
2009-02-11,,,23.605423,22.625426,24.334364,13.004154,7.703524,24.255336,17.537935,13.328046,8.739943,22.570199,22.894196,8.7648,7.16,29.784676,6.765916,11.497224,30.008315,20.432326,33.185534,20.736852,20.736852,,16.562916,,,30.827235,30.827235,14.413896,15.610667,20.736852,23.314871,27.20745,17.41,17.41,11.056918,17.7293,21.845,40.781578,26.367337,,51.9721,6.67533,27.57,10.68,35.457377,8.0016,15.322966,32.682266,24.88,16.882505,8.413527,25.2847,,
2009-02-12,,,24.069253,22.646987,24.509079,13.004154,7.632968,24.55997,17.967655,13.585921,8.707128,22.591636,23.089849,8.8081,7.335,29.776212,6.83584,11.639053,30.492279,20.222839,33.05749,21.034219,21.034219,,17.815092,,,31.8068,31.8068,15.29021,15.588902,21.034219,23.958785,27.26668,17.275,17.275,11.110673,18.0807,22.0011,41.901637,26.207865,,53.2612,6.541272,27.96,10.24,36.6127,8.1003,15.224171,33.091581,25.25,16.903774,8.422876,25.7182,,
2009-02-13,,,24.086145,22.073077,24.137765,12.783475,7.879961,24.760485,17.967655,13.810536,8.805451,22.019171,22.702493,8.9596,7.26,29.308439,6.781192,11.497224,30.767626,20.283951,33.113487,20.81117,20.81117,,17.59834,,,31.791551,31.791551,15.635193,15.422405,20.81117,23.650093,27.071946,17.645,17.645,10.687693,17.9929,21.767,42.360975,26.091814,,54.2874,6.326795,27.01,9.57,36.344822,8.0016,14.828995,32.440106,27.97,16.54131,8.154146,25.2406,,
2009-02-17,,,22.933507,21.255334,23.329484,12.815027,7.556524,23.878473,17.797558,13.194917,8.525095,21.203397,22.506751,8.8406,6.9,28.066717,6.728761,10.968811,29.115357,19.306346,32.137201,20.414775,20.414775,,17.096695,,,31.554239,31.554239,15.497239,15.166674,20.414775,24.046996,26.394521,17.12,17.12,10.452771,17.2216,20.704,41.75655,25.178401,,52.8202,6.328466,26.5,8.87,35.155956,7.6339,14.058401,31.471166,28.14,16.043697,7.690809,25.1377,,
2009-02-18,,,23.340364,20.846463,23.438725,12.665248,7.327193,23.549672,17.91394,13.461176,8.463179,20.79551,22.159243,8.6978,6.75,27.751981,6.647899,10.620739,29.031966,18.416097,32.273269,20.084493,20.084493,,17.12883,,,31.783881,31.783881,15.462503,15.132848,20.084493,24.655664,26.08114,17.615,17.615,10.425894,16.919,20.4505,41.522944,25.664055,,53.134,6.236309,25.91,8.43,34.653557,7.3917,13.91021,31.45452,27.89,15.745129,7.579673,24.2486,,
2009-02-19,,,23.594557,20.437493,23.520612,12.799251,7.356537,23.702034,17.779653,13.328046,8.361203,20.387623,22.255095,8.6761,6.865,28.024201,7.170182,10.569227,29.23216,18.075763,32.689411,20.092698,20.092698,,17.377627,,,31.462473,31.462473,15.698727,15.296988,20.092698,25.193743,26.65696,17.235,17.235,10.540038,17.0556,20.5285,42.062745,26.033832,,52.6082,6.368697,25.19,7.67,34.661919,7.3558,13.752139,30.828113,28.03,15.695412,7.579673,24.1825,,
2009-02-20,,,23.458969,19.712952,23.564291,12.342119,7.233087,23.613815,17.7707,12.878723,8.339347,19.664808,21.983515,8.6588,7.035,27.692439,6.988795,10.324277,28.906741,17.822598,32.145226,19.415535,19.415535,,17.193009,,,30.253266,30.253266,15.497239,15.267969,19.415535,26.137632,25.530744,16.98,16.98,10.378858,16.9971,20.2457,41.45841,25.830851,,51.6583,6.147537,25.08,7.18,34.77918,7.1853,13.673104,30.151569,28.18,15.453651,7.181205,23.5653,,
2009-02-23,,,23.196284,18.744578,23.334955,12.042653,7.044875,22.956303,17.37679,12.471135,8.186414,18.698781,21.775837,7.884,7.01,27.190613,6.897041,10.24696,28.382795,17.403624,31.264972,18.961326,18.961326,,16.892005,,,30.276185,30.276185,15.087237,14.898791,18.961326,24.082338,25.166607,16.035,16.035,10.103619,16.2941,19.563,40.418995,25.453837,,50.5727,5.914637,24.46,7.04,33.841467,7.1315,13.208772,29.658727,27.25,14.899231,7.051466,22.4924,,
2009-02-24,,,23.713254,19.311235,23.728153,12.405131,7.215425,22.972384,18.030322,12.720718,8.190005,19.264132,22.167231,8.2498,7.355,28.721581,6.982241,10.620739,28.727927,17.412435,31.745135,19.588975,19.588975,,17.281313,,,31.439463,31.439463,15.566711,14.811915,19.588975,24.249949,25.522269,16.72,16.72,10.318469,16.4992,19.9823,41.643775,25.301602,,51.2342,5.747075,24.49,7.28,34.444309,7.3917,13.56443,30.101433,27.76,15.133814,7.59818,22.0516,,
2009-02-25,,,23.340364,18.364323,23.984845,12.247555,7.144868,23.004456,18.361565,12.304747,8.164558,18.319541,21.887664,7.8754,7.165,28.866155,7.168013,10.118132,28.73635,17.604394,31.38499,19.688098,19.688098,,17.004431,,,30.505827,30.505827,15.038548,14.524716,19.688098,24.629229,25.894881,16.23,16.23,10.345346,16.4211,19.407,40.870187,25.229146,,50.6151,5.661602,23.56,6.79,32.392993,7.0418,13.73238,29.849463,27.02,14.813977,7.197783,21.5519,,
2009-02-26,,,22.975873,17.78326,23.438725,11.861323,6.939087,22.050306,17.94975,11.980261,8.211862,17.739866,21.108824,8.1351,6.955,27.734955,6.931979,10.14423,28.113463,17.691657,30.976874,18.887008,18.887008,,16.482714,,,30.842485,30.842485,15.080211,14.316413,18.887008,24.31163,25.276686,15.505,15.505,10.150655,16.011,18.5488,39.822625,24.801387,,50.8356,5.546009,23.4,7.7,31.162314,7.06,13.23841,29.765539,26.73,14.941859,7.458513,21.1404,,
2009-02-27,,,22.594491,17.037255,23.471462,11.884986,6.750875,21.464932,18.30785,11.689035,8.124498,16.995614,20.961007,8.0831,7.04,27.786033,6.956025,10.078838,28.357528,17.604394,31.420878,18.81269,18.81269,,16.39441,,,29.755724,29.755724,15.156709,14.32131,18.81269,24.33816,26.546881,16.64,16.64,10.365419,16.216,18.0416,38.791265,24.264901,,51.3954,5.626427,23.97,7.85,31.078504,7.0145,12.892631,29.589071,26.69,15.226247,7.84956,21.1184,,
2009-03-02,,,21.391088,15.853567,23.373162,11.774647,6.286325,21.22435,18.075085,11.214836,8.193658,15.814924,20.897106,8.239,6.575,27.216202,6.868609,9.738977,28.21444,15.980988,30.645855,18.267564,18.267564,,15.928861,,,29.564431,29.564431,15.615302,13.600819,18.267564,23.826516,26.326723,16.52,16.52,10.117058,15.5424,16.8421,37.75176,23.742889,,49.9112,5.546009,22.65,6.79,30.157609,6.778,12.823475,29.673094,26.73,14.742813,7.681941,19.9133,,
2009-03-03,,,21.594424,15.272503,23.302218,11.790423,6.192219,21.392794,17.815463,10.92361,8.415813,15.235249,20.829256,8.5571,6.39,27.003524,6.73093,9.490605,27.852462,16.391245,30.694277,18.118928,18.118928,,15.58366,,,29.717465,29.717465,15.941977,13.669467,18.118928,23.323683,26.386046,16.965,16.965,9.814942,15.3081,16.5983,39.057183,23.445655,,48.8934,5.458864,22.68,6.66,29.437507,6.6051,12.744439,29.832718,26.35,14.195484,7.430561,19.3328,,
2009-03-04,,,22.391154,15.702935,23.240332,12.026877,6.292212,21.384799,18.20042,10.898735,8.467141,15.664573,20.5137,8.6696,6.66,27.190613,6.652284,9.765172,28.130308,17.185514,30.734674,18.127227,18.127227,,15.944884,,,30.926672,30.926672,16.101801,13.936625,18.127227,23.817609,26.529932,17.585,17.585,10.117058,15.5619,17.7902,38.695415,24.279375,,49.9621,5.68508,22.67,6.89,29.74729,6.7962,12.90251,29.437968,26.7,14.749992,7.542275,20.2292,,
2009-03-05,,,21.958915,14.49063,22.454115,11.419966,5.886444,21.072079,17.126121,10.075083,8.008963,14.455236,19.966501,8.6437,6.09,26.569802,6.424972,9.046156,26.505713,15.911159,29.644771,17.342642,17.342642,,15.190391,,,29.86292,29.86292,15.094165,14.032207,17.342642,23.844139,25.640823,17.105,17.105,10.506441,14.7028,16.9628,37.370351,23.887887,,48.3591,5.52086,22.48,5.91,28.926838,6.2958,12.260348,28.228553,25.8,14.053334,7.06737,19.1417,,
2009-03-06,,,22.001281,13.680041,22.729013,11.593408,5.880557,21.288584,17.188788,10.158277,8.063944,13.646576,20.353947,8.516,5.945,26.56124,6.634791,9.255332,26.926647,16.111929,30.000047,17.854664,17.854664,,15.692036,,,30.552928,30.552928,15.038548,14.135134,17.854664,23.323683,25.674722,17.675,17.675,10.553391,14.9274,17.15,38.288936,24.170648,,46.5187,5.531185,21.77,5.93,29.311977,6.4413,12.309745,28.640047,26.56,14.342596,7.430561,19.2152,,
2009-03-09,,,21.891075,12.812022,22.575106,11.301739,5.798226,20.56693,17.19774,9.90031,7.682727,12.780717,19.846687,8.0853,5.645,26.135982,6.595468,8.92847,26.009163,15.666805,29.063526,17.532587,17.532587,,15.551615,,,30.013247,30.013247,14.795298,14.024861,17.532587,23.253095,25.115851,17.91,17.91,10.647377,14.6833,16.8643,37.240288,24.699897,,45.6113,5.665329,21.8,5.6,29.027281,6.2139,12.616007,27.674179,26.74,14.305818,7.495719,18.9727,,
2009-03-10,,,23.306398,13.888005,20.342825,11.490957,6.12755,21.096064,17.869178,11.164901,7.653379,13.854124,20.046378,8.239,5.94,27.173686,6.698161,9.307625,25.882919,16.574487,29.200767,18.003301,18.003301,,15.71616,,,30.221414,30.221414,14.746707,14.054243,18.003301,23.341306,26.089615,18.155,18.155,11.144185,15.23,17.6523,37.882456,24.685336,,45.9929,5.76854,22.15,6.01,28.951925,6.4777,12.922269,27.548244,27.5,14.548465,7.905465,19.7222,,
2009-03-11,,,23.264032,14.39733,20.381391,11.0496,6.204546,20.518777,17.98556,11.223128,7.506762,14.36218,19.742847,8.1827,5.88,26.773918,6.593252,9.124548,26.04276,16.312699,28.9344,17.606905,17.606905,,16.048669,,,30.43725,30.43725,14.190736,14.054243,17.606905,23.447141,25.717096,17.77,17.77,11.003248,15.3876,18.0267,38.549061,24.395426,,44.5766,5.670513,18.33,5.95,28.650504,6.3504,12.645645,27.64059,26.66,14.644,8.249956,19.5826,,
2009-03-12,,,23.670889,14.906655,21.261065,11.506732,6.672223,21.007936,18.818142,11.922034,7.854978,14.870236,20.769304,8.8947,6.35,27.598944,6.663175,9.503703,27.103332,17.054573,29.61249,18.383191,18.383191,,16.563816,,,31.416364,31.416364,14.274161,14.718328,18.383191,24.682193,26.52155,18.235,18.235,11.160685,16.1462,18.8935,39.256305,25.113095,,47.3414,5.828736,18.51,7.97,29.822645,6.6142,12.951907,26.960281,28.12,15.283585,8.63175,20.0676,,
2009-03-13,,,23.569175,15.487719,21.255505,11.672196,6.660357,21.593218,18.916619,12.11339,8.126232,15.449911,21.008933,8.9596,6.28,27.888091,6.663175,10.039642,27.953531,16.827652,29.862806,18.60624,18.60624,,16.717919,,,31.686249,31.686249,14.072574,15.24031,18.60624,24.188172,26.936442,18.495,18.495,11.420869,16.353,19.1693,39.524576,26.106288,,46.7647,6.06609,19.02,8.16,30.559473,6.9872,12.892631,26.607543,28.46,15.739369,8.762066,21.28,,
2009-03-16,,,23.848843,15.817698,21.601885,11.743096,6.849856,21.954091,18.218325,12.154941,8.247216,15.779066,21.328529,9.3059,6.625,28.534491,6.634791,10.366503,28.020817,16.583204,30.597433,18.887008,18.887008,,16.738172,,,32.611404,32.611404,13.794588,15.14228,18.887008,23.217848,27.664716,17.985,17.985,11.578391,15.7029,19.0708,39.614,26.940008,,47.0955,6.188195,19.21,8.26,30.517567,7.2147,13.129736,26.405908,28.62,15.695235,8.771416,21.5078,,
2009-03-17,,,24.213242,16.24813,21.453449,12.034765,7.027397,21.970081,18.495852,12.45446,8.41216,16.208488,21.432368,9.3059,6.82,28.968213,6.776855,10.497189,29.493809,16.635599,30.573176,19.250394,19.250394,,16.811173,,,32.711562,32.711562,14.239326,15.463304,19.250394,24.294007,27.901824,18.425,18.425,11.790604,15.6438,19.1792,40.036772,27.984033,,48.5033,6.336092,19.48,8.56,31.128772,7.3057,13.169254,26.447919,28.96,16.28342,8.920432,22.4484,,
2009-03-18,,,24.153893,16.793324,21.6844,11.735208,7.068885,21.601213,18.137752,12.545946,8.558777,16.752304,19.02387,9.6262,6.885,28.168775,6.752808,10.471091,29.628568,16.600732,29.878946,18.407995,18.407995,,16.892275,,,32.703892,32.703892,13.711163,15.134934,18.407995,24.329253,27.351335,17.995,17.995,11.53731,15.8605,19.7013,40.215529,27.752017,,47.6722,6.315485,19.71,8.78,30.668278,7.2875,13.189013,27.833803,28.05,16.040772,8.780669,22.5365,,
2009-03-19,,,23.848843,17.015695,21.51399,11.490957,6.944514,21.136222,17.690128,12.204877,8.41216,16.974177,18.88808,10.0309,6.865,28.406845,6.73093,10.575581,29.409678,17.106874,29.604464,18.300668,18.300668,,17.107227,,,31.925185,31.925185,13.481867,14.816358,18.300668,24.188172,27.309054,17.69,17.69,11.427758,15.7915,19.5929,39.825341,26.976279,,45.4501,6.217415,19.13,8.29,30.375219,7.3602,12.942028,27.716191,27.68,15.879037,8.706258,22.4851,,
2009-03-20,,,23.255541,16.406014,21.151106,11.877099,7.003756,21.232436,17.081358,12.587589,8.360832,16.365854,18.860168,9.7971,6.51,28.488727,6.779024,10.497189,29.401256,17.307644,29.410686,18.284163,18.284163,,17.293824,,,32.033194,32.033194,13.752925,15.262346,18.284163,24.408653,27.503788,17.5,17.5,11.489338,15.6339,19.2974,40.662648,27.809999,,45.306,6.305159,19.02,8.35,30.392037,7.3057,12.536972,27.78337,27.66,15.621767,8.492083,22.4777,,
2009-03-23,,,24.713321,18.15636,22.08576,12.294792,7.305667,21.601213,17.904987,12.812204,8.628433,18.111992,19.850636,10.178,7.06,29.780543,6.921087,10.967834,30.487096,18.154309,30.435935,19.371963,19.371963,,17.902225,,,33.205044,33.205044,14.051693,15.522158,19.371963,24.144019,28.316717,18.27,18.27,11.71533,16.3235,20.3613,41.971511,28.030593,,46.9937,6.502926,19.91,9.51,31.639533,7.6332,12.942028,29.37079,28.82,16.217219,9.125257,23.4844,,
2009-03-24,,,24.63699,17.890868,21.827365,12.152992,7.276046,21.504999,18.23623,12.945334,8.489122,17.847246,19.890574,10.6044,6.9,29.634099,6.840224,11.046226,29.805253,18.285156,30.008072,19.388656,19.388656,,17.853528,,,32.757851,32.757851,13.49582,15.637328,19.388656,23.905915,25.623873,18.15,18.15,11.742718,16.2841,20.4007,41.890233,28.530633,,47.8842,6.387719,19.7,9.45,30.835713,7.6878,13.100098,29.547159,28.21,15.886393,9.199765,22.6688,,
2009-03-25,,,24.391196,18.593946,22.080289,12.263331,7.358929,21.84979,16.830688,12.903691,8.529429,18.548527,19.782785,10.1715,7.06,29.806328,6.883933,11.020128,29.434945,18.451058,30.258388,19.288307,19.288307,,18.149582,,,32.973688,32.973688,13.954413,15.916728,19.288307,24.06462,25.310585,17.675,17.675,11.824881,16.6978,21.0508,42.654317,28.368894,,47.4093,6.544228,21.11,9.58,30.509205,7.6696,12.39866,29.496725,28.49,16.136396,9.199765,23.4477,,
2009-03-26,,,24.526784,19.605344,22.454115,13.390295,7.856319,21.817719,16.741163,14.867187,8.683414,19.557526,19.650944,10.5611,7.28,29.806328,6.973518,11.111618,29.544344,20.004635,30.371373,19.305001,19.305001,,18.190178,,,32.765521,32.765521,14.468721,15.826043,19.305001,24.302818,24.827894,18.34,18.34,11.783799,17.3382,21.8586,43.215298,28.162948,,45.3653,6.48746,21.83,10.23,30.626465,7.7333,12.220831,29.782284,28.3,16.217219,9.24632,23.58,,
2009-03-27,,,24.179368,18.95264,21.365554,13.358835,7.832586,22.010148,16.463636,14.218216,8.489122,18.906329,20.30997,10.204,7.215,29.022637,6.881717,10.784756,29.4181,20.232962,29.782012,19.154384,19.154384,,18.291533,,,32.195071,32.195071,14.023885,15.465752,19.154384,24.285195,24.844844,17.96,17.96,11.338706,17.348,22.026,42.589331,27.633525,,46.1795,6.282795,22.25,9.69,30.693458,7.5058,11.90469,29.706683,28.9,15.996639,9.162463,22.7643,,
2009-03-30,,,23.204684,17.639782,21.068592,13.098717,7.749703,21.649366,15.962296,14.018568,8.474447,17.596726,20.074379,10.0612,7.245,28.583404,6.872994,10.627875,29.241323,18.968355,29.451083,18.275769,18.275769,,17.812932,,,31.66306,31.66306,14.190736,15.458407,18.275769,24.06462,24.861794,17.75,17.75,11.215461,16.8358,21.7699,42.101574,27.00854,,46.1117,6.296548,21.04,8.85,30.358494,7.3966,11.687343,28.765983,29.02,15.834992,8.687558,22.3528,,
2009-03-31,,,23.5437,17.611165,21.349051,13.295732,7.808945,21.93801,16.186109,14.068503,8.606391,17.568078,19.922524,10.388,7.12,28.471504,6.92981,10.562581,29.249745,18.617148,29.572183,18.652359,18.652359,,17.825173,,,31.979144,31.979144,14.468721,15.130037,18.652359,25.467283,25.039578,18.0,18.0,10.968971,16.9934,21.8093,41.849594,26.162875,,45.6961,6.164117,20.86,9.46,31.204127,7.3511,11.756498,28.791249,28.79,15.967305,8.743463,21.9854,,
2009-04-01,,,24.026797,18.457623,21.447978,13.185393,7.986485,22.242735,16.973928,14.476091,8.566083,18.4125,20.290046,10.0958,7.27,29.04852,6.969133,10.74556,29.737966,18.977165,30.347207,19.087422,19.087422,,18.194228,,,32.164211,32.164211,15.03162,15.000177,19.087422,24.593982,25.124326,18.105,18.105,11.160685,17.5155,22.1935,42.451123,26.633531,,46.2813,6.427264,20.74,9.7,31.379925,7.4785,11.657704,29.143987,28.8,16.040772,9.106654,23.117,,
2009-04-02,,,24.289573,20.832056,22.025309,13.51641,8.418747,22.582529,17.224598,15.100095,8.756723,20.781187,20.37791,10.6174,7.685,29.573769,7.054381,11.059324,29.98203,19.907999,30.807352,19.221346,19.221346,,18.388927,,,33.282103,33.282103,15.309606,15.164316,19.221346,24.126396,25.030358,18.55,18.55,11.030636,18.3233,23.6711,42.971374,26.537883,,46.8156,6.549369,21.79,10.25,31.580903,7.6969,12.033122,30.286224,28.93,16.871516,9.330082,23.2566,,
2009-04-03,,,24.49291,21.563752,22.855475,13.477062,8.341751,22.194128,17.260408,15.391321,8.789662,21.511115,20.314008,10.8641,8.065,29.694428,7.00195,11.059324,30.419717,20.364653,30.686251,19.246433,19.246433,,18.238785,,,33.405451,33.405451,15.337415,15.330995,19.246433,24.126396,24.996273,18.59,18.59,11.064828,18.3824,23.8484,42.833165,26.618796,,46.2728,6.588914,22.53,10.65,31.806969,7.6969,12.052881,30.429004,28.56,17.150852,9.804986,23.3522,,
2009-04-06,,,24.331939,23.012834,22.113205,13.492747,8.288489,21.546883,17.063453,15.374645,8.771335,22.956649,20.293994,10.9377,7.82,29.255195,6.997565,11.020128,30.259784,20.715953,31.114115,18.911718,18.911718,,18.246976,,,32.557355,32.557355,14.969076,14.848189,18.911718,24.743875,25.021883,18.35,18.35,11.064828,18.2937,23.6415,42.816964,27.449726,,46.2643,6.623318,23.04,10.46,31.564178,7.6696,11.707101,29.706683,27.93,16.944983,9.544256,22.8084,,
2009-04-07,,,21.746995,23.019989,22.349626,13.547961,8.12861,21.166567,16.982881,14.950382,8.727374,22.963762,20.46721,10.8684,7.525,28.747071,6.859886,10.797854,29.679009,19.662145,31.445135,18.794582,18.794582,,18.096834,,,32.434007,32.434007,14.850915,15.147177,18.794582,23.949973,24.69742,17.765,17.765,11.153881,18.2543,23.4938,42.47547,27.192338,,45.501,6.6818,22.76,10.33,31.3632,7.5149,11.499634,29.429546,27.83,16.849449,9.637367,23.433,,
2009-04-08,,,21.84871,23.995615,22.228725,13.721313,8.418747,21.182739,17.30517,15.216548,8.723721,23.937,20.46721,10.9485,7.635,29.014075,6.971349,11.320793,30.444984,19.706011,31.663079,18.451473,18.451473,,18.246976,,,32.603644,32.603644,14.59381,15.539298,18.451473,23.729398,24.680377,18.035,18.035,11.22235,18.6484,24.0454,42.499908,28.126241,,45.4841,6.73167,23.14,10.68,32.418173,7.8788,10.916748,28.984363,27.68,17.040607,9.786383,23.5523,,
2009-04-09,,,21.908058,25.688531,22.816998,13.91053,8.614042,21.134223,17.564793,16.198297,8.7127,25.625843,20.479326,11.5068,7.965,29.237972,6.92981,11.373087,30.790116,20.408612,31.929536,18.702533,18.702533,,18.246976,,,32.981448,32.981448,14.607665,15.507467,18.702533,23.464764,24.72303,18.535,18.535,11.167575,19.3281,24.4099,42.353553,27.729173,,44.8819,6.733426,24.0,11.59,32.493528,7.9152,11.045181,29.790706,27.15,17.378788,10.233335,24.0294,,
2009-04-13,,,22.80641,24.942527,22.503623,13.949879,8.572646,21.020928,17.323075,15.873811,8.650413,24.88159,20.289956,11.7384,7.915,29.134635,6.925425,11.203107,30.377697,20.707142,31.67922,18.794582,18.794582,,18.141481,,,33.220384,33.220384,14.169854,15.426577,18.794582,23.35893,24.48406,18.32,18.32,11.338706,19.4168,24.2227,41.85765,27.26584,,44.9667,6.795336,23.29,11.52,32.326,7.7969,10.906869,29.295189,27.28,17.452256,10.456762,23.6418,,
2009-04-14,,,21.63679,24.096069,22.377161,13.926215,8.341751,20.980498,17.332028,16.106811,8.635739,24.037169,19.935538,11.6605,7.67,28.841747,6.851116,10.993932,29.931588,20.136326,31.69536,18.752707,18.752707,,17.930579,,,32.033194,32.033194,13.905822,15.078619,18.752707,23.376553,24.381617,17.87,17.87,11.28393,19.1114,23.8188,41.101621,26.795271,,45.518,6.692125,23.92,10.82,31.974404,7.6514,11.015543,29.572326,26.99,17.099363,9.963255,22.1655,,
2009-04-15,,,21.941932,24.017176,22.756547,14.05233,8.507517,21.150395,17.62746,16.456172,8.723721,23.958437,20.092598,11.0805,7.84,29.418763,6.980874,11.137716,30.209342,20.109988,32.171736,19.13769,19.13769,,18.263179,,,32.726992,32.726992,14.246353,15.210928,19.13769,23.47367,24.356007,17.91,17.91,11.564697,19.6039,24.2227,42.304768,27.795351,,45.9336,6.597526,23.94,11.08,32.535341,7.7515,11.252648,30.067844,26.73,17.466967,10.047113,22.7247,,
2009-04-16,,,22.102995,24.698596,22.82803,14.273008,8.904178,21.498367,18.191467,16.364686,8.7127,24.638281,20.241671,11.3489,8.005,29.642661,7.009447,11.242303,30.293473,20.224151,32.486525,18.953593,18.953593,,18.291533,,,33.544228,33.544228,14.579856,15.487789,18.953593,23.817609,24.458449,18.295,18.295,11.626277,19.5153,24.7842,42.239782,27.942355,,45.7979,6.73514,24.41,10.7,32.719501,7.8242,11.410719,31.168069,27.12,17.878617,10.186779,23.2392,,
2009-04-17,,,22.187726,24.999957,22.734574,14.399123,8.815408,21.393157,18.084037,16.680787,8.782356,24.938886,20.096637,11.3986,8.005,29.668545,7.055607,11.268499,30.16723,20.540303,32.37354,18.970286,18.970286,,18.259128,,,33.706106,33.706106,14.531266,15.924073,18.970286,23.350118,24.80843,18.54,18.54,11.633167,19.5842,24.8236,42.377991,27.442315,,45.7809,6.810802,24.4,10.59,32.418173,7.8424,11.519393,32.234705,27.1,17.893328,10.400954,23.8654,,
2009-04-20,,,20.865626,23.328504,23.372266,14.060218,9.040324,21.368899,17.940797,15.898779,8.804336,23.27148,20.112792,11.3402,7.72,29.332649,6.952253,11.00703,30.16723,19.135194,31.969842,18.802976,18.802976,,17.979276,,,33.559658,33.559658,14.468721,16.117595,18.802976,23.129637,24.577934,18.3,18.3,11.592085,24.6675,30.271,40.532585,27.140896,,45.5519,6.755748,24.01,9.74,32.250645,7.6605,11.242769,31.117735,27.01,17.555146,9.870144,23.1944,,
2009-04-21,,,20.891009,24.103223,24.076059,14.162669,8.7443,21.49028,17.708033,16.106811,8.881298,24.04438,20.40277,11.3056,8.055,29.435986,6.943483,11.190009,29.965185,19.635807,32.317002,19.037248,19.037248,,17.476372,,,35.039833,35.039833,14.378369,15.656916,19.037248,23.253095,24.680377,18.45,18.45,11.455146,24.1749,29.7095,40.11805,27.12616,,45.8487,6.788438,23.96,9.9,32.610696,7.7878,11.331684,31.226925,27.06,17.952173,10.121524,23.269,,
2009-04-22,,,21.170677,25.050135,24.246469,14.170557,8.998928,21.231346,17.44841,15.740682,8.742049,24.98897,19.935538,11.6908,7.93,28.893416,6.835745,10.954736,30.35243,19.626996,31.768039,18.777794,18.777794,,17.411472,,,32.380048,32.380048,14.211617,15.340789,18.777794,23.47367,24.560892,18.575,18.575,11.53731,23.9385,29.8671,39.004326,26.655591,,46.5103,6.714489,24.32,10.33,32.150202,7.6241,10.995784,30.88251,26.7,17.790438,10.16808,23.2093,,
2009-04-23,,,20.111353,24.626857,24.867748,14.209996,9.117319,20.931982,17.52003,15.798909,8.756723,24.566759,20.008055,11.5761,7.91,28.876193,6.846731,10.784756,31.522401,18.3712,31.57426,18.635571,18.635571,,17.407421,,,32.295319,32.295319,14.25328,15.448613,18.635571,23.22666,24.637724,19.74,19.74,11.571502,23.9976,29.9952,38.931103,27.207074,,46.2728,6.750607,24.19,10.55,32.317637,7.5058,10.985904,30.613795,26.62,17.709526,10.251938,22.5681,,
2009-04-24,,,20.145227,26.83635,24.983268,14.099657,9.129186,20.122834,17.725938,15.807293,8.764029,26.770771,19.629405,11.5306,8.185,28.747071,6.734608,10.719462,30.453406,18.555661,31.437019,18.627177,18.627177,,17.354673,,,33.282103,33.282103,15.775225,15.340789,18.627177,23.182507,24.688945,19.945,19.945,11.585196,24.1158,30.2907,39.443299,27.523228,,46.1795,6.757505,24.8,10.32,32.049759,7.4603,10.916748,31.13448,26.1,17.305232,10.17743,22.6203,,
2009-04-27,,,20.509627,26.197856,25.10973,13.847428,8.957441,20.27656,17.367838,15.590969,8.500143,26.133899,19.80262,11.5112,8.035,28.824524,6.593912,10.471091,30.184075,18.107818,31.267497,18.72762,18.72762,,17.13162,,,33.567328,33.567328,15.705654,15.237861,18.72762,23.156072,24.705988,19.94,19.94,11.557808,24.2931,30.6453,39.92291,27.346754,,45.8827,6.795336,24.2,9.04,31.773426,7.2875,10.837713,30.84892,25.36,17.01854,9.274176,22.2103,,
2009-04-28,,,20.509627,27.216507,24.257501,14.107545,9.413343,20.446457,17.690128,15.907071,8.514755,27.150108,20.157038,12.0544,8.055,28.945085,6.679631,10.667168,30.268206,17.879492,31.638913,19.079122,19.079122,,17.147823,,,33.960561,33.960561,15.677945,15.470649,19.079122,25.114438,24.688945,19.995,19.995,11.639971,24.3621,30.8423,40.678939,27.082042,,48.1132,6.989676,24.79,9.44,31.781788,7.4239,10.817954,30.613795,26.7,17.253743,9.40459,22.8365,,
2009-04-29,,,20.746929,27.962609,25.34059,14.250886,9.981658,20.689219,18.254135,16.922078,8.393833,27.894263,20.455183,11.4116,8.15,29.272418,6.774167,10.82405,30.487096,20.268111,31.889139,19.472405,19.472405,,17.322179,,,34.145538,34.145538,15.865578,15.615292,19.472405,25.546683,24.791388,20.585,20.585,11.516726,24.6675,31.522,41.012287,27.089366,,47.2396,7.134145,26.57,9.16,32.577246,7.5331,11.094578,30.84892,26.95,17.930106,9.534906,23.2168,,
2009-04-30,,,20.865626,28.199288,25.56607,14.099567,10.100049,20.8106,18.531662,17.229888,8.467141,28.13046,20.418925,15.649,8.345,29.642661,6.879736,10.876344,30.419717,20.988145,33.996266,19.581148,19.581148,,17.460079,,,33.767825,33.767825,16.094874,15.470649,19.581148,24.920297,25.141369,20.38,20.38,11.181269,24.2045,30.8029,40.451307,26.618796,,48.4779,6.532189,26.6,8.64,32.987472,7.5695,11.450237,32.125614,26.59,17.900684,9.814335,22.4861,,
2009-05-01,,,21.619899,30.16485,25.708945,14.298667,10.064541,20.875289,16.947071,16.863852,8.386465,30.09126,20.334292,15.5819,8.28,29.901103,6.884121,10.82405,30.057832,20.742291,35.037656,19.656503,19.656503,,17.224874,,,34.554201,34.554201,15.98364,15.218274,19.656503,25.01732,25.184022,20.545,20.545,11.208656,24.0567,30.9408,40.475745,27.33943,,49.4871,6.638827,27.36,8.61,33.096277,7.5331,11.469995,32.789079,26.82,17.621347,9.832938,21.8226,,
2009-05-04,,,22.179235,30.451804,25.818904,14.378361,10.259928,21.0371,17.009738,17.088467,8.544103,30.377443,21.12785,15.9174,9.025,30.271346,6.963287,11.438381,30.495518,22.603959,35.731976,20.300846,20.300846,,17.508776,,,37.283376,37.283376,16.199082,15.316304,20.300846,26.578783,25.98652,20.935,20.935,11.071718,24.1257,31.0295,39.914765,28.038004,,49.8603,6.621604,27.93,9.87,34.511209,7.9607,11.687343,32.335572,27.32,17.841927,10.894461,22.8067,,
2009-05-05,,,20.204576,30.96113,26.005907,14.394318,10.064541,21.352727,16.535256,17.379693,8.408507,30.885499,21.010998,16.136,8.055,30.331675,6.897323,11.451479,30.158808,22.577621,35.029631,21.104105,21.104105,,17.496625,,,35.456166,35.456166,16.185227,15.446164,21.104105,27.169732,25.66215,20.825,20.825,11.366093,24.5,31.2856,40.42696,27.420256,,50.1995,6.728242,28.18,12.25,34.251693,7.9698,11.934328,35.417869,27.1,17.356721,11.31346,23.1571,,
2009-05-06,,,20.543592,30.580973,26.187349,14.091588,10.147424,21.352727,16.427826,17.138402,8.342504,30.50626,20.890196,16.2225,8.0,30.228338,6.890722,11.712948,29.763233,23.148438,34.714752,20.920007,20.920007,,17.415522,,,35.063023,35.063023,16.004521,15.772086,20.920007,26.243561,25.66215,19.78,19.78,11.681053,24.8251,31.5713,40.418814,28.890906,,49.9366,6.92948,28.01,11.58,33.958635,8.1518,12.092398,35.291933,26.85,17.003828,11.341413,24.1413,,
2009-05-07,,,21.162185,29.031437,26.005907,13.964113,10.25404,21.34455,15.765341,17.071883,8.320524,28.960557,21.53872,16.1706,7.915,30.133563,6.903924,12.222789,29.569611,22.595242,34.432245,20.953488,20.953488,,17.358724,,,34.970444,34.970444,15.878542,15.664261,20.953488,26.437607,26.123141,19.03,19.03,11.660555,24.8941,31.6993,40.231821,30.052726,,51.0052,6.84692,28.55,11.75,33.682394,8.5066,12.023242,34.905606,26.76,17.062673,11.341413,24.2606,,
2009-05-08,,,22.857267,29.763133,25.928953,13.996027,10.301415,21.360813,15.863819,17.421244,8.181213,29.690486,21.510539,17.4215,8.05,30.54701,7.027034,12.013614,29.64532,23.394292,34.577511,21.363558,21.363558,,17.407421,,,36.003607,36.003607,16.011548,16.129928,21.363558,27.134485,26.37068,21.275,21.275,11.708441,25.1009,31.719,40.443161,30.221876,,52.7778,6.965597,29.21,12.46,34.075895,8.361,12.349263,35.275089,28.0,17.349366,11.527634,25.789,,
2009-05-11,,,21.763978,28.682152,25.857471,14.027851,10.265815,21.530711,16.141346,17.180045,8.173907,28.612109,21.313182,18.166,8.085,30.710579,6.939099,11.88283,29.780078,22.085913,34.650189,21.087411,21.087411,,17.338471,,,35.456166,35.456166,15.815602,16.027001,21.087411,26.419983,26.191405,21.725,21.725,11.667359,24.8645,31.5516,40.304953,29.817484,,51.2512,6.874426,28.1,12.01,33.699119,8.27,12.102278,35.266766,27.89,17.217053,11.499682,25.021,,
2009-05-12,,,21.941932,27.370568,26.286276,14.195127,10.402052,21.935284,15.917534,17.687503,8.188581,27.303772,21.611237,17.3133,8.095,31.218703,7.117185,11.96132,30.057832,21.506286,34.835852,21.263116,21.263116,,18.007631,,,35.764581,35.764581,15.745635,16.676395,21.263116,26.305243,26.882893,21.805,21.805,11.907044,24.7857,31.6501,40.052973,30.766035,,52.4131,7.049871,28.35,12.01,34.394041,8.3246,11.973845,35.476724,28.0,17.613991,11.360015,25.3416,,
2009-05-13,,,21.060563,26.008513,25.522032,14.019872,9.975771,21.854333,16.168204,18.36135,8.159233,25.945059,21.534682,16.9172,7.985,30.727802,7.128171,11.922124,29.64532,20.671994,34.407989,20.827958,20.827958,,17.695374,,,34.369134,34.369134,15.42371,16.816049,20.827958,25.978927,26.729229,21.36,21.36,11.797493,24.6773,31.4235,40.370029,30.714593,,52.1756,6.924296,27.34,11.34,33.862001,8.2973,11.499634,34.922351,27.97,17.415478,11.229602,24.6855,,
2009-05-14,,,21.365613,26.376125,25.423105,14.107545,10.023145,21.644006,16.481541,17.778989,8.173907,26.311631,21.518617,17.2527,8.17,30.54701,7.132556,12.196593,29.628568,21.435988,35.045771,21.003756,21.003756,,18.210431,,,34.785468,34.785468,15.577597,16.70088,21.003756,25.440753,26.806061,21.4,21.4,11.639971,24.8842,31.6402,41.353691,31.192486,,51.6668,6.833167,28.8,11.91,33.946463,8.4884,11.598428,35.291933,28.04,17.283165,11.937284,25.364,,
2009-05-15,,,21.331739,26.087798,25.307585,14.067653,9.904662,21.75721,16.588971,18.36135,8.206908,26.024083,21.19229,16.8415,8.325,30.262783,7.165561,12.05281,29.695854,21.769761,34.868134,20.752697,20.752697,,18.234734,,,34.230357,34.230357,15.63361,17.004765,20.752697,25.42313,26.609744,21.305,21.305,11.626277,25.0615,31.7978,40.906572,31.743969,,51.4208,6.872712,28.66,11.72,33.566527,8.3883,11.756498,35.2415,27.73,17.187631,11.695157,25.5728,,
2009-05-18,,,21.128311,26.830078,25.45611,14.402297,10.182932,21.975714,16.705353,18.627608,8.269196,26.764535,21.220471,17.1964,8.325,30.65891,7.227092,12.418867,29.872632,22.805948,35.376791,20.970275,20.970275,,18.684981,,,34.893386,34.893386,15.717629,16.539098,20.970275,25.767163,26.763408,21.195,21.195,11.557808,25.1403,32.0638,41.597524,31.39102,,50.9628,6.874426,28.96,12.62,33.566527,8.643,11.865172,36.32498,28.03,17.231676,12.253919,26.1543,,
2009-05-19,,,21.946497,26.491377,25.467053,14.625332,10.265815,21.902849,17.090311,18.486187,8.239848,26.426708,21.007049,17.3804,8.35,30.727802,7.2799,12.471161,30.083099,22.95526,35.328369,20.970275,20.970275,,18.916136,,,34.461623,34.461623,15.192731,16.531752,20.970275,25.952397,26.421901,20.765,20.765,11.509922,25.298,32.0146,41.955219,31.045482,,51.0731,6.826269,28.46,13.08,34.343402,8.6794,12.171434,36.492927,27.88,16.96705,12.244569,25.3193,,
2009-05-20,,,22.6028,26.246368,25.104169,14.776652,10.182932,21.797731,16.768021,17.329758,8.188581,26.182229,21.115734,17.1921,8.335,30.590018,7.244726,12.575748,29.80081,22.735744,35.231434,20.794571,20.794571,,19.062138,,,33.698436,33.698436,14.67486,16.573468,20.794571,25.211461,26.217016,20.57,20.57,11.482534,25.1502,31.7978,42.32106,31.758704,,50.2928,6.798763,28.4,13.41,33.785996,8.7522,11.677463,36.526516,27.19,16.673002,12.486696,25.2969,,
2009-05-21,,,22.031777,25.352771,24.543431,14.58544,9.958016,21.67635,16.732211,17.221596,7.932001,25.290842,21.111785,17.1012,8.165,30.478119,7.398625,12.458063,29.597099,22.603959,35.061912,20.861439,20.861439,,18.932338,,,33.775494,33.775494,14.115029,16.588158,20.861439,26.225843,26.020699,19.885,19.885,11.393481,25.229,31.7584,41.85765,31.479257,,48.8086,6.757505,28.5,13.34,33.515795,8.6703,11.203251,36.509771,27.44,16.562756,12.374982,25.0509,,
2009-05-22,,,23.156749,25.028476,24.680835,14.68907,9.857379,22.12944,16.714306,17.695795,7.990636,24.967338,21.208445,17.2657,8.05,30.977583,7.526119,12.392671,29.605614,22.243942,35.263716,21.30499,21.30499,,19.183836,,,33.474839,33.474839,14.423001,16.607746,21.30499,26.199408,26.362205,19.655,19.655,11.393481,25.229,31.7486,41.922726,31.405755,,47.9181,6.754034,28.12,13.07,33.372239,8.6249,11.124216,36.585372,26.82,16.592179,12.458744,25.1925,,
2009-05-25,,,,,,,,,,,,,,,,,,,,,,,,,,,,,,,,,,,,,,,,,,,,,,,,,,,,,,,,
2009-05-26,,,23.028921,25.691471,25.153678,14.896148,10.046787,22.84955,16.956023,18.386317,8.401139,25.628669,21.19229,17.9322,8.7,31.235926,7.629472,12.196593,29.953616,22.331767,35.505916,21.639705,21.639705,,19.14729,,,35.101552,35.101552,15.129791,16.610195,21.639705,27.116862,26.421901,20.215,20.215,11.585196,25.5147,32.0737,41.686948,30.979304,,48.41,6.87961,28.99,13.29,34.073108,8.4884,11.381081,37.719187,26.95,16.908294,12.58906,26.3332,,
2009-05-27,,,22.756193,24.81228,24.609352,14.553616,9.875133,22.671566,16.821736,17.970345,7.928286,24.751604,20.531649,17.5513,8.51,31.227364,7.534936,11.987418,29.49529,21.576489,34.900415,21.30499,21.30499,,18.912085,,,35.556415,35.556415,14.485941,16.455849,21.30499,26.825698,25.858467,19.815,19.815,11.407175,25.032,31.3053,40.654592,30.626355,,47.8503,6.800477,28.5,13.1,33.608711,8.3428,11.331684,37.389833,26.81,16.496556,12.747426,26.3183,,
2009-05-28,,,23.173823,24.877159,24.625855,14.625332,9.892887,22.550185,16.875451,17.937086,7.624093,24.816305,20.628398,17.8089,8.5,31.141249,7.61627,11.908048,29.665034,22.164927,35.242255,21.606224,21.606224,,19.021632,,,35.695192,35.695192,14.688913,16.905555,21.606224,26.834605,25.773067,19.16,19.16,11.639971,25.2586,31.6107,41.475607,31.280724,,47.9605,6.922582,27.95,12.87,33.777633,8.2876,11.282287,37.73613,26.2,16.540689,12.962179,26.706,,
2009-05-29,,,23.455043,25.230266,24.109064,14.808475,9.863267,22.428804,16.830688,18.078507,7.759689,25.168651,20.616282,18.0642,8.585,31.50293,7.638289,11.894853,29.894197,23.192397,35.193382,21.84889,21.84889,,19.938238,,,35.517885,35.517885,14.926819,16.977559,21.84889,27.48733,26.054877,18.34,18.34,11.701636,25.9087,32.3692,42.312914,31.354313,,48.5712,6.874426,28.52,12.43,33.997102,8.2784,11.420598,37.144997,26.73,16.540689,12.439177,27.6081,,
2009-06-01,,,24.196624,26.700419,25.505529,15.103227,10.123783,22.922415,16.803831,18.694219,7.968655,26.635134,20.612244,18.0166,8.955,31.959386,7.750412,11.908048,30.08097,23.236263,35.68166,22.292441,22.292441,,19.88144,,,36.234873,36.234873,15.073778,17.181328,22.292441,28.051939,26.029267,18.065,18.065,11.770106,25.9481,32.7139,43.19086,32.08227,,49.1648,6.876139,29.9,13.11,34.875348,8.2876,11.90469,37.685399,26.4,16.878871,12.392525,28.13,,
2009-06-02,,,24.171059,26.657102,25.763925,15.533432,10.431581,23.310725,16.750116,19.309839,7.96494,26.592065,21.188251,18.443,9.23,32.148838,7.844949,12.278504,30.3441,22.937732,36.27562,22.593675,22.593675,,20.140948,,,36.581817,36.581817,15.241718,17.231023,22.593675,28.237173,26.242627,18.315,18.315,11.722134,26.5195,33.6596,45.011828,32.795492,,50.2843,6.889935,29.42,13.14,35.787323,8.5454,12.013363,39.129346,27.37,17.12143,12.476576,27.9436,,
2009-06-03,,,23.693715,26.268027,25.357093,15.461716,10.236286,23.310725,16.544208,18.993645,7.950328,26.203861,21.232587,18.2915,9.04,31.761273,7.7746,12.053591,30.250713,22.805948,36.047757,22.434665,22.434665,,19.909794,,,36.604917,36.604917,15.297731,17.161468,22.434665,28.228362,26.251195,18.205,18.205,11.639971,26.1747,32.9565,44.479087,32.494073,,50.6406,6.827983,29.67,12.56,36.344729,8.3889,11.815775,39.205343,27.43,16.908294,12.560626,27.9958,,
2009-06-04,,,24.188042,26.390532,25.444271,15.621014,10.40794,23.294553,16.544208,19.201677,7.899,26.326052,20.934532,19.4277,9.195,31.485707,7.717407,12.093276,29.826262,23.850945,35.836214,22.627156,22.627156,,20.181544,,,36.635777,36.635777,15.430637,17.104336,22.627156,27.963728,26.387816,18.275,18.275,11.619473,26.224,32.9961,44.929917,32.670548,,51.336,6.798763,30.22,12.42,36.310907,8.4165,12.270228,39.002717,27.5,16.886227,12.738077,28.2344,,
2009-06-05,,,23.787485,26.325653,25.195293,15.804248,10.319169,23.278381,16.409921,19.101807,7.83665,26.261351,21.010998,19.7847,9.12,31.606267,7.715238,11.908048,29.597099,23.877283,35.624672,22.284048,22.284048,,20.051745,,,35.795441,35.795441,15.353743,17.158929,22.284048,28.19302,26.328027,16.18,16.18,11.660555,26.2437,33.0852,44.979064,32.427895,,51.3614,6.843492,30.52,11.99,36.699391,8.2876,12.06276,38.631153,27.35,16.937628,12.401875,28.5475,,
2009-06-08,,,23.787485,26.448158,25.278256,15.74051,10.342811,23.391676,16.374111,19.068548,7.759689,26.383542,21.840815,20.2435,9.12,31.528715,7.713022,12.000711,29.902712,24.28126,36.226837,22.250567,22.250567,,20.027441,,,35.93891,35.93891,15.318711,16.793741,22.250567,27.769587,26.507301,16.745,16.745,11.783799,25.8989,32.7188,44.380793,32.74405,,51.4971,6.771429,30.13,12.01,36.969592,8.352,12.280107,38.276533,27.27,17.062673,12.420574,28.1077,,
2009-06-09,,,24.077288,26.707574,25.045871,15.613035,10.295436,23.424021,16.490493,18.793997,7.730403,26.642345,21.91737,20.3117,9.05,31.20148,7.706421,11.947733,29.987583,25.054065,35.75488,21.932545,21.932545,,19.909794,,,36.36553,36.36553,15.213711,16.63468,21.932545,28.157774,26.353637,17.0,17.0,11.879657,26.0171,32.8278,43.83167,32.244009,,52.0823,6.713418,29.72,12.16,36.944226,8.3152,12.309745,37.752974,27.41,17.003828,12.355126,27.7796,,
2009-06-10,,,24.54605,26.700419,25.859175,15.382021,10.307303,23.375504,16.159251,18.586057,7.690033,26.635134,21.965745,19.88,8.615,30.96036,7.574495,11.934537,29.732968,24.852076,35.380578,21.631311,21.631311,,19.633993,,,35.807081,35.807081,15.206784,16.366343,21.631311,27.222696,26.328027,16.355,16.355,11.687942,25.9481,32.6594,43.733286,32.001357,,51.5056,6.555239,29.2,11.74,36.530469,8.306,12.754319,37.879603,27.38,16.746558,11.953574,27.4068,,
2009-06-11,,,24.690951,26.707574,25.743027,15.628992,10.372708,23.504972,16.445731,18.369734,7.763342,26.642345,22.038262,19.9968,8.505,31.029251,7.682233,12.040396,29.885682,24.430572,35.762995,21.714966,21.714966,,19.871268,,,35.96219,35.96219,15.269724,16.540277,21.714966,27.513765,26.635354,16.2,16.2,11.757688,25.9679,32.6099,43.413695,32.266069,,51.3021,6.564065,28.96,11.82,36.969592,8.3797,13.189013,37.744552,27.17,16.70978,12.196375,27.8989,,
2009-06-12,,,24.469353,26.685915,25.621318,15.501518,10.212185,23.545402,16.615828,18.319799,7.880673,26.62081,22.122805,19.617,8.44,31.279032,7.724008,11.921342,30.038488,23.973919,36.251274,21.706667,21.706667,,19.998097,,,35.442451,35.442451,15.395704,16.833461,21.706667,27.663753,27.292663,15.625,15.625,11.611137,26.582,33.2437,43.970965,32.001357,,52.218,6.622032,28.77,11.92,37.239793,8.2968,13.268048,37.938756,27.45,16.768537,12.187122,27.5038,,
2009-06-15,,,23.778994,26.09505,24.51482,14.848368,10.129026,23.157,16.114489,17.92041,7.723035,26.031294,21.768298,18.6009,8.2,30.650348,7.598683,11.722821,29.266127,22.96407,35.356141,21.137586,21.137586,,19.678999,,,34.821921,34.821921,15.073778,16.398627,21.137586,27.654941,26.806061,15.34,15.34,11.548367,26.3443,32.6792,43.33993,31.538111,,51.3784,6.423451,28.33,11.18,36.707846,8.1586,12.853113,37.330779,27.3,16.459777,11.832221,26.7507,,
2009-06-16,,,23.105618,25.114916,23.939372,14.808475,10.331128,22.84955,16.105536,17.720762,7.646073,25.053573,21.599121,18.3445,8.01,30.495342,7.457987,11.616962,28.739867,22.568904,35.364257,20.76109,20.76109,,19.564502,,,34.193542,34.193542,14.597867,16.423475,20.76109,27.928387,26.515869,15.3,15.3,11.34602,25.9778,32.4317,42.897336,31.074866,,50.3861,6.384806,28.2,10.64,36.386913,8.085,12.843234,36.4526,26.85,16.17211,11.75752,25.2223,,
2009-06-17,,,22.645439,25.01407,23.850849,14.744828,10.24199,22.881894,16.141346,17.729146,7.829035,24.952917,21.985849,18.2341,8.135,31.063697,7.457987,11.921342,28.952093,22.586432,35.982743,20.819658,20.819658,,19.605368,,,34.558172,34.558172,14.870806,16.560137,20.819658,28.448843,26.712186,15.08,15.08,11.318122,26.1363,32.9664,43.413695,30.810154,,51.5735,6.525377,28.24,10.79,36.851309,8.2968,12.685163,36.055769,27.62,16.260644,11.962923,25.1105,,
2009-06-18,,,23.233536,24.740149,24.016864,15.103227,10.479692,23.367418,16.436779,18.611025,8.017569,24.679791,22.344395,18.1789,8.195,31.580384,7.552523,12.027102,29.367936,23.385575,36.788245,21.631311,21.631311,,20.268047,,,34.930471,34.930471,14.954825,16.900568,21.631311,28.92524,27.437852,15.35,15.35,11.429715,26.5226,33.3031,44.659473,31.273399,,52.8626,6.599197,28.5,11.99,40.414933,8.3704,12.862992,36.689013,28.13,16.437711,12.149723,25.0881,,
2009-06-19,,,23.250519,25.150981,24.326651,14.943929,10.420267,23.11657,16.642686,18.586057,8.061901,25.089529,22.042211,18.3088,8.335,31.545938,7.581096,11.987418,29.512228,23.850945,36.690679,21.263116,21.263116,,19.965332,,,34.876151,34.876151,15.178778,17.15648,21.263116,28.492996,27.489074,15.385,15.385,11.450723,26.275,33.0753,44.184025,30.993952,,52.447,6.636085,29.27,12.84,40.085544,8.3428,12.823475,36.334393,28.61,16.577822,11.720122,24.5886,,
2009-06-22,,,22.798832,23.687982,23.690394,15.08736,10.295436,23.189344,16.427826,17.654244,8.128461,23.630159,22.267839,17.2278,8.02,31.101686,7.431583,11.828679,29.452808,23.367954,36.715025,21.129286,21.129286,,19.629942,,,33.976352,33.976352,14.82182,17.178879,21.129286,28.21955,28.001287,14.935,14.935,11.408791,25.9481,32.6297,43.839816,30.971632,,51.7685,6.60271,28.49,12.12,40.195372,8.2323,12.527092,35.473058,28.19,16.511444,11.299869,24.0369,,
2009-06-23,,,22.168095,23.565477,23.430384,15.756467,10.051754,23.254123,16.427826,17.421244,8.316995,23.507968,22.134921,17.0006,7.965,30.840292,7.501931,12.053591,29.571647,23.4734,36.861554,21.447213,21.447213,,19.552171,,,34.302182,34.302182,14.723847,16.917979,21.447213,27.257943,27.950065,15.285,15.285,11.34602,25.7203,32.5505,43.44646,30.882261,,51.3106,6.509567,29.28,12.49,40.482483,8.3889,12.418419,35.557577,28.51,16.415555,11.206469,23.8356,,
2009-06-24,,,22.585726,24.293351,23.181406,15.955567,9.915057,23.545402,16.517351,17.346434,8.328078,24.233999,22.187245,18.0296,7.97,30.788032,7.508532,12.371167,30.06394,24.070555,37.162637,21.539262,21.539262,,19.429482,,,34.247862,34.247862,14.849826,16.818589,21.539262,27.443272,27.599991,15.195,15.195,11.311148,25.6015,32.4812,43.479224,31.008862,,51.3275,6.46034,28.78,13.04,40.887785,8.6099,12.23071,35.456214,28.57,16.282711,11.57072,23.679,,
2009-06-25,,,22.994864,25.172542,23.5355,15.278482,9.986349,23.885196,16.875451,17.304791,8.453768,25.111063,22.537714,18.4646,7.935,31.162606,7.552523,12.463732,30.768459,24.061744,37.699608,21.731754,21.731754,,19.572694,,,34.131462,34.131462,15.318711,16.878169,21.731754,27.875517,27.582948,15.51,15.51,11.541392,25.8095,32.7387,44.249644,32.014436,,52.6336,6.658964,29.64,13.41,41.056707,8.6743,12.349263,35.971251,28.98,16.614777,11.720122,25.0061,,
2009-06-26,,,22.747701,25.626593,24.12198,15.405957,9.986349,23.893282,16.803831,17.695795,7.943641,25.563968,22.267839,18.3802,7.98,31.119106,7.578927,12.675449,30.547811,23.849914,37.618273,21.630179,21.630179,,19.687191,,,34.488332,34.488332,15.927528,16.836,21.630179,28.14015,27.787834,15.885,15.885,11.499545,26.3344,33.2932,44.831532,31.738825,,50.8865,6.762646,29.97,13.73,40.853963,8.8217,12.131916,36.005039,29.09,16.430266,12.000322,25.1105,,
2009-06-29,,,23.224954,25.922074,24.287905,15.485651,9.950657,24.022749,17.179835,17.57105,8.080414,25.858726,22.493378,19.01,7.875,31.145186,7.655876,12.820992,30.581685,24.238238,37.919356,21.647156,21.647156,,19.75263,,,34.426252,34.426252,16.242427,17.004946,21.647156,27.610883,27.967108,15.575,15.575,11.513494,26.3641,33.3427,44.946299,32.319866,,50.7847,6.773186,30.12,13.81,41.250902,8.9229,12.339384,35.912197,28.47,16.548311,11.934971,25.2,,
2009-06-30,,,22.815906,25.035631,23.778918,15.182921,9.897211,23.804336,17.179835,17.629276,8.073046,24.974549,22.565895,19.1918,7.805,31.101686,7.594298,12.913655,30.556233,23.646894,37.894919,21.444007,21.444007,,19.629942,,,34.185782,34.185782,16.186513,16.838449,21.444007,28.025409,27.770791,15.41,15.41,11.436689,26.5523,33.5111,45.044593,32.491196,,51.6668,6.787238,29.59,13.97,41.090436,8.9874,12.527092,35.743259,28.77,16.740178,11.776123,24.6855,,
2009-07-01,,,23.4807,25.309551,24.293466,15.302417,10.188452,24.41633,17.62746,18.369734,8.535063,25.247675,23.43601,19.4969,8.075,32.042548,7.794356,13.178252,31.269267,24.052933,38.692396,22.518791,22.518791,,20.116645,,,35.99323,35.99323,16.634319,17.228575,22.518791,28.657764,28.596385,15.595,15.595,11.639121,26.8791,33.6695,46.323226,32.841268,,53.0153,6.894434,30.04,14.14,41.360637,9.1716,13.445878,36.748166,29.77,17.072156,12.056323,25.7368,,
2009-07-02,,,22.619874,24.033935,24.12198,14.78463,9.926924,23.836953,17.511078,18.419669,8.316995,23.975197,23.564889,18.9743,7.82,31.188784,7.589913,12.649057,30.963655,23.655705,38.098346,21.968667,21.968667,,19.993956,,,34.635681,34.635681,16.36138,16.883156,21.968667,28.194631,28.209431,15.085,15.085,11.373919,26.6711,33.4715,46.183841,31.984616,,52.4555,6.706392,29.77,13.7,40.710407,8.8032,13.090219,36.621438,28.85,16.740178,11.822871,25.1329,,
2009-07-06,,,22.798832,24.242977,24.016864,15.350198,9.831806,24.236802,17.779653,18.552706,8.361327,24.18372,24.330266,18.6659,7.83,31.746314,7.640458,13.112078,31.540819,23.479211,38.903938,22.37487,22.37487,,20.043014,,,34.542652,34.542652,16.347427,17.313002,22.37487,28.969393,28.647979,14.82,14.82,11.597188,26.6414,33.7487,46.823112,32.88591,,52.7015,6.873354,30.01,13.3,41.267813,9.1255,13.554551,36.98458,29.15,17.086956,11.906922,25.9157,,
2009-07-07,,,23.20788,23.342127,23.341861,15.119184,10.158739,24.016481,17.725938,18.402993,8.261518,23.285121,24.124831,18.2341,7.795,31.214963,7.600899,13.204741,31.082494,23.443875,38.838834,21.790982,21.790982,,19.895752,,,34.139222,34.139222,16.27746,16.952711,21.790982,29.52159,28.02876,14.43,14.43,11.408791,26.3047,33.3229,45.897015,32.587978,,52.6166,6.831196,29.55,13.14,40.727318,9.19,12.971666,36.283761,29.05,16.880378,11.822871,25.7442,,
2009-07-08,,,22.619874,23.471786,23.380607,14.975752,10.027929,24.008304,17.645365,18.436252,8.172793,23.414523,23.897498,18.0621,7.585,31.223624,7.517349,13.178252,31.413558,23.117319,38.895822,21.748636,21.748636,,19.842644,,,33.914272,33.914272,16.529419,16.754021,21.748636,29.753062,28.183541,14.135,14.135,11.443749,26.166,33.2041,44.954445,32.394327,,52.8711,6.859302,29.58,13.06,40.921514,9.1716,12.714801,36.005039,29.0,16.880378,11.57072,25.9977,,
2009-07-09,,,23.037504,23.306061,23.358453,14.975752,9.932811,23.820599,17.421553,18.036956,7.958439,23.249166,23.824353,18.3477,7.595,30.970989,7.501931,13.045904,31.303142,22.58765,38.513405,21.833328,21.833328,,19.924466,,,33.394532,33.394532,16.494386,16.587524,21.833328,29.575028,27.942801,14.36,14.36,11.408791,26.0571,32.9664,44.81515,31.537763,,52.1078,6.783725,29.03,13.08,40.423296,9.0795,12.527092,36.01356,28.3,16.732822,11.430668,25.28,,
2009-07-10,,,22.722136,23.241183,23.098444,14.88817,9.802093,23.535044,17.636413,18.011989,7.973237,23.184465,23.698525,18.3153,7.63,31.084266,7.583312,13.019513,31.133398,21.599078,38.440096,22.070241,22.070241,,19.760822,,,32.603373,32.603373,16.543372,16.659527,22.070241,29.343462,27.917004,14.285,14.285,11.492571,25.8986,32.5802,44.839769,31.545174,,51.6074,6.803048,29.14,13.2,40.575307,9.0611,12.299866,35.346429,28.44,16.828711,11.58007,25.8768,,
2009-07-13,,,23.080052,23.659169,23.435945,15.007666,9.909078,24.016481,17.87813,18.444544,8.065616,23.601414,23.990837,18.2114,7.595,31.563358,7.625087,13.23123,31.294719,22.146369,38.993478,22.747216,22.747216,,20.063537,,,33.510932,33.510932,16.753272,16.768893,22.747216,29.343462,28.097583,14.5,14.5,11.625172,26.0076,32.5802,45.626571,31.954884,,51.8025,6.873354,29.01,13.33,41.022885,9.2084,12.428298,36.140189,28.21,17.013134,11.76687,26.1791,,
2009-07-14,,,23.233536,24.351075,23.834256,15.055446,10.004195,23.983864,17.922892,18.777413,8.158057,24.291587,24.03957,19.0067,7.5,31.615715,7.587697,13.376773,31.871884,22.596461,38.855155,22.84879,22.84879,,20.161651,,,34.007392,34.007392,16.858271,16.848424,22.84879,29.512684,28.269593,14.565,14.565,11.611137,26.0868,32.8872,45.97078,31.776056,,52.0739,6.876868,29.1,13.27,41.267813,9.3097,12.507334,36.072614,28.29,17.079512,11.906922,25.9222,,
2009-07-15,,,23.813051,25.576121,24.25472,15.174943,10.4084,24.269509,18.110895,19.368066,8.361327,25.513689,24.250659,19.669,7.55,32.112227,7.671719,13.694251,32.194434,23.735188,39.009709,23.29734,23.29734,,20.668877,,,35.271821,35.271821,17.208203,16.843436,23.29734,29.512684,28.613614,14.845,14.845,11.757688,26.1759,32.9169,46.946115,32.796539,,52.8287,6.978793,30.48,13.64,42.095327,9.5307,12.892631,37.02679,29.06,17.396779,12.261823,26.791,,
2009-07-16,,,24.264738,26.174335,24.088795,15.230702,10.515384,24.506094,18.27204,19.418001,8.365042,26.110318,24.18981,19.6949,7.625,32.512979,7.766774,13.892772,32.449049,23.717473,39.050466,23.466537,23.466537,,20.775273,,,35.512291,35.512291,17.005231,17.002407,23.466537,29.8065,28.65664,14.71,14.71,11.855416,26.2552,33.2041,46.929732,32.252816,,53.3121,7.093015,30.31,14.09,41.993955,9.6688,12.783957,37.009946,29.18,17.529623,12.355126,27.2217,,
2009-07-17,,,24.401148,25.749097,23.850849,15.063425,10.313282,24.424507,18.27204,19.492903,8.394576,25.686256,23.877125,19.5261,7.905,32.530398,7.649605,13.853087,32.398144,23.496832,38.391313,23.212648,23.212648,,20.583004,,,35.264061,35.264061,16.837291,17.387545,23.212648,30.020254,28.174973,14.74,14.74,12.099609,26.1759,33.006,46.437902,32.774218,,53.2782,7.207279,29.44,13.28,41.563287,9.6412,12.448057,37.035212,29.76,17.234512,11.804172,28.2568,,
2009-07-20,,,24.707934,26.397686,23.502315,15.166964,10.337016,24.375536,18.146705,19.55113,8.475933,26.333263,23.852803,21.753,7.85,32.512979,7.793319,13.905968,32.516983,23.540979,38.716832,23.356569,23.356569,,20.873387,,,35.279581,35.279581,16.767325,17.171353,23.356569,30.305258,28.097583,14.785,14.785,12.050788,26.2453,33.0753,45.962544,32.736987,,52.1756,7.166835,29.28,13.19,41.86731,9.678,12.685163,36.94237,29.77,17.389423,10.711516,28.967,,
2009-07-21,,,24.938114,26.534597,23.72914,15.23868,10.354862,24.522447,18.567472,19.368066,8.37241,26.469777,23.759464,21.4771,7.725,32.486898,7.762341,13.985337,32.763084,23.037836,38.708626,23.339592,23.339592,,20.595246,,,35.186461,35.186461,16.704285,17.375121,23.339592,30.830641,28.114812,14.58,14.58,12.092635,26.1858,33.0357,46.224842,32.699757,,52.3792,7.184401,29.29,12.9,42.145966,9.7333,12.665404,36.900161,30.14,17.396779,10.674214,28.6119,,
2009-07-22,,,25.117073,26.750793,23.502315,15.174943,10.426246,24.449037,18.773379,19.484519,8.427887,26.685511,23.852803,21.3408,7.785,32.800453,7.808784,14.064706,33.060181,22.455303,38.806282,23.62734,23.62734,,20.096212,,,35.721721,35.721721,16.683305,17.385097,23.62734,30.296352,28.269593,14.55,14.55,12.071711,26.166,33.0753,45.806867,32.684847,,52.235,7.237142,29.36,12.85,42.036232,9.7885,12.803716,37.305413,30.27,17.514823,10.730215,28.5892,,
2009-07-23,,,26.190914,28.257012,24.18835,15.469694,10.640215,24.759122,19.623866,19.967102,8.553576,28.18795,24.019287,22.3276,7.955,33.549698,7.965747,14.329401,35.479164,23.576316,39.164353,24.008173,24.008173,,20.116645,,,36.39657,36.39657,17.418102,17.916782,24.008173,32.513761,28.424375,15.055,15.055,12.148431,26.0967,32.9268,46.306843,34.278873,,53.134,7.419914,30.09,13.24,42.390894,9.9727,13.23841,37.938756,31.24,17.994357,10.982367,29.4354,,
2009-07-24,,,25.901202,28.372264,24.249249,15.668794,10.771025,24.91412,19.426911,19.925458,8.612706,28.303027,23.986798,22.2838,8.0,33.593297,7.934817,14.369086,34.774738,23.293813,38.993478,23.79663,23.79663,,20.190276,,,36.30354,36.30354,17.600095,17.864638,23.79663,32.950175,28.372781,14.83,14.83,12.099609,26.1858,33.2338,46.233078,35.232306,,53.6937,7.390051,29.87,13.86,42.72019,10.0003,13.218651,37.913391,31.3,17.610712,11.057068,29.1785,,
2009-07-27,,,27.222207,28.091288,24.193911,15.756467,10.854184,24.995798,19.292624,20.083555,8.516612,28.022593,23.938064,21.9933,7.92,33.523618,7.941418,14.197054,34.706804,24.105891,38.93649,23.915087,23.915087,,20.255715,,,35.496771,35.496771,17.747054,17.971465,23.915087,33.030333,28.114812,14.655,14.655,12.162465,26.275,33.1051,46.175695,34.785365,,54.245,7.42694,30.0,13.62,42.576634,9.8806,13.23841,37.921813,31.84,17.514823,10.861014,29.1105,,
2009-07-28,,,26.523356,28.120101,24.326651,15.852028,10.943414,24.88968,19.355291,20.083555,8.653385,28.051435,23.986798,21.9121,8.105,33.593297,7.967964,14.223543,34.910515,24.485404,38.912053,24.092771,24.092771,,20.202607,,,35.84579,35.84579,17.79604,17.889486,24.092771,32.976894,28.235228,14.82,14.82,12.267083,26.7305,33.5408,45.872396,34.621533,,53.8294,7.481437,30.42,13.99,42.737101,9.899,13.23841,37.533405,32.04,17.780424,10.767614,29.2692,,
2009-07-29,,,26.190914,27.831774,24.160726,15.83598,11.210829,25.403824,19.113574,20.457976,8.697717,27.76379,23.986798,21.3927,8.105,33.636797,7.967964,14.408771,34.375739,25.006169,39.091134,24.152,24.152,,20.157601,,,36.1173,36.1173,17.684015,18.088267,24.152,32.5672,28.071786,14.64,14.64,12.343888,26.5226,33.3823,46.167458,34.874736,,53.7192,7.611468,29.94,13.76,42.686461,10.028,13.268048,37.752974,31.96,17.861601,10.487414,29.1785,,
2009-07-30,,,25.756301,27.990344,24.426296,15.852028,11.074132,25.428263,19.238909,20.424625,8.7088,27.922034,24.055815,22.3244,8.23,33.715235,8.00111,14.223543,34.112702,24.979737,38.781936,24.17737,24.17737,,20.317104,,,36.24922,36.24922,17.761008,18.157822,24.17737,32.246664,28.106151,14.94,14.94,12.336913,26.4334,33.4715,46.388755,34.874736,,53.8973,7.685288,30.69,13.81,42.433078,9.899,13.524913,37.930334,32.33,18.134557,10.459365,29.9491,,
2009-07-31,,,25.671022,28.516428,24.315619,15.787656,11.16925,25.322146,18.970334,20.47456,8.734681,28.446752,23.917781,22.8665,8.305,33.506198,7.939249,14.078,33.908991,24.714949,38.651728,23.982803,23.982803,,20.386685,,,35.326141,35.326141,17.733001,18.316793,23.982803,32.424697,27.710536,15.505,15.505,12.23221,26.5226,33.62,46.511667,34.710904,,53.8634,7.646643,31.19,13.55,42.247338,9.7977,13.495275,38.17517,32.45,17.81729,10.674214,28.763,,
2009-08-03,,,25.901202,29.309179,24.636528,15.932448,11.311926,25.265089,19.077764,20.499527,8.756847,29.237581,23.649791,21.9024,8.425,33.340662,7.985645,14.223543,33.824119,24.52074,38.204117,23.864347,23.864347,,20.28848,,,34.255622,34.255622,18.054926,18.249776,23.864347,32.460323,27.822385,16.125,16.125,12.301956,25.8986,33.2932,46.060928,34.874736,,53.8125,7.725733,32.53,13.13,42.314888,9.899,13.653345,40.11731,32.13,17.927979,10.384664,29.1634,,
2009-08-04,,,24.554541,29.474904,24.686306,15.884214,11.561587,25.518027,19.104622,20.374782,8.723598,29.402938,23.649791,21.6719,8.525,33.453939,8.032088,14.395575,33.552474,24.900254,37.894919,23.982803,23.982803,,20.247614,,,33.658282,33.658282,17.830974,18.157822,23.982803,32.460323,27.76213,16.32,16.32,12.288007,28.226,36.1353,48.404953,34.993926,,54.3298,7.72222,32.37,12.92,41.909587,10.0187,13.939848,39.593751,32.0,18.060824,10.580814,30.0398,,
2009-08-05,,,24.511901,28.970479,23.552093,15.803794,11.478336,25.093647,17.349933,20.108523,8.690349,28.899657,23.548285,22.1978,8.49,33.157705,7.959146,14.197054,33.085633,24.123512,37.65894,23.974315,23.974315,,20.112594,,,32.998953,32.998953,17.453135,17.837251,23.974315,33.048145,27.615916,15.9,15.9,12.218261,27.9784,35.7689,47.855829,34.837505,,54.0584,7.618495,36.33,12.61,41.774394,9.8806,13.90033,39.137768,31.62,17.876313,10.225913,28.1888,,
2009-08-06,,,24.426714,28.401175,23.435945,15.763539,11.478336,25.077385,16.732211,19.742486,8.841857,28.331772,23.483307,22.0355,8.475,32.92249,7.943634,14.13088,33.009276,24.105891,37.878688,23.999685,23.999685,,20.202607,,,33.371252,33.371252,17.143085,18.105588,23.999685,33.270711,27.323582,15.345,15.345,12.30893,27.8398,35.66,47.396854,35.001337,,53.7701,7.676505,35.69,12.7,41.842037,9.8346,13.870692,38.335587,32.17,17.70669,10.375314,27.7581,,
2009-08-07,,,24.46077,28.739876,23.701516,15.75556,11.543741,25.158972,16.535256,19.717519,8.989713,28.669599,23.357479,22.6912,8.95,33.183786,7.985645,14.236739,33.22141,24.556077,37.561285,24.287432,24.287432,,20.182084,,,33.689322,33.689322,17.544577,18.090715,24.287432,34.642202,27.237531,18.045,18.045,12.357837,27.8497,35.5411,47.323088,35.053477,,53.4648,7.750325,36.67,12.65,42.779285,9.9082,13.880572,38.360952,36.25,18.178868,10.506113,28.1132,,
2009-08-10,,,24.443788,28.855716,23.828785,15.747491,11.555608,25.175325,16.562113,19.642616,9.03776,28.785261,23.605096,22.0679,8.89,33.297063,8.447717,14.250032,33.017699,25.783004,37.504386,24.228204,24.228204,,20.22304,,,33.642762,33.642762,17.199494,18.259661,24.228204,35.051801,27.392312,17.095,17.095,12.253134,27.7804,35.4421,47.052645,35.157758,,53.2527,7.746812,38.15,12.31,43.480246,9.9175,13.999125,38.664941,37.89,18.171424,10.459365,27.7279,,
2009-08-11,,,24.281812,28.696362,23.762325,15.763539,11.508049,25.158972,16.535256,19.659292,9.048904,28.626336,23.625469,21.3732,8.9,33.192545,8.40349,14.289717,32.966794,26.32139,37.56949,24.084283,24.084283,,20.059396,,,33.829002,33.829002,17.241751,18.378912,24.084283,35.541653,27.504161,16.72,16.72,12.225236,27.5526,35.254,46.642816,34.852415,,53.4054,7.824145,38.08,11.57,43.70817,9.9451,13.762019,38.698728,36.84,18.001802,10.440762,28.151,,
2009-08-12,,,23.847108,28.884627,23.773447,15.803794,11.442736,25.052854,16.535256,19.567714,8.941666,28.814104,23.483307,21.0486,9.14,33.244804,8.385809,12.860677,32.576403,25.456355,37.634594,24.118142,24.118142,,19.822211,,,34.022912,34.022912,17.291034,18.217402,24.118142,34.642202,27.340718,16.46,16.46,12.267083,27.4733,35.1846,46.454375,34.666175,,52.9135,7.834685,38.29,11.7,43.810193,8.9506,13.969486,38.960408,37.02,18.171424,10.403363,28.1434,,
2009-08-13,,,24.026157,29.036729,24.155165,15.707236,11.727997,24.979444,16.481541,20.782369,8.904702,28.965819,23.312785,21.0129,9.175,32.861472,8.246527,12.543199,32.924405,28.475121,37.398615,23.991197,23.991197,,19.68305,,,33.960832,33.960832,16.960005,18.013724,23.991197,33.555716,27.142911,16.45,16.45,12.30893,27.612,35.1351,46.298607,34.584215,,52.7439,7.850494,39.85,11.55,44.277841,8.7296,14.167075,38.656519,36.55,17.728757,10.347362,28.0301,,
2009-08-14,,,23.753429,28.609531,24.492666,15.44186,11.710151,24.971267,16.418874,21.248276,8.819691,28.539613,23.446779,20.5714,9.11,32.92249,8.266424,12.503514,33.051666,27.795484,37.47995,23.779654,23.779654,,19.826261,,,33.285983,33.285983,16.636001,17.983889,23.779654,33.315243,27.340718,16.305,16.305,12.253134,27.6516,35.2243,46.35599,34.725814,,51.8703,7.885626,39.8,11.93,44.158815,8.7019,14.384422,38.521368,36.4,17.500112,10.618116,27.3501,,
2009-08-17,,,23.054487,27.87813,24.05561,15.586652,11.692305,24.808093,16.042869,21.581053,8.601623,27.810074,23.349402,18.9743,8.885,32.722114,8.151472,12.172646,32.661275,26.806912,37.47995,23.517371,23.517371,,19.920325,,,33.293743,33.293743,16.424716,18.033584,23.517371,33.333056,26.996697,15.875,15.875,12.225236,27.5526,35.0856,46.044546,33.861751,,51.4802,7.757352,39.32,11.58,43.232067,8.4717,14.226351,38.597366,36.55,17.345112,10.394014,27.1008,,
2009-08-18,,,23.517131,27.972311,23.950494,15.667072,11.817136,24.506094,16.069726,21.539502,8.7088,27.904007,23.410252,19.0976,8.86,32.687274,8.098428,12.384362,33.111086,26.992217,37.504386,23.644316,23.644316,,19.88351,,,33.355823,33.355823,16.720515,18.207517,23.644316,34.285946,27.022494,15.985,15.985,12.30893,27.5724,35.145,46.093693,34.502343,,52.0823,7.859277,40.09,11.86,42.798519,8.6191,13.781778,38.546734,37.31,17.492668,10.720866,27.3879,,
2009-08-19,,,23.714167,28.124315,23.850849,15.852028,11.763689,25.020237,15.926486,21.705891,8.505467,28.055625,23.645752,18.0523,8.975,33.061848,8.233278,12.503514,33.331734,26.886302,38.041448,24.228204,24.228204,,20.190276,,,35.101101,35.101101,17.079749,18.177682,24.228204,34.660014,27.33215,16.015,16.015,12.322879,27.6813,35.3629,46.265842,34.107542,,52.1247,7.908505,40.61,11.75,43.240615,8.7019,13.712622,38.61421,37.36,17.655023,10.739565,27.607,,
2009-08-20,,,23.962609,28.529854,23.961525,15.964634,11.930099,24.93865,15.971249,22.379738,8.52398,28.460199,23.783786,18.9905,9.0,33.723994,8.277505,12.529906,33.416698,26.594988,38.098346,23.991197,23.991197,,20.214849,,,38.591838,38.591838,17.157237,18.284509,23.991197,35.20321,27.555754,16.41,16.41,12.448506,27.82,35.4718,46.585433,34.621533,,52.2265,7.982282,41.36,12.0,44.107804,8.7204,14.048522,38.597366,37.59,17.70669,10.879617,27.9394,,
2009-08-21,,,24.562393,29.319078,24.769269,16.254127,12.132202,25.395647,16.212966,22.670964,8.712515,29.24752,24.201926,18.9386,9.445,34.002709,8.399105,12.768112,33.919079,26.700903,38.529636,24.380519,24.380519,,20.415309,,,40.011467,40.011467,17.53755,18.60254,24.380519,35.586185,27.985734,16.545,16.545,12.588081,27.9586,35.66,47.118174,34.911966,,52.2011,8.10533,41.95,12.2,45.995216,8.8861,14.641286,39.095559,37.96,18.05338,11.038368,28.627,,
2009-08-24,,,24.322443,29.000468,24.890977,16.326568,12.138181,25.38747,16.042869,23.037,8.716168,28.929669,24.084265,19.1074,9.115,34.002709,8.264208,12.860677,33.671128,27.168804,38.350646,24.033543,24.033543,,20.067587,,,40.694077,40.694077,17.579807,19.390229,24.033543,35.452589,27.985734,16.47,16.47,12.790427,27.8695,35.5808,47.085409,35.329088,,52.1247,8.214282,41.6,12.52,45.196041,8.9506,14.769719,38.901355,37.4,17.655023,11.299869,29.2843,,
2009-08-25,,,23.765572,29.898378,24.962908,16.415057,12.197607,25.43644,16.105536,22.787417,8.712515,29.825344,24.051776,19.6365,9.0,33.994049,8.246527,13.045904,33.534241,26.700903,38.285542,24.202834,24.202834,,19.936708,,,40.515597,40.515597,17.44601,19.176485,24.202834,34.953926,27.925572,16.325,16.325,12.664801,27.9091,35.6303,46.954261,34.859826,,52.9135,8.029753,40.37,12.51,44.609367,9.0795,14.819116,38.816935,37.45,17.684534,11.393269,29.1407,,
2009-08-26,,,23.902713,29.724617,24.326651,16.447152,12.340283,25.444617,16.320396,22.413089,8.679204,29.651997,24.206054,19.2827,8.33,33.976629,8.206732,12.92685,33.534241,26.647946,38.415749,24.084283,24.084283,,20.116645,,,39.576997,39.576997,17.178316,18.952856,24.084283,35.354619,27.951369,16.19,16.19,12.67875,27.9586,35.7491,47.437855,34.770455,,53.1934,8.08425,40.86,12.43,44.124808,8.9966,14.848754,39.120924,37.45,17.596001,11.299869,28.8083,,
2009-08-27,,,24.168228,29.536352,24.470513,16.431104,12.423534,25.697555,16.356206,22.346478,8.786442,29.464228,24.063892,19.3833,8.185,33.723994,8.215597,12.953339,33.320442,26.683282,38.212323,24.050519,24.050519,,20.22304,,,39.367568,39.367568,17.143085,18.557833,24.050519,35.461496,27.891207,16.31,16.31,12.74858,27.9685,35.759,47.339471,34.465025,,53.5156,8.052589,40.13,12.33,44.141811,9.015,14.631407,39.451963,37.8,17.559134,11.262567,28.4456,,
2009-08-28,,,24.51948,29.275662,24.84676,16.302451,12.274878,25.632322,16.275634,22.071928,8.871453,29.204159,23.942103,19.5975,8.04,33.497439,8.155904,12.979828,33.311927,27.142279,38.158941,23.982803,23.982803,,20.067587,,,39.057258,39.057258,17.009288,18.164986,23.982803,35.675249,27.805156,16.41,16.41,12.713708,27.7605,35.4421,46.519904,33.787203,,53.3291,8.006917,39.87,12.34,44.124808,9.0334,14.927789,39.613172,37.53,17.44109,11.037694,27.9621,,
2009-08-31,,,24.699442,28.826707,24.741644,16.511524,12.01335,25.591437,16.239824,21.997025,8.786442,28.756321,24.250659,19.5391,8.0,33.541038,8.169154,12.820992,33.551363,26.180139,38.62657,23.991197,23.991197,,19.94895,,,38.987508,38.987508,17.079749,18.326133,23.991197,35.318993,28.011531,16.33,16.33,12.755555,27.711,35.3827,46.446138,34.047904,,53.2018,8.033266,39.75,12.27,44.43933,8.9229,14.611648,40.215799,37.05,17.448445,11.234422,27.8639,,
2009-09-01,,,24.014014,28.189487,24.243688,16.181776,11.793402,25.158972,15.756389,21.56447,8.812323,28.120618,24.03957,18.7762,7.87,33.148946,8.149256,12.728427,32.850084,26.083034,38.503486,23.754284,23.754284,,19.850835,,,38.731518,38.731518,17.199494,18.273264,23.754284,35.434776,28.011531,15.935,15.935,12.636903,27.5922,35.2441,46.101929,33.63828,,53.8718,7.920801,39.5,12.37,43.640156,8.8585,14.295507,39.901803,36.86,17.241867,10.869014,28.1132,,
2009-09-02,,,23.611358,27.646449,25.665535,16.020937,11.912253,25.167148,15.872771,21.805669,8.799259,27.578945,23.852803,19.0197,7.92,32.92249,8.105029,12.768112,32.901359,25.659374,38.27382,23.703544,23.703544,,20.370302,,,38.785748,38.785748,17.622064,18.414279,23.703544,35.514934,27.882546,15.975,15.975,12.755555,27.6615,35.4531,46.556289,33.995763,,53.5411,7.996378,39.0,12.4,43.750726,8.8861,14.502974,39.986618,36.5,17.330401,11.225072,28.4003,,
2009-09-03,,,24.005431,27.841966,25.224353,16.101356,12.066797,25.199765,16.400969,22.055344,8.870029,27.773924,23.795992,18.9483,8.07,32.896311,8.111677,12.527169,33.012516,26.030077,38.462458,23.686568,23.686568,,20.280289,,,38.677198,38.677198,17.762888,18.479753,23.686568,35.951253,28.149176,16.085,16.085,12.706733,27.8794,35.6024,46.795959,34.129863,,53.787,8.066642,38.84,12.73,43.861204,8.7185,14.819116,40.648696,36.07,17.330401,11.225072,28.7025,,
2009-09-04,,,24.767921,28.225749,25.502749,16.664385,12.078755,25.452794,16.284586,22.338186,8.937022,28.156769,23.755336,19.023,8.145,32.93115,8.151472,12.553951,33.038246,26.10956,38.733153,23.779654,23.779654,,20.431601,,,38.917668,38.917668,18.030582,18.681255,23.779654,35.621811,28.209431,16.04,16.04,12.909079,28.018,35.8811,47.539497,34.301194,,53.9397,8.189689,38.75,13.04,43.98023,8.7371,15.066101,40.937327,36.24,17.418934,11.459295,28.9216,,
2009-09-08,,,24.622289,29.000468,25.736569,17.404301,12.18574,26.423843,16.221919,22.562802,9.097199,28.929669,24.567383,19.2729,8.25,34.603838,8.270857,12.607516,33.465844,26.32139,39.422153,22.383359,22.383359,,20.619819,,,39.124391,39.124391,18.305203,18.633373,22.383359,35.399151,29.06939,16.585,16.585,12.923029,28.1765,36.0602,48.150892,35.343998,,54.8132,8.196844,39.11,12.75,45.068467,8.7743,15.155016,41.251323,37.02,17.736201,11.674819,29.6696,,
2009-09-09,,,24.58805,29.485684,25.35799,17.581188,11.994768,26.40749,16.186109,22.579478,9.126981,29.413657,24.579589,19.2892,8.25,34.717115,8.224414,12.861752,34.628966,26.347916,39.397627,22.721846,22.721846,,20.709833,,,39.78751,39.78751,18.650384,18.547767,22.721846,35.657436,28.759827,16.26,16.26,12.97185,28.1468,36.1199,47.952585,35.172667,,54.3298,8.191489,38.85,13.13,45.162034,8.9513,14.91791,41.718205,36.94,17.883757,11.684169,30.5082,,
2009-09-10,,,24.853657,29.731869,26.360001,17.565141,12.155843,27.027751,16.195061,22.895579,9.182829,29.659207,24.7257,19.3541,8.25,34.778133,8.215597,12.808285,34.620451,25.588795,39.594471,22.163328,22.163328,,20.68931,,,39.920152,39.920152,18.8969,18.784454,22.163328,35.131959,28.72537,16.71,16.71,12.930003,28.1765,36.1,47.803877,34.874736,,54.4062,8.198644,38.86,14.35,45.434093,8.9141,14.828995,42.13406,37.0,17.920624,11.890343,31.6189,,
2009-09-11,,,24.86224,29.695706,26.365651,17.870772,12.203586,27.035928,16.221919,22.512867,9.223755,29.623154,24.595833,20.276,8.13,34.699695,8.284106,13.116086,34.415167,25.880015,39.692848,22.087218,22.087218,,21.241902,,,39.452025,39.452025,18.798234,18.837323,22.087218,34.775798,28.802853,16.485,16.485,12.89445,28.2959,36.309,48.588778,35.321677,,54.6182,8.211154,38.74,14.39,45.774167,9.1283,14.74996,41.828585,37.01,17.83209,11.946537,32.1553,,
2009-09-14,,,24.545228,29.934639,27.523542,17.910937,12.382691,26.660518,16.356206,22.537834,9.205181,29.861494,24.595833,21.2044,8.245,34.760713,8.301787,13.490842,34.004599,25.527027,39.799521,22.095611,22.095611,,21.509962,,,39.444265,39.444265,18.71372,18.774388,22.095611,34.775798,28.923177,16.175,16.175,12.787791,28.3258,36.3489,48.497907,35.500418,,53.8973,8.209354,38.78,14.3,45.349075,9.3891,14.977186,42.184989,37.45,18.038668,11.665469,33.2584,,
2009-09-15,,,24.982123,30.173572,27.317615,17.951192,12.454259,26.374873,16.338301,22.55451,9.231247,30.099834,24.482121,21.0584,8.3,34.603838,8.279721,13.383713,33.825045,25.835962,39.586265,22.070241,22.070241,,21.62959,,,39.498856,39.498856,18.608127,18.41174,22.070241,35.133854,29.009229,16.19,16.19,12.730974,28.286,36.2095,48.159128,34.934374,,53.151,8.062571,39.16,13.69,44.864423,9.3146,15.036463,42.015258,37.04,17.809935,12.049576,33.0468,,
2009-09-16,,,25.204908,32.613766,27.684983,17.862703,12.388578,26.081141,16.338301,22.571094,9.350374,32.534196,24.453671,22.003,8.35,34.804214,8.169154,13.504233,33.688158,25.641753,39.955337,22.231044,22.231044,,21.720323,,,40.224416,40.224416,18.178432,18.316067,22.231044,35.411279,29.207036,16.615,16.615,12.958411,28.2661,36.2493,48.200491,35.381228,,51.9975,8.101945,39.38,14.18,44.660378,9.3984,15.57983,41.80312,36.7,17.913268,11.815353,32.9259,,
2009-09-17,,,24.613798,31.998303,27.456723,17.814469,12.525827,25.999463,16.141346,22.679256,9.309447,31.920125,24.384654,21.9251,8.315,34.778133,8.133791,13.517624,33.269167,25.553459,39.791315,22.442587,22.442587,,22.029609,,,40.138605,40.138605,18.23484,18.447016,22.442587,35.840965,29.129645,17.3,17.3,12.80914,28.4154,36.3688,48.580542,35.403636,,50.7169,8.08048,39.03,13.71,44.294845,9.4077,15.402001,41.412631,35.87,17.846802,11.599829,32.9561,,
2009-09-18,,,24.947884,33.14965,26.777595,17.951192,12.621313,26.350433,16.472588,23.161838,9.69667,33.068659,24.48616,22.3633,8.855,34.962959,8.21338,14.293822,33.876319,25.765289,40.045599,22.620271,22.620271,,22.16976,,,39.982593,39.982593,18.312328,18.943153,22.620271,35.87678,30.135911,17.485,17.485,12.766527,28.5647,36.6475,49.456316,35.887808,,50.0638,8.06617,38.51,13.89,45.170489,9.948,15.362483,40.572302,35.61,17.876313,11.899693,32.5633,,
2009-09-21,,,24.716516,32.288002,27.273039,17.95917,12.51396,26.774722,16.400969,23.13687,9.655743,32.209134,24.628232,22.7854,9.435,34.910208,8.220029,14.200182,33.679643,25.509312,40.078421,22.637248,22.637248,,21.856424,,,40.068404,40.068404,18.495409,18.754256,22.637248,36.208023,29.766093,17.995,17.995,12.823344,28.4552,36.4484,48.762286,36.073961,,50.5473,8.107343,37.89,13.84,45.510563,9.8828,15.224171,40.555359,35.5,17.809935,11.946537,32.2913,,
2009-09-22,,,24.75943,32.005555,27.289722,17.693794,12.496022,26.619725,16.186109,23.178422,9.663173,31.927433,24.75415,22.3309,9.68,34.857359,8.166938,14.186791,33.568486,25.676995,39.791315,22.417217,22.417217,,21.794494,,,39.935762,39.935762,18.29115,18.572977,22.417217,37.326913,29.387614,18.02,18.02,12.71677,28.3358,36.2593,48.398708,36.44644,,49.5719,8.00349,37.76,13.83,45.28106,9.8735,15.540313,40.478965,35.17,17.714046,12.059022,32.2988,,
2009-09-23,,,24.433835,31.375587,27.239675,17.581188,12.597487,26.660518,16.293539,22.86232,9.663173,31.29894,25.903114,21.7823,9.65,35.191876,8.193483,14.454418,33.534241,25.6859,40.439287,22.239532,22.239532,,21.683148,,,39.865561,39.865561,18.129148,18.673637,22.239532,37.595431,29.88651,17.68,17.68,12.617255,28.2959,36.2493,48.307836,36.796512,,49.7585,8.028553,37.47,13.67,45.723156,10.0598,15.520554,40.826947,35.25,17.529623,12.152711,32.178,,
2009-09-24,,,23.962609,31.136654,27.295282,17.484721,12.537786,26.676872,16.114489,22.729191,9.685525,31.0606,25.761042,21.4544,9.56,34.918967,8.105029,14.106444,33.397447,25.368061,40.308088,22.32413,22.32413,,21.584223,,,39.834341,39.834341,17.840376,18.447016,22.32413,37.371634,29.155442,17.655,17.655,12.43949,28.4054,36.2294,48.365672,36.397003,,49.9366,7.953405,37.35,13.47,45.459552,9.8176,15.283448,40.826947,35.0,17.573846,11.937188,31.3998,,
2009-09-25,,,23.397155,30.694952,27.094916,17.267579,12.472197,26.546224,15.971249,22.770834,9.704162,30.619973,25.696063,22.3763,9.53,34.971817,7.959146,15.003162,33.354687,24.944401,40.26706,22.451075,22.451075,,21.844002,,,40.169825,40.169825,17.77704,18.336199,22.451075,38.025118,28.974864,17.975,17.975,12.43949,28.4054,36.2891,48.481343,35.907077,,49.4702,7.999934,37.39,13.46,45.485104,10.4416,15.115498,40.648696,35.23,17.448445,11.890343,31.4829,,
2009-09-28,,,23.72275,31.44076,27.139402,17.468583,12.543765,26.766636,16.078679,23.095227,9.700447,31.363933,26.191387,23.7949,9.805,35.253583,7.97018,14.735534,33.542849,24.926686,40.701776,22.391187,22.391187,,21.909982,,,40.380428,40.380428,18.129148,18.580504,22.391187,38.803859,29.25863,18.235,18.235,12.560353,28.5348,36.528,48.770522,36.193499,,50.4116,8.087635,37.81,13.46,46.148249,10.2554,15.303207,41.124,35.62,17.684534,12.049576,32.2157,,
2009-09-29,,,24.159646,31.484175,27.111598,17.565141,12.549745,26.8564,15.917534,23.75249,9.77487,31.407294,25.809775,23.6618,9.755,35.024667,7.89059,14.68197,33.397447,25.077497,40.562371,22.262827,22.262827,,21.984243,,,40.130755,40.130755,17.762888,18.82227,22.262827,38.633785,29.284427,18.38,18.38,12.723829,28.3855,36.2692,48.340872,36.721092,,50.2674,8.078681,37.84,13.7,45.893193,10.2181,15.164895,41.302252,35.65,17.669735,11.824703,32.4877,,
2009-09-30,,,25.033528,31.12215,26.844414,17.436397,12.7765,26.619725,15.926486,23.918879,9.789792,31.046179,26.138615,23.9702,9.585,34.998193,7.853011,14.909521,33.234922,25.299263,40.381938,22.476728,22.476728,,22.145097,,,39.998203,39.998203,18.185557,18.711453,22.476728,40.37925,29.39702,18.37,18.37,12.659868,28.4253,36.2692,48.46487,36.736176,,49.5889,7.969515,37.08,13.8,45.068467,10.3764,14.967307,41.319294,35.67,17.544334,11.834052,31.5962,,
2009-10-01,,,24.725099,29.797042,26.983522,17.01825,12.269267,26.471723,16.248776,23.54455,9.68924,29.724298,25.777286,22.9834,9.535,34.311442,7.830898,14.454418,34.073089,24.660586,40.094832,22.237174,22.237174,,21.905841,,,39.147851,39.147851,18.403868,18.71898,22.237174,40.683583,29.024595,17.94,17.94,12.467983,28.3756,36.319,48.299599,36.419673,,49.1988,7.949806,37.05,12.62,45.2215,10.0598,15.777418,41.200394,34.89,17.470335,11.543635,32.042,,
2009-10-02,,,24.356774,29.340835,26.833202,17.219254,12.281226,26.216787,16.803831,23.502907,9.670603,29.269152,25.939642,22.5808,9.475,34.205841,7.839715,14.347387,33.81653,24.154912,39.914399,22.202939,22.202939,,22.215127,,,39.225812,39.225812,18.361611,18.789533,22.202939,42.285883,28.929323,18.125,18.125,12.418226,28.913,37.0754,50.315526,36.449754,,49.2327,7.905035,37.25,12.64,45.60413,9.9852,15.57983,40.50443,34.83,17.529534,11.543635,32.042,,
2009-10-05,,,24.639455,29.891125,26.855535,17.162951,12.507981,26.159185,16.911261,23.436389,9.577544,29.818133,25.968092,23.084,9.36,34.593209,7.724763,14.588329,33.619761,24.110577,40.160477,22.262827,22.262827,,22.186323,,,39.639258,39.639258,18.270071,18.887744,22.262827,41.936828,28.90334,17.98,17.98,12.539004,29.0723,37.1352,50.274253,36.969848,,49.2921,8.096589,37.04,13.05,45.74016,10.1529,15.678624,41.23438,34.94,17.714577,11.57178,32.6237,,
2009-10-06,,,25.24773,30.332828,27.150524,17.146904,12.502002,26.51279,16.660591,23.827393,9.573829,30.25876,26.349704,23.1359,9.345,34.813366,7.757956,14.68197,33.765162,24.394392,40.439287,22.322716,22.322716,,22.400735,,,40.060554,40.060554,18.29115,19.398935,22.322716,40.612048,29.102545,18.27,18.27,12.659868,29.0623,37.165,50.290726,37.618026,,49.2751,8.325718,37.46,13.01,46.088782,10.2181,16.004645,41.870992,35.44,17.781221,11.759159,33.7041,,
2009-10-07,,,25.273387,30.216988,27.033658,17.058415,12.490043,26.545679,16.696401,24.309883,9.38387,30.143196,26.439722,23.334,9.305,34.778133,7.815433,14.802392,33.679643,24.43882,40.496727,22.28848,22.28848,,22.602815,,,39.569057,39.569057,18.262946,19.202511,22.28848,40.432972,29.050578,18.335,18.335,12.603051,29.1419,37.2347,50.538633,37.376855,,50.0214,8.320363,37.43,13.25,46.012219,10.3019,15.866333,42.227496,35.34,17.796021,11.627974,33.0619,,
2009-10-08,,,25.496172,30.955641,27.139402,17.066484,12.4423,26.636169,17.152978,24.659336,9.186544,30.880042,26.456056,23.5677,9.72,34.980576,7.82425,14.68197,33.927687,24.962116,40.800244,22.339881,22.339881,,22.512081,,,39.920152,39.920152,18.108069,19.353592,22.339881,40.280806,29.128528,18.49,18.49,12.688276,28.9329,36.956,49.894202,37.9497,,49.6313,8.468945,37.87,13.36,46.148249,10.2181,16.004645,42.074708,35.36,17.855221,11.712314,33.3063,,
2009-10-09,,,25.479007,30.767376,27.161735,17.219254,12.496022,26.60328,17.251455,25.033757,9.100914,30.692177,26.357871,23.8371,9.815,34.989433,7.793319,14.762316,34.124363,25.316978,40.865889,22.220009,22.220009,,22.536835,,,40.099624,40.099624,18.29115,19.59037,22.220009,39.663137,29.163172,18.48,18.48,12.837548,29.0026,37.0854,50.059383,37.829115,,47.7231,8.519073,38.05,14.65,46.250271,10.274,16.221992,42.218974,35.44,18.062508,11.946537,33.4971,,
2009-10-12,,,25.573325,31.071482,27.467935,17.33186,12.478176,26.825328,17.224598,24.526207,9.067355,30.995607,26.456056,23.3827,9.615,35.368042,7.784455,14.695361,33.970447,26.301613,40.75101,22.408257,22.408257,,22.594533,,,39.959132,39.959132,18.185557,19.6407,22.408257,38.777045,29.223799,18.585,18.585,12.880246,29.0325,37.0754,50.332089,38.025033,,47.2057,8.621084,38.42,14.39,46.054775,10.2274,16.380062,42.371761,35.42,18.018108,11.909042,33.5353,,
2009-10-13,,,25.658969,31.259747,27.634936,17.291695,12.484064,26.652614,17.126121,24.16017,8.985441,31.183375,26.50102,23.2983,9.43,35.21835,7.802136,14.789001,33.696765,26.274994,40.669044,22.237174,22.237174,,22.598674,,,39.537927,39.537927,18.192583,19.703726,22.237174,37.291098,29.215138,18.77,18.77,12.837548,29.0225,37.0456,50.067619,37.595443,,47.3244,8.388399,38.07,14.05,45.680601,10.2926,16.508495,42.821602,35.29,17.995952,11.890343,33.0161,,
2009-10-14,,,25.62473,31.549348,27.378783,16.969926,12.561703,26.553946,17.215645,24.126911,8.896096,31.472287,26.509277,23.5872,9.525,35.368042,7.815433,14.962988,33.842167,26.958099,40.669044,22.493798,22.493798,,22.615147,,,40.357058,40.357058,18.453152,20.033547,22.493798,38.481618,29.319071,18.955,18.955,12.958411,29.2614,37.3143,50.910357,37.934616,,47.0022,8.458192,38.6,14.08,45.825179,10.4137,16.478857,42.719743,35.36,18.232839,11.599829,33.3673,,
2009-10-15,,,25.410528,31.578357,28.080245,17.323881,12.597487,26.759549,17.394695,24.243364,8.870029,31.501227,26.701429,23.8079,9.515,35.720176,7.903839,14.735534,33.987569,27.339487,41.1612,22.784752,22.784752,,22.648181,,,40.005963,40.005963,18.847616,20.167035,22.784752,39.484157,29.734802,18.845,18.845,12.972616,29.5799,37.812,51.78613,37.972283,,48.4609,8.588865,38.53,14.18,46.054775,10.2554,16.715962,42.626407,35.77,18.180995,11.543635,33.6804,,
2009-10-16,,,25.693209,31.266999,27.067023,17.452535,12.496022,26.825328,17.582698,24.210105,8.888666,31.190586,26.991856,23.8112,9.4,35.799401,7.972396,14.855957,33.893442,27.321772,41.407278,23.127012,23.127012,,22.685267,,,39.639258,39.639258,18.826439,20.277852,23.127012,38.463711,29.916684,18.825,18.825,12.98682,29.4405,37.6328,51.463915,38.40196,,48.5627,8.67481,37.71,14.09,46.182256,10.3392,16.25163,42.397226,35.35,18.166195,11.627974,34.0469,,
2009-10-19,,,26.292902,31.766622,27.479056,17.717911,12.609446,27.104886,17.59165,24.018749,8.821611,31.688995,27.12271,24.6714,9.425,36.169251,8.074099,15.391309,33.876319,27.951545,41.841995,23.281024,23.281024,,22.594533,,,39.725159,39.725159,19.192699,20.340787,23.281024,38.347359,30.358491,18.945,18.945,13.043722,29.3708,37.4935,51.265608,38.778799,,48.8002,8.816195,38.79,13.95,46.496871,10.7118,16.548012,42.677336,35.82,18.321639,11.51549,34.0545,,
2009-10-20,,,26.224423,31.143907,27.445602,17.750097,12.257308,26.948617,17.036596,24.226689,8.791829,31.067811,27.130877,25.1551,9.23,36.125258,8.093996,15.0969,34.96253,27.720968,41.5713,23.298095,23.298095,,22.297669,,,39.366214,39.366214,19.079981,20.502025,23.298095,38.517433,30.34983,18.755,18.755,13.2641,29.1817,37.374,50.877321,38.854132,,47.969,8.927203,38.31,13.78,46.267275,10.5069,16.538133,42.677336,35.34,18.247639,11.384305,33.7644,,
2009-10-21,,,26.858355,30.521191,27.378783,17.589258,12.257308,26.685503,16.776973,23.369778,8.724774,30.446626,26.758689,24.3176,9.175,36.134018,8.05175,15.337745,34.782883,27.490299,41.554889,23.46069,23.46069,,22.297669,,,39.05419,39.05419,19.340549,20.423945,23.46069,39.072378,30.289202,18.52,18.52,12.944207,29.1917,37.4636,51.092191,38.303957,,47.8927,8.778621,39.16,13.67,45.808175,10.6745,16.231871,42.431212,35.24,18.218039,11.449946,32.6191,,
2009-10-22,,,26.627079,31.230738,27.529103,17.734049,12.263287,26.570391,16.803831,23.186805,8.735981,31.154533,26.807782,24.1163,9.175,36.17801,8.069525,15.659034,33.636883,27.596776,41.538478,23.195483,23.195483,,22.330614,,,39.296013,39.296013,19.488498,20.33326,23.195483,38.204098,29.96865,18.785,18.785,12.922858,29.1618,37.374,50.811248,37.278853,,47.8588,8.767867,39.75,13.93,45.425545,10.8981,16.330665,42.855587,35.33,18.388282,11.562334,32.558,,
2009-10-23,,,26.267245,31.317667,26.905582,17.339929,11.923108,26.224964,16.347254,23.003741,8.724774,31.241158,26.562408,24.2299,9.11,35.623334,8.069525,15.364527,32.550765,27.002433,41.177611,23.144083,23.144083,,21.955348,,,38.718705,38.718705,19.185673,20.101561,23.144083,37.738692,29.778107,18.725,18.725,12.745178,29.0424,37.2048,50.422961,36.984932,,47.2481,8.671211,39.46,13.92,44.923982,10.6931,16.054042,42.64335,35.68,18.269795,11.309412,32.39,,
2009-10-26,,,26.027386,29.862214,26.772034,17.195137,11.899283,26.183897,16.409921,22.479608,8.713629,29.789291,26.58691,23.9508,9.14,35.552868,8.065093,15.391309,32.482276,27.419345,41.382661,22.844641,22.844641,,21.951208,,,38.469122,38.469122,19.291266,18.691321,22.844641,37.425357,29.630869,18.82,18.82,12.780731,28.9926,37.0854,49.960275,36.743762,,46.6375,8.542337,39.35,13.64,44.5499,10.7118,16.004645,42.821602,35.89,18.328994,11.290616,31.9548,,
2009-10-27,,,25.787436,29.623281,26.872217,17.323881,11.947026,26.35652,16.177156,23.061968,8.765762,29.550853,26.770985,23.0223,9.335,35.53535,8.15845,15.418091,32.721805,27.366106,41.358044,22.870294,22.870294,,22.046082,,,38.281889,38.281889,19.122238,19.804386,22.870294,37.702877,29.96865,18.715,18.715,12.89445,29.3012,37.3541,50.398161,36.864347,,46.3406,8.590665,39.74,13.39,44.906978,10.7304,16.103439,42.202031,36.7,18.403082,11.562334,32.2831,,
2009-10-28,,,25.341957,28.261912,26.577139,17.088425,11.350286,26.208519,15.971249,22.86232,8.810466,28.192919,26.537817,21.8082,9.125,35.279959,8.074004,15.003162,32.550765,25.69846,41.005294,23.058541,23.058541,,22.066695,,,38.484642,38.484642,19.108185,19.592909,23.058541,37.237375,29.959989,18.33,18.33,12.937063,29.1618,37.2745,50.389925,36.902013,,45.9251,8.613929,38.32,13.22,44.277841,10.4416,15.550192,41.395688,36.7,18.565881,11.637324,32.4358,,
2009-10-29,,,26.489939,29.195985,27.117159,17.34011,11.696353,26.578568,16.221919,23.037,8.802974,29.124745,27.278065,22.2302,9.215,35.861109,8.236201,15.471656,32.884236,25.40574,42.145512,23.571884,23.571884,,22.30586,,,38.788906,38.788906,19.284239,19.675977,23.571884,38.123562,30.34983,18.45,18.45,13.050866,29.2216,37.4636,50.720376,36.93968,,46.3746,8.705229,38.95,14.02,44.779404,10.7677,16.004645,41.97285,37.55,18.595569,12.236955,32.955,,
2009-10-30,,,25.804601,28.203992,27.172856,17.047807,11.380091,26.109851,16.320396,22.679256,8.698707,28.135137,26.959098,21.6037,8.77,35.429651,8.10286,15.110291,32.319844,24.997639,42.276711,23.546231,23.546231,,21.984243,,,37.899574,37.899574,16.988209,19.572687,23.546231,37.631246,30.323847,18.075,18.075,12.873101,29.1021,37.2645,50.026347,35.696075,,45.5434,8.678366,38.0,13.34,44.830415,10.5162,15.629227,41.565418,37.4,18.366038,11.731013,31.7562,,
2009-11-02,,,26.14727,28.174885,27.35098,16.958502,11.302543,26.011184,14.941712,23.028709,8.676356,28.106099,26.889543,21.7336,8.865,35.500117,8.191786,15.217322,32.422393,24.554108,42.449029,23.648937,23.648937,,22.153288,,,37.915184,37.915184,16.89657,19.650766,23.648937,38.051932,30.34983,18.225,18.225,13.008169,29.0026,37.175,50.067619,36.608092,,45.8996,8.660457,38.45,13.54,44.379863,10.5907,15.451398,42.202031,37.51,18.351238,11.909042,31.9471,,
2009-11-03,,,27.338164,28.385887,27.04478,16.82867,11.332348,25.682201,15.183429,22.962098,8.713629,28.316571,26.595077,22.3179,8.8,35.191876,8.258456,15.19054,31.960643,24.554108,41.924051,23.563301,23.563301,,21.905841,,,37.60316,37.60316,16.812056,19.766661,23.563301,37.720784,30.141964,18.32,18.32,13.121888,28.8832,37.0555,49.621496,36.065416,,45.976,8.622883,38.1,13.48,44.116259,10.5721,15.461277,41.930443,37.8,18.277239,11.806003,32.1304,,
2009-11-04,,,27.595189,28.174885,26.927914,16.966662,11.404008,25.994739,15.111809,23.145162,8.739696,28.106099,26.550113,21.6914,8.86,35.614575,8.233985,15.257495,31.883638,25.121832,42.489967,22.818988,22.818988,,22.058414,,,37.376857,37.376857,16.671232,19.625647,22.818988,37.684969,30.150625,18.34,18.34,13.129032,28.9528,37.1053,49.885875,35.711159,,46.5866,8.61033,36.96,13.41,44.243834,10.6186,15.451398,38.348467,36.34,18.218039,11.702964,31.5119,,
2009-11-05,,,27.783643,28.997136,27.373223,17.283264,11.768013,26.430566,15.228192,22.063636,8.881174,28.926356,27.09408,22.0874,9.42,36.045935,8.298439,15.81963,31.883638,25.618602,42.842718,23.127012,23.127012,,22.43377,,,38.547083,38.547083,16.699436,19.764122,23.127012,38.490524,30.332508,18.49,18.49,13.271159,29.2912,37.4337,50.588142,36.675927,,46.5612,8.671211,37.44,13.82,44.915434,11.0098,15.886092,37.23655,36.33,18.610369,11.843498,33.1841,,
2009-11-06,,,27.749403,28.582384,27.517981,17.372569,11.768013,26.471723,15.022285,22.14683,8.881174,28.512525,27.143173,21.9478,9.695,36.098784,8.345118,15.645643,32.174442,25.121832,42.818101,22.913112,22.913112,,22.470855,,,38.492492,38.492492,16.933384,19.555094,22.913112,39.385712,30.367152,17.23,17.23,13.178789,29.3509,37.603,51.026028,36.804011,,46.4594,8.699874,40.19,13.76,44.787952,10.8887,15.876213,37.219607,36.2,18.639969,12.059022,33.1841,,
2009-11-09,,,27.8093,29.528316,28.024637,17.616094,11.994768,26.849949,15.120762,22.188381,8.955659,29.456238,27.286232,22.9412,9.6,36.908851,8.451772,15.886488,32.371119,25.946844,43.203674,22.699211,22.699211,,22.879066,,,38.835737,38.835737,17.188707,19.857346,22.699211,39.367805,30.782882,17.195,17.195,13.413372,29.5699,37.8219,51.455679,37.587945,,47.2905,8.789375,40.43,14.77,45.544571,11.0564,16.182474,38.170216,36.21,18.758368,12.27445,33.2375,,
2009-11-10,,,27.937857,29.899456,28.186078,17.624164,11.953005,26.907551,15.049142,22.928839,8.884889,29.826416,27.470307,23.743,9.12,36.935226,8.527354,15.993617,32.55928,25.503313,43.326668,22.930182,22.930182,,23.015166,,,38.35209,38.35209,16.848276,20.058757,22.930182,40.7284,30.921459,17.24,17.24,13.555499,29.4604,37.7423,51.290408,37.557777,,46.1286,8.819794,40.85,15.63,46.400424,11.1309,16.221992,38.051414,36.15,18.699169,12.358789,34.2302,,
2009-11-11,,,27.552367,30.270498,28.380884,17.843391,12.096234,27.162488,15.00438,22.712515,8.359841,30.196593,27.380289,24.6422,9.1,37.093677,8.465116,16.020302,32.584918,25.742794,43.261023,22.947347,22.947347,,23.147126,,,38.687485,38.687485,16.883804,20.021032,22.947347,40.996918,30.904137,17.395,17.395,13.484478,29.54,37.8617,51.720058,37.195934,,45.3229,8.753557,40.91,17.12,46.323396,11.1496,16.468977,39.163332,36.32,18.780612,12.218255,34.7417,,
2009-11-12,,,27.629428,29.768425,28.208321,18.03007,12.018594,27.236443,14.7179,22.363154,8.248144,29.695748,27.515271,22.188,9.01,36.750302,8.480675,15.846315,32.311236,25.591982,43.441546,22.964417,22.964417,,23.068814,,,38.679725,38.679725,16.564649,19.990744,22.964417,40.37925,31.00807,17.155,17.155,13.519946,29.2116,37.4437,50.621178,37.655779,,45.713,8.828748,40.81,16.79,45.955354,11.0285,16.310907,38.654042,35.77,18.506681,12.152711,34.4974,,
2009-11-13,,,27.852213,29.608385,28.386444,18.192451,12.072316,27.285777,14.57466,22.770834,8.356126,29.536042,27.646125,22.2238,9.255,36.856001,8.525138,15.980226,32.68756,25.69846,43.777796,23.024306,23.024306,,23.283226,,,38.851347,38.851347,16.897955,19.965624,23.024306,40.504603,31.120664,17.575,17.575,13.690566,29.3509,37.6527,51.174736,37.798947,,46.0608,9.00775,41.11,16.96,46.049479,11.1216,16.715962,38.772843,35.7,18.713968,12.096421,34.673,,
2009-11-16,,,27.355238,29.622889,28.559007,18.21684,12.31701,27.532537,14.592565,23.278292,8.505096,29.550561,27.699346,22.7107,9.565,37.190519,8.5696,16.033693,33.106643,25.645221,43.794207,23.640355,23.640355,,23.398713,,,39.678329,39.678329,17.543191,20.088955,23.640355,38.678506,31.397817,17.8,17.8,13.747468,29.4903,37.8319,51.579587,38.168288,,46.0184,9.131269,41.66,17.09,46.28911,11.1589,16.92343,39.307598,36.8,19.032299,12.208906,35.2991,,
2009-11-17,,,27.708042,29.42649,28.642508,18.224909,12.370732,27.61476,14.3598,23.111903,8.538592,29.354608,27.633919,22.3341,9.365,37.278602,8.578465,16.3282,32.850084,25.725079,43.802413,23.648937,23.648937,,23.452271,,,39.0698,39.0698,17.812666,19.990744,23.648937,39.698952,31.33719,17.715,17.715,13.676362,29.5201,37.8717,51.720058,38.145618,,45.8572,9.143779,41.64,17.02,46.366138,11.3638,17.041983,39.129346,36.31,18.995255,12.19011,35.2151,,
2009-11-18,,,27.467179,28.880707,28.375323,18.143764,12.305051,27.771029,14.28818,23.078644,8.560944,28.810206,27.601161,21.3797,9.25,37.401918,8.558473,16.569045,32.182957,26.133086,43.753179,23.323748,23.323748,,23.332733,,,38.765536,38.765536,17.557442,19.942953,23.323748,39.394619,31.146647,17.49,17.49,13.718975,29.4306,37.7124,51.472242,38.077784,,46.1032,9.159888,41.88,16.72,45.929709,11.5315,17.022224,39.069995,36.11,18.773168,12.2651,34.9021,,
2009-11-19,,,27.165963,28.094816,28.091366,18.159993,12.072316,28.001253,14.270275,22.288251,8.572089,28.026198,27.609328,21.1428,9.1,36.988076,8.527354,16.3282,31.763874,25.46779,43.457958,23.075612,23.075612,,23.456412,,,37.985385,37.985385,17.068171,19.912755,23.075612,39.161915,31.17263,17.555,17.555,13.655013,29.331,37.5731,51.125227,37.791448,,46.2898,9.093695,41.0,16.43,45.767106,11.3638,16.785118,38.806829,35.54,18.58077,12.246401,34.4058,,
2009-11-20,,,27.208967,28.036602,28.341958,18.143764,12.18574,28.058855,14.43142,22.712515,8.579581,27.968123,27.785236,21.1038,9.31,37.18176,8.509578,16.716348,31.798119,25.024259,43.572746,23.246789,23.246789,,23.703859,,,38.32863,38.32863,17.26669,20.015954,23.246789,39.663137,31.146647,17.71,17.71,13.491537,29.4306,37.6925,51.290408,37.482356,,47.4262,9.108004,41.0,16.22,48.223166,11.6339,16.883912,38.679506,35.43,18.713968,12.246401,34.505,,
2009-11-23,,,27.406917,28.473208,28.926465,18.314214,12.293092,28.453525,14.583612,22.76245,8.639144,28.403683,27.948758,21.2434,9.5,38.009344,8.642919,16.569045,31.373482,25.361312,44.187986,23.392219,23.392219,,24.017285,,,38.406681,38.406681,17.954479,20.277852,23.392219,40.13764,31.571039,17.85,17.85,13.598197,29.54,37.8219,51.629186,37.738611,,48.6645,9.17604,41.24,16.22,49.729341,11.5315,17.160536,38.874701,36.03,19.217342,12.068372,34.9937,,
2009-11-24,,,26.899169,28.385887,28.603583,18.20868,12.161362,29.111491,14.583612,22.720899,8.587011,28.316571,28.226889,20.7629,9.235,38.062194,8.500667,16.769815,31.606255,24.900066,44.220808,23.289512,23.289512,,23.996672,,,38.071196,38.071196,18.039587,20.209838,23.289512,39.878028,31.545055,17.5,17.5,13.718975,29.5002,37.812,51.637423,37.927118,,48.9019,9.184952,41.24,15.93,49.994711,11.6712,17.140777,39.027488,36.0,19.069343,11.590479,35.0319,,
2009-11-25,,,27.019692,28.800638,28.447702,18.281756,12.20331,29.095047,14.494087,22.479608,8.575866,28.730305,28.104203,20.5682,9.075,38.167893,8.465116,16.649392,30.985497,24.97102,44.015668,22.930182,22.930182,,23.963637,,,37.852743,37.852743,17.564468,20.265247,22.930182,40.227083,31.458445,17.5,17.5,13.640809,29.6893,38.0508,52.207544,37.919532,,49.1055,9.195706,41.66,15.97,50.285632,11.5873,17.209933,38.925135,35.2,19.010055,11.637324,34.589,,
2009-11-27,,,26.374346,27.956631,28.052441,18.005772,11.939666,28.914065,14.386657,21.855604,8.501381,27.888319,27.850662,20.4351,8.87,37.349068,8.347334,16.39281,30.69238,24.838017,43.449752,22.793335,22.793335,,23.747695,,,37.525109,37.525109,17.075197,20.122509,22.793335,39.779584,30.990748,17.38,17.38,13.505742,29.4604,37.7522,51.472242,37.678362,,48.4779,9.186751,41.81,15.51,50.054549,11.4088,16.785118,38.404648,34.75,18.565881,11.552695,33.6728,,
2009-11-30,,,26.511943,27.94928,28.486628,18.013841,11.771969,28.757796,14.234465,21.789085,8.523733,27.881011,27.809737,20.4448,8.67,37.375444,8.33847,16.39281,30.49413,24.873447,43.437308,22.741934,22.741934,,23.755976,,,37.228605,37.228605,17.26669,19.867503,22.741934,39.269361,30.904137,17.485,17.485,13.370674,29.4604,37.7722,51.406079,36.24625,,49.1224,8.943313,42.09,15.48,50.559457,11.4088,16.903671,38.57527,34.87,18.817656,11.298905,32.7641,,
2009-12-01,,,27.24339,28.400489,28.436581,18.322374,11.831854,29.243048,14.511992,22.04696,8.590726,28.33109,28.087868,20.1397,8.68,37.97421,8.500667,16.541383,30.93376,25.565363,43.759491,22.673558,22.673558,,24.121521,,,37.805913,37.805913,17.486486,19.977141,22.673558,38.060933,31.371834,17.79,17.79,13.555499,29.8884,38.23,52.769339,37.060265,,49.309,9.100849,43.39,15.9,51.107199,11.5122,17.041983,38.908092,34.99,19.143342,11.496308,33.1841,,
2009-12-02,,,27.191802,29.026243,28.141503,18.354832,11.963676,29.111491,14.664185,22.379738,8.660134,28.955393,28.038776,19.7663,8.51,38.211885,8.496235,16.608828,31.080365,25.946844,43.784288,22.767682,22.767682,,24.071653,,,37.743562,37.743562,17.621273,20.068914,22.767682,37.998209,31.605683,17.83,17.83,13.61946,29.9979,38.47,52.960677,37.060265,,49.5635,9.159888,44.1,15.94,51.278351,11.5592,16.567771,38.916613,35.5,19.33583,11.458717,33.2146,,
2009-12-03,,,26.968013,28.873455,28.163925,18.224909,11.897719,29.070334,14.637327,22.221733,8.686448,28.802898,27.887459,19.4612,8.285,38.000585,8.465116,16.473841,30.951067,25.982274,43.561294,22.605087,22.605087,,23.785051,,,37.688971,37.688971,17.16743,19.931254,22.605087,39.305081,31.33719,17.65,17.65,13.605256,29.7092,38.19,52.220216,37.293937,,49.1224,9.138424,42.74,15.8,50.679319,11.4652,16.330665,38.617975,34.57,19.30623,11.703157,33.9858,,
2009-12-04,,,27.183219,29.346421,29.160734,18.346672,11.927708,29.169002,15.040189,22.296543,8.682671,29.274706,28.190092,19.8637,8.35,38.176652,8.536265,16.500819,31.028627,25.999989,43.751285,22.733446,22.733446,,23.876414,,,38.469122,38.469122,17.443932,20.012871,22.733446,39.296175,31.623005,17.735,17.735,13.733264,30.0078,38.56,53.127125,37.550191,,49.4108,9.49467,42.74,16.27,51.115747,11.484,16.538133,39.010446,35.16,19.950246,11.844173,35.1846,,
2009-12-07,,,26.72715,29.026243,29.250333,18.354832,11.927708,29.111491,15.058094,22.413089,8.667687,28.955393,28.218722,19.604,8.285,38.159036,8.662911,16.622414,30.968282,25.547648,43.693395,22.82757,22.82757,,24.034298,,,37.915184,37.915184,17.514888,20.158148,22.82757,37.819228,31.770243,17.645,17.645,13.768732,30.1173,38.65,53.443276,37.565275,,49.4193,9.655763,42.98,16.16,50.91895,11.5685,16.389942,39.010446,34.48,19.987202,11.947501,37.7807,,
2009-12-08,,,26.511943,28.640598,29.188717,18.111306,11.759918,28.84011,15.272954,22.254992,8.626389,28.570599,28.108331,20.3929,8.085,37.789285,8.560689,16.39281,30.675165,24.908971,43.470401,22.810405,22.810405,,23.955356,,,37.977986,37.977986,17.344672,19.84456,22.810405,37.362728,31.397817,17.545,17.545,13.690566,29.9382,38.38,52.819301,36.962349,,49.1648,9.457353,42.59,16.68,50.448236,11.4088,15.975007,38.481438,34.5,19.609672,11.825377,35.7954,,
2009-12-09,,,26.227984,28.735172,29.03759,18.159993,11.861843,28.815397,15.353527,22.546126,8.532587,28.665019,28.05511,20.0358,8.0,37.727676,8.531786,16.379321,30.459607,24.70492,43.619094,22.853223,22.853223,,24.017645,,,38.299846,38.299846,17.656701,20.043432,22.853223,37.228469,31.267902,17.495,17.495,13.768732,29.4903,37.85,51.421375,36.977433,,49.2327,9.622988,42.65,16.86,50.833374,11.3994,15.787298,38.925135,34.33,19.298786,11.78769,35.2686,,
2009-12-10,,,26.253823,28.698812,29.306389,18.04639,11.879781,28.650951,15.201334,23.003741,8.618898,28.628674,28.108331,20.6039,7.775,37.595601,8.558473,16.460352,30.675165,25.015354,43.776082,22.82757,22.82757,,24.329182,,,38.197793,38.197793,17.621273,20.173474,22.82757,37.962394,31.319868,17.805,17.805,13.825634,29.55,37.91,51.454683,36.834179,,49.1988,9.635755,41.89,16.33,51.21842,11.4558,15.619348,38.72885,33.95,19.135898,11.853523,35.0013,,
2009-12-11,,,26.236658,29.38278,29.675999,18.241138,11.837833,28.618062,15.443052,23.502907,8.74273,29.311052,28.243224,21.2531,7.92,37.780427,8.576249,16.48733,31.054542,25.192786,44.362558,22.9216,22.9216,,24.549264,,,38.386198,38.386198,17.607022,20.035814,22.9216,37.998209,31.345851,17.675,17.675,13.875391,29.47,37.74,50.980411,36.540258,,49.4702,9.64848,42.18,16.46,51.826001,11.4746,15.787298,38.447353,34.09,19.291341,11.881764,35.0166,,
2009-12-14,,,26.012869,29.455597,29.86076,18.20868,11.927708,28.642684,15.452004,23.353194,8.783966,29.383645,28.190092,21.4739,7.965,37.886127,8.51401,16.635903,31.149317,25.263739,44.255163,23.075612,23.075612,,24.52019,,,38.637406,38.637406,17.770112,20.068914,23.075612,38.696414,31.380495,17.96,17.96,13.982051,29.42,37.61,50.739112,37.881866,,49.7161,9.721314,42.42,16.3,52.099918,11.5779,15.886092,38.165757,34.23,19.491273,11.947501,35.3755,,
2009-12-15,,,26.365672,28.997136,29.983993,18.159993,11.945646,28.396015,15.478862,23.519583,8.870277,28.926356,28.132833,21.4025,7.895,37.912502,8.440692,16.67637,31.106187,25.813748,43.883477,22.955835,22.955835,,24.528471,,,37.915184,37.915184,18.046713,20.293359,22.955835,38.356265,31.25058,17.655,17.655,14.003314,29.36,37.63,50.747439,37.738611,,49.4278,9.668488,42.65,16.07,52.305264,11.6061,15.975007,37.585523,33.79,19.476473,11.77834,35.3373,,
2009-12-16,,,26.882003,29.135419,29.737616,18.233069,12.011603,28.289079,15.425147,23.145162,8.941542,29.064234,27.928385,21.5193,8.05,37.930119,8.422916,16.554872,31.114887,25.911321,43.594297,23.229624,23.229624,,24.262662,,,37.970136,37.970136,17.961605,20.285651,23.229624,38.123562,31.259241,18.165,18.165,13.953557,29.3,37.48,50.489486,37.746196,,49.1648,9.659405,43.75,16.23,52.467867,11.5216,14.927789,37.372196,34.08,19.580072,11.712507,35.0853,,
2009-12-17,,,26.279663,28.866203,29.4072,17.973314,12.18528,27.392712,15.317717,23.471398,8.825264,28.795688,28.235056,21.9186,7.73,37.357827,8.351766,16.271312,30.752725,25.538743,43.073827,22.998653,22.998653,,23.664613,,,37.805281,37.805281,17.543191,20.012871,22.998653,37.559616,30.990748,18.05,18.05,13.925149,29.17,37.31,49.956926,37.150769,,48.7408,9.613905,44.51,15.7,51.295448,11.3242,14.937669,36.826145,33.49,19.275655,11.468163,34.6425,,
2009-12-18,,,26.288245,28.822493,29.384778,17.989543,12.239186,27.15422,15.496767,23.563437,8.889037,28.752131,28.198259,22.4802,7.855,37.37564,8.382886,16.122739,30.425177,25.503313,43.181221,23.109847,23.109847,,23.639769,,,37.78173,37.78173,17.649576,19.757865,23.109847,37.147837,31.120664,18.435,18.435,13.967846,29.12,37.17,49.490981,36.675927,,49.0885,9.672129,45.48,15.63,51.654849,11.2208,15.164895,37.056515,33.56,19.453874,11.449367,34.3371,,
2009-12-21,,,26.494778,29.564675,29.3176,17.721628,12.406976,27.524269,15.828009,23.697212,8.922781,29.492486,28.464095,22.3341,7.78,37.58015,8.396229,16.352343,30.64925,26.008894,43.098624,23.092777,23.092777,,23.747695,,,38.056488,38.056488,18.067989,19.997545,23.092777,37.819228,31.198613,18.6,18.6,14.010459,29.24,37.43,50.323038,37.120601,,49.6992,9.686696,45.27,16.0,51.885932,11.3806,15.293327,37.346632,37.7,19.632093,11.543346,35.1082,,
2009-12-22,,,26.50336,30.234138,29.390339,18.484755,12.598683,27.779206,16.105536,23.914733,9.009092,30.160345,28.991639,22.8276,7.98,37.909156,8.458467,16.568361,31.201055,26.097656,43.652097,23.349401,23.349401,,23.785051,,,38.464701,38.464701,18.301937,20.056218,23.349401,38.571156,31.129325,18.775,18.775,14.124178,29.36,37.54,50.447851,37.384441,,50.7169,9.726755,46.53,16.05,52.194043,11.531,15.550192,37.653792,37.8,19.958754,11.599733,35.6656,,
2009-12-23,,,26.95943,31.063642,29.670349,18.785127,12.77236,28.239745,16.499446,24.249353,8.960303,30.987812,29.008063,23.5774,8.145,38.051467,8.456251,16.730423,31.34766,26.053228,44.032169,23.409384,23.409384,,23.793422,,,38.880673,38.880673,18.755779,20.035814,23.409384,38.732229,31.146647,19.24,19.24,14.330351,29.29,37.51,50.489486,37.216598,,51.4632,9.706747,46.6,16.06,52.330909,11.6437,15.57983,38.020698,38.93,20.42659,11.599733,36.3987,,
2009-12-24,,,27.165963,31.143711,29.916816,18.874341,12.826359,28.37957,16.356206,24.3413,8.994109,31.067616,29.01623,23.5937,8.22,38.247119,8.616232,16.811454,31.451042,26.150801,44.610439,23.580466,23.580466,,23.855711,,,38.817871,38.817871,18.734502,20.122509,23.580466,38.589063,31.467106,19.265,19.265,14.479623,29.36,37.56,50.722458,37.29289,,51.336,9.763173,46.81,15.92,52.835817,11.7001,15.728021,38.097488,39.26,20.493411,11.693711,36.6964,,
2009-12-28,,,27.217641,31.34746,30.101576,19.134187,12.706496,28.408552,16.383064,24.391511,9.020361,31.270877,29.363827,25.2135,8.355,38.344945,8.634055,16.946441,31.528695,26.345947,44.577346,23.762018,23.762018,,23.855711,,,39.45374,39.45374,19.145791,20.278033,23.762018,39.770583,31.562378,19.53,19.53,14.443475,29.44,37.64,50.888906,37.254788,,51.2173,9.795948,46.8,16.07,53.143927,11.7941,15.856454,38.387605,39.73,20.68643,11.862969,36.5972,,
2009-12-29,,,27.165963,31.522103,30.359254,18.988035,12.718454,28.21794,16.311444,24.274413,8.98284,31.445101,29.421087,25.9764,8.53,38.336087,8.629576,16.824943,31.364875,26.514568,44.593938,23.736082,23.736082,,23.98029,,,39.540092,39.540092,19.138764,20.555982,23.736082,40.085339,31.780487,19.565,19.565,14.349489,29.44,37.66,50.838944,37.254788,,51.2682,9.770456,46.7,15.9,53.477683,11.7095,15.777418,38.438733,40.15,20.834961,11.815931,36.5056,,
2009-12-30,,,27.303651,31.500248,30.258443,18.931188,12.838317,28.350497,16.186109,24.107103,8.960303,31.423372,29.367955,25.9699,8.55,38.442771,8.609584,16.649392,31.459742,26.630418,44.602143,23.770694,23.770694,,23.955356,,,39.563643,39.563643,19.09621,20.561061,23.770694,39.671665,31.780487,19.46,19.46,14.32057,29.44,37.71,51.013719,37.109877,,51.3106,9.734039,47.64,15.6,53.486232,11.5873,15.797177,38.558228,39.43,20.664186,11.750098,35.6427,,
2009-12-31,,,26.942265,31.434782,30.000765,18.712051,12.700516,28.01897,16.150299,23.672152,8.91529,31.357989,28.95897,26.4471,8.505,38.024796,8.545129,16.446863,30.8562,26.051072,43.949482,23.502659,23.502659,,23.672984,,,39.014127,39.014127,18.649394,20.459131,23.502659,39.293995,31.518793,19.2,19.2,14.190436,29.26,37.5,50.589318,36.751434,,50.6406,9.643038,46.6,15.19,52.844458,11.4464,15.737901,38.532664,38.86,20.329992,11.5339,34.8257,,
2010-01-04,,,27.079953,31.573065,30.129649,18.760738,12.922212,28.077026,16.212966,24.3413,8.979063,31.495965,28.995767,26.3919,8.695,38.095951,8.507362,16.608828,31.22697,26.452144,43.643891,23.718823,23.718823,,23.689546,,,39.171131,39.171131,19.089085,20.788045,23.718823,40.454007,31.667055,19.64,19.64,14.306111,29.49,37.71,50.955431,37.636074,,50.6236,9.69218,47.53,15.3,53.212407,11.5592,15.92561,39.181068,39.9,20.589921,11.505754,36.4674,,
2010-01-05,,,27.226224,31.842281,29.816005,18.841883,13.011995,28.126723,16.445731,24.056891,9.08042,31.764512,28.725803,26.8724,8.695,37.900299,8.551825,16.689859,32.045978,26.897737,43.74299,24.877545,24.877545,,23.403034,,,39.555793,39.555793,18.691948,20.232147,24.877545,40.112247,31.579886,19.715,19.715,14.31334,29.69,37.94,51.571169,37.308149,,50.454,9.703106,47.8,16.17,52.964227,11.6155,15.728021,38.711807,38.4,20.448834,11.721953,37.2691,,
2010-01-06,,,27.15738,32.191566,30.23046,18.776967,12.994057,27.811731,16.463636,24.592265,9.181714,32.11296,28.897582,26.9243,9.0,37.909156,8.505146,16.622414,31.770075,27.325615,43.751285,25.05042,25.05042,,23.394663,,,39.697097,39.697097,17.231261,20.125048,25.05042,40.696754,31.701979,20.125,20.125,14.523001,29.54,37.79,51.055263,37.308149,,51.7261,9.828724,47.27,16.62,53.152476,11.5685,15.935489,38.669201,37.37,20.367125,12.314162,37.9868,,
2010-01-07,,,26.873421,32.41717,29.933588,18.833814,12.856255,27.388896,16.311444,24.324624,9.305546,32.337951,29.362929,26.4828,9.04,37.855815,8.458467,16.39281,31.459742,26.104592,44.180862,24.989966,24.989966,,23.336514,,,39.634295,39.634295,17.451057,19.867503,24.989966,41.326171,31.946258,20.045,20.045,14.501312,29.34,37.58,50.730785,37.773313,,52.3368,9.719472,46.95,16.85,53.007062,11.4088,15.777418,38.020698,37.94,20.270615,12.53036,37.7016,,
2010-01-08,,,26.537782,32.497141,29.928027,18.687663,12.688558,27.21482,16.320396,24.14893,9.316815,32.417755,29.124108,26.5705,8.96,37.713603,8.465116,16.20377,31.364875,24.856857,44.098265,25.015902,25.015902,,22.90463,,,39.547943,39.547943,17.259564,19.87766,25.015902,40.66975,32.03352,20.145,20.145,14.537461,29.34,37.62,50.564337,37.567455,,52.9813,9.673972,47.11,16.64,53.126831,11.2772,15.471157,37.969472,37.76,20.18155,12.502118,37.8327,,
2010-01-11,,,26.555039,32.875534,30.040049,19.004264,12.658569,27.297769,16.499446,23.990004,9.275517,32.79524,29.152917,26.4341,8.905,37.704647,8.480675,16.271312,31.192447,23.716067,44.122972,24.903481,24.903481,,23.369729,,,39.81485,39.81485,16.876678,20.002623,24.903481,40.993507,32.295215,20.145,20.145,14.645906,29.32,37.49,50.50614,37.704693,,52.4131,9.719472,47.14,16.41,53.007062,11.3242,15.500795,38.404648,37.99,20.085041,12.332957,37.3085,,
2010-01-12,,,26.27108,32.591813,30.252792,19.207263,12.568694,27.621029,16.588971,23.596881,9.309261,32.512175,29.371186,26.1679,8.78,37.757988,8.565121,16.338855,32.546045,24.500307,44.106471,25.327133,25.327133,,23.623117,,,40.026807,40.026807,16.756142,19.818987,25.327133,40.90359,32.591832,19.99,19.99,14.56638,29.53,37.88,51.213384,37.498836,,52.3028,9.675771,47.47,16.41,53.614642,11.3712,15.461277,38.541185,38.88,20.174106,12.191941,37.216,,
2010-01-13,,,26.382929,32.962855,30.88008,19.329026,12.778432,28.035505,16.588971,23.806018,9.41811,32.882352,29.502937,27.8138,8.8,38.21159,8.6118,16.541383,31.563125,25.124175,44.379149,25.275261,25.275261,,23.685406,,,40.749028,40.749028,16.486667,19.813908,25.275261,41.622924,32.88845,20.28,20.28,14.631447,29.66,38.04,51.629458,37.880122,,52.5997,9.741322,48.15,16.96,53.597545,11.5122,15.718142,38.694765,40.38,20.307748,12.511564,38.1025,,
2010-01-14,,,26.451773,32.577211,30.628053,19.182874,12.724434,27.89459,16.427826,23.839462,9.425602,32.497656,29.502937,26.3724,8.795,38.247119,8.614016,16.568361,31.864943,25.391587,44.486543,25.180194,25.180194,,23.726902,,,40.568473,40.568473,16.273897,19.752696,25.180194,41.640927,32.853527,20.26,20.26,14.732577,29.89,38.26,52.253433,37.826761,,52.693,9.834165,48.25,16.58,53.152476,11.531,16.133077,38.899571,40.48,20.352325,13.197751,38.511,,
2010-01-15,,,26.279663,32.184314,30.151981,18.882501,12.730505,27.347467,16.329349,23.78925,9.376812,32.105652,29.375315,26.103,8.455,37.918112,8.5696,16.338855,31.252792,26.514568,44.891323,25.577909,25.577909,,23.3781,,,39.901203,39.901203,16.08953,19.7731,25.577909,42.09051,32.792434,20.225,20.225,14.761496,29.71,38.11,51.829122,37.842019,,52.8372,9.795948,48.2,16.39,52.972775,11.3712,16.212112,38.549706,40.25,20.025575,13.056736,37.3702,,
2010-01-19,,,26.279663,32.729998,30.168843,19.101729,12.718454,27.397255,16.329349,23.755807,9.399349,32.650053,29.614136,26.9113,8.51,38.327131,8.638487,16.595339,32.20119,27.646453,45.023514,25.430971,25.430971,,23.432108,,,40.348666,40.348666,16.373256,19.67371,25.430971,42.171426,32.923281,20.48,20.48,14.732577,29.79,38.13,51.86243,38.200461,,52.7523,9.939775,48.42,16.6,53.434942,11.5498,16.617168,38.037741,40.84,20.367125,13.150714,38.1487,,
2010-01-20,,,26.589461,32.293392,29.922376,19.101729,12.676507,27.247981,16.114489,23.705595,9.406841,32.214591,29.416509,26.2361,8.375,37.829144,8.602747,16.311779,31.968418,26.416526,44.503045,24.886128,24.886128,,23.050001,,,40.034657,40.034657,15.947717,19.403378,24.886128,41.452092,32.530739,20.4,20.4,14.696429,29.67,38.0,51.546189,37.552196,,52.8287,9.836007,46.87,16.76,52.733144,11.3524,16.627048,37.338111,40.32,20.077596,13.066182,37.216,,
2010-01-21,,,26.193562,31.944107,29.491149,18.971806,12.490871,27.040743,16.571066,23.212049,9.380589,31.866143,29.288797,25.9439,8.24,37.420125,8.618354,16.068784,31.201055,26.051072,44.147769,24.419187,24.419187,,22.580671,,,40.026807,40.026807,15.791752,19.311605,24.419187,40.570832,32.31263,20.265,20.265,14.378408,29.45,37.66,50.705804,36.400578,,53.0068,9.723114,46.51,16.7,51.834642,11.1832,16.58753,36.996767,39.01,19.877133,12.831187,36.4683,,
2010-01-22,,,26.219401,31.34746,28.959112,18.785127,12.550756,27.17339,16.544208,22.885905,9.192983,31.270877,29.222921,26.3465,8.295,37.295628,8.629528,15.798713,31.278615,25.534151,44.891323,24.099279,24.099279,,22.526663,,,39.940454,39.940454,15.7776,18.977522,24.099279,40.040333,32.077105,19.815,19.815,14.248273,29.23,37.48,50.248186,35.698952,,52.2689,9.664846,47.0,16.13,51.321093,10.9953,16.409701,36.70665,39.0,19.758291,12.943962,35.5587,,
2010-01-25,,,25.61706,31.514851,28.987184,18.793196,12.532726,27.165122,16.338301,22.885905,9.144193,31.437891,29.14466,25.9634,8.255,37.81133,8.625049,16.20377,31.42522,25.569862,44.750836,23.943664,23.943664,,22.57239,,,40.230913,40.230913,15.94069,19.632901,23.943664,39.222081,32.469646,19.73,19.73,14.392867,29.2,37.44,50.115046,35.882053,,52.7947,9.744964,47.07,16.04,51.663397,11.2772,16.409701,36.518986,39.1,19.661782,13.056736,35.867,,
2010-01-26,,,25.496629,31.34746,28.886373,18.73635,12.448923,27.156855,16.356206,22.944409,9.069151,31.270877,29.222921,26.0511,8.025,38.087093,8.636224,16.163304,31.46835,25.623288,45.312604,24.004118,24.004118,,22.485167,,,40.018957,40.018957,15.749198,19.584385,24.004118,39.698668,32.356308,19.615,19.615,14.429015,29.22,37.45,50.1317,35.843864,,52.3368,9.834165,46.26,15.55,51.954411,11.249,16.221992,36.612818,38.29,19.565272,13.141364,35.8054,,
2010-01-27,,,25.599895,31.485743,28.796774,18.79374,12.287113,27.397255,16.311444,23.003004,9.005377,31.408853,29.453576,25.9764,8.195,38.709578,8.696576,16.419788,32.149453,26.648227,45.477889,24.514348,24.514348,,22.63882,,,41.439759,41.439759,15.813029,19.446725,24.514348,39.563746,32.748849,19.735,19.735,14.450705,29.21,37.45,50.165008,35.569299,,52.9135,9.826881,46.33,15.73,52.32236,11.4276,16.142957,36.587254,39.04,19.891933,12.953311,35.7129,,
2010-01-28,,,25.771914,31.565812,28.684752,18.73635,12.113436,27.786837,16.159251,23.094951,9.042899,31.488657,29.63065,28.4371,8.12,39.394261,8.640703,16.433375,32.011455,26.19373,45.279601,24.246312,24.246312,,22.50173,,,42.16198,42.16198,15.834306,19.525803,24.246312,40.615838,31.797902,19.46,19.46,14.465164,29.06,37.25,49.70739,35.241374,,52.7099,9.795948,46.1,15.32,52.194043,11.437,15.975007,36.228869,38.75,19.676581,12.962757,35.6435,,
2010-01-29,,,25.789171,30.248741,28.740718,18.621749,12.095406,27.446952,15.783246,23.136778,9.114164,30.174864,29.367058,27.5346,7.995,38.798448,8.647398,16.39281,31.408005,25.329163,44.957419,23.917728,23.917728,,22.530804,,,42.8214,42.8214,15.770475,19.303897,23.917728,40.66975,31.667055,19.225,19.225,14.356719,29.05,37.2,49.607467,34.707591,,52.4131,9.684897,45.85,15.06,51.406669,11.4088,15.886092,35.836398,38.74,19.327676,12.990903,34.9883,,
2010-02-01,,,25.952698,30.918204,28.94799,18.78549,12.257216,27.645923,15.962296,23.253877,9.425602,30.842625,29.251731,27.4015,7.99,39.065255,8.741274,16.325268,31.735552,26.086784,45.20521,24.263571,24.263571,,22.584812,,,42.664395,42.664395,15.87686,19.566611,24.263571,41.58692,31.911334,19.615,19.615,14.371178,29.33,37.63,50.50614,35.165169,,52.3537,9.763173,46.28,15.39,52.305264,11.3618,16.034283,36.262953,38.9,19.394497,13.150714,36.1754,,
2010-02-02,,,27.217641,31.653134,29.138401,18.908341,12.49685,27.902858,16.293539,23.471398,9.41811,31.575769,29.251731,27.9436,8.12,39.48323,8.857453,16.730423,32.0718,27.976196,45.733975,24.644028,24.644028,,22.863043,,,43.755487,43.755487,15.805903,19.824156,24.644028,41.263257,32.277706,19.54,19.54,14.407326,29.47,37.86,50.880579,36.301442,,52.4725,9.819598,46.51,15.73,53.357914,11.6437,16.192354,36.135036,39.01,19.498451,13.41395,36.6456,,
2010-02-03,,,26.830416,31.449384,28.774351,18.79374,12.50283,27.621029,16.168204,23.471398,9.448139,31.372508,29.049975,27.8365,7.695,39.145268,8.812754,16.797965,32.028763,27.485987,45.593488,24.626768,24.626768,,22.788332,,,43.363066,43.363066,15.834306,19.393131,24.626768,42.261343,31.832826,19.47,19.47,14.298881,29.53,37.78,50.997065,35.821019,,52.3198,9.850574,46.73,15.27,52.94713,11.6907,16.113318,36.39097,39.01,19.557828,13.489133,36.0135,,
2010-02-04,,,25.866598,30.510705,27.715926,18.253196,12.083447,26.891561,15.935439,22.450863,9.095403,30.436102,28.41581,26.8399,7.265,38.113764,8.674227,16.635903,31.813205,27.405754,43.296911,24.548961,24.548961,,22.190283,,,42.617294,42.617294,15.692492,18.931636,24.548961,41.82076,31.196006,19.015,19.015,14.038612,29.04,37.23,49.624121,35.035516,,51.777,9.741322,44.61,14.96,51.603559,11.5779,15.263689,34.496786,38.38,19.357365,13.150714,34.9652,,
2010-02-05,,,26.339924,29.637492,27.721487,18.69546,12.041499,26.916455,15.890676,22.668384,9.151685,29.56508,28.263417,26.8139,7.415,38.451628,8.714446,16.878899,32.20119,27.646453,43.552998,24.592156,24.592156,,22.049052,,,43.080457,43.080457,15.61451,18.997926,24.592156,41.622924,31.20476,19.39,19.39,14.009693,29.01,37.24,49.515962,34.821985,,54.3129,9.466436,44.5,15.18,50.927499,11.7471,15.145136,35.170853,38.6,19.305344,13.771164,36.2602,,
2010-02-08,,,25.720326,29.725205,27.75512,18.564449,11.951625,27.098799,15.586292,22.450863,9.245488,29.791559,28.242775,26.0835,7.255,38.380473,8.683185,16.811454,31.856335,27.459274,42.966433,24.523025,24.523025,,21.866325,,,43.033356,43.033356,15.529402,18.926467,24.523025,41.407086,31.021574,19.175,19.175,14.002464,28.95,37.03,49.058344,34.722762,,54.7624,9.373593,44.25,15.12,50.816185,11.7001,14.74996,35.247643,38.61,19.216278,14.184766,37.6785,,
2010-02-09,,,25.737583,29.915332,28.449496,18.79374,12.18528,27.621029,15.792199,22.467631,9.384366,29.982067,28.601052,26.8302,7.29,38.834075,8.768056,17.081525,32.0718,28.118759,43.363007,24.989966,24.989966,,22.431159,,,43.315964,43.315964,16.217192,19.102486,24.989966,41.901676,31.274514,19.37,19.37,14.067531,29.28,37.43,49.965253,35.729469,,55.0422,9.430019,45.46,15.38,51.381024,11.8881,15.016704,34.112837,39.05,19.424186,14.485593,38.2335,,
2010-02-10,,,25.806336,29.622889,28.421513,18.908341,11.652105,27.621029,13.598838,22.450863,9.365543,29.688962,28.609309,26.7912,7.42,38.860746,8.852973,17.459605,32.089108,28.23461,43.230816,25.015902,25.015902,,22.339796,,,43.331665,43.331665,15.7776,18.957118,25.015902,41.865671,31.335607,19.29,19.29,14.009693,29.38,37.55,50.23986,35.698952,,55.1525,9.380877,45.6,15.54,51.398213,12.1512,14.947548,33.27667,40.07,19.438986,14.598367,37.8943,,
2010-02-11,,,25.840758,29.666697,28.421513,19.072082,11.502346,27.819999,12.945306,22.726979,9.463123,29.732918,28.592885,26.9503,7.35,39.074113,8.893192,17.500072,32.244228,28.430693,43.470401,25.067773,25.067773,,22.518382,,,44.462008,44.462008,15.607385,19.354952,25.067773,40.732758,31.370437,19.56,19.56,14.175976,29.57,37.8,50.913796,37.117462,,55.4239,9.448227,46.24,16.3,51.389665,12.1794,15.303207,33.652098,40.12,19.565272,15.002523,39.3744,,
2010-02-12,,,25.61706,29.995695,28.365547,19.162202,11.550272,27.388896,13.034831,22.651616,9.519404,30.062637,28.617566,27.1743,7.38,38.896274,8.861932,17.52705,32.416655,28.207896,43.239021,25.154258,25.154258,,22.418737,,,45.278433,45.278433,15.352061,19.214663,25.154258,40.507919,31.475208,19.615,19.615,14.190436,29.48,37.82,50.689151,37.590299,,55.7546,9.386318,45.7,16.43,50.804292,12.1982,15.174774,33.191358,41.33,19.468674,15.077802,40.8158,,
2010-02-16,,,25.495989,30.719453,28.645557,19.588055,11.562231,27.844893,13.231786,22.952793,9.568194,30.788057,29.082913,26.8789,7.52,39.589914,8.99598,18.134734,33.08915,29.063465,43.45381,25.05042,25.05042,,22.767539,,,45.349085,45.349085,15.7776,19.278414,25.05042,40.822675,31.911334,19.525,19.525,14.262733,29.57,37.87,51.013719,37.689435,,55.8564,9.413652,46.6,16.62,51.518726,12.6211,15.42176,34.027526,42.41,19.528139,15.453812,40.8852,,
2010-02-17,,,25.841945,31.275035,29.121539,19.678086,11.694053,27.869696,13.294453,23.914733,9.65822,31.344898,29.22705,27.0444,7.685,40.034559,9.069723,18.485836,33.097758,29.24174,43.767787,24.756448,24.756448,,22.979341,,,45.54534,45.54534,15.87686,19.278414,24.756448,41.748751,32.382477,19.74,19.74,14.298881,29.84,38.23,51.679329,38.002102,,56.0854,9.45007,46.93,16.59,51.940567,12.8654,15.490916,34.530871,42.82,19.491007,15.632419,41.1627,,
2010-02-18,,,25.919737,31.706448,29.552766,19.866487,11.903698,28.060399,13.142261,24.374743,9.680758,31.777213,29.663588,27.1028,7.8,40.657044,9.445133,18.755907,33.477135,29.705235,43.792584,24.912064,24.912064,,23.220217,,,45.718046,45.718046,16.005412,19.416074,24.912064,41.784756,32.809942,20.255,20.255,14.457934,29.96,38.33,52.028787,38.345286,,56.2805,9.539271,47.38,16.85,52.422617,13.0534,15.402001,34.67593,43.06,19.973643,15.886209,41.1627,,
2010-02-19,,,25.90248,31.896477,29.648016,20.177649,11.825875,28.126723,13.097498,24.199141,9.917153,31.967721,29.799467,27.0769,7.81,40.897082,9.281993,18.850427,34.459963,29.892321,43.949482,25.007225,25.007225,,23.141365,,,46.251771,46.251771,15.912585,19.510477,25.007225,42.063507,32.940789,20.425,20.425,14.573609,30.04,38.37,52.136947,38.116496,,56.501,9.588413,47.6,16.87,52.121289,13.1192,15.41188,35.077021,43.18,20.047908,15.93315,41.1164,,
2010-02-22,,,25.78141,31.925682,29.5864,20.144919,11.736,27.770302,13.303406,23.964944,9.759577,31.996992,29.770658,26.8139,7.87,40.84374,9.297647,18.512814,34.261713,29.616098,43.668688,25.033161,25.033161,,23.000134,,,46.251771,46.251771,15.905361,19.563981,25.033161,41.97359,32.687756,20.275,20.275,14.653136,29.93,38.31,51.928955,37.941155,,56.2805,9.637554,47.34,16.84,51.983587,12.8842,15.342724,35.281727,42.79,20.107285,15.641769,41.71,,
2010-02-23,,,25.61706,31.465163,29.339933,19.956517,11.544293,27.513276,13.160166,23.772483,9.65822,31.535406,29.601841,26.3562,8.025,40.576933,9.203818,18.377827,34.122605,29.179316,43.561294,25.188776,25.188776,,22.77168,,,45.937762,45.937762,15.834009,19.393131,25.188776,41.55101,32.408646,19.945,19.945,14.436245,29.74,38.08,51.404722,37.597972,,56.3738,9.58657,46.85,16.73,51.742562,12.7902,15.036463,34.863693,43.21,20.070152,15.745193,41.0085,,
2010-02-24,,,25.573782,31.881874,29.804794,20.087528,11.490387,27.480114,13.249691,23.964944,9.680758,31.953036,29.618265,27.4177,8.04,40.834882,9.257428,18.769396,34.452929,29.571482,43.288615,25.119645,25.119645,,22.90877,,,46.149718,46.149718,15.826883,19.314144,25.119645,41.631926,32.50457,20.065,20.065,14.645906,29.84,38.22,51.654348,38.002102,,56.5688,9.71583,47.6,16.72,50.503056,13.0628,14.838874,35.172636,43.04,20.203794,15.670011,41.3169,,
2010-02-25,,,25.487315,31.874524,29.720754,20.071208,15.264555,27.579599,13.142261,26.62486,9.669489,31.945694,29.52358,27.2359,7.89,40.603702,9.201555,18.524348,34.531137,28.99223,43.214314,24.912064,24.912064,,22.061564,,,45.694495,45.694495,15.698331,19.262454,24.912064,42.153424,32.364969,20.205,20.205,14.754266,29.88,38.25,51.837449,37.834346,,56.5349,9.673972,47.52,16.92,51.122809,12.8923,14.651166,35.061068,43.31,20.589921,16.018646,41.5712,,
2010-02-26,,,25.392175,32.042698,29.323161,20.030228,15.306503,27.629296,13.061688,26.557973,9.629863,32.114273,29.655331,27.395,7.935,40.817069,9.185901,18.456317,34.557237,29.036752,43.393214,24.583479,24.583479,,21.895399,,,45.168529,45.168529,15.491202,18.874776,24.583479,42.531093,32.373723,20.8,20.8,14.544691,29.98,38.23,51.978916,37.353924,,56.6621,9.612062,47.32,17.21,51.372476,12.8449,14.858633,34.657698,43.03,20.203794,16.056334,40.8929,,
2010-03-01,,,25.651665,32.488615,29.922376,20.218539,15.336492,27.645923,13.070641,26.081195,9.724285,32.561175,29.836534,27.1418,7.835,40.888224,9.235079,18.68768,34.687553,30.088404,43.40151,24.834256,24.834256,,22.123853,,,45.325534,45.325534,15.662606,18.80241,24.834256,43.007585,32.565663,20.925,20.925,14.653136,,,52.777666,37.315734,,57.4085,9.69218,48.94,17.86,51.226132,13.0059,15.07598,35.258443,44.21,20.493411,16.178843,41.4094,,
2010-03-02,,,25.816014,32.7299,30.208037,20.39053,15.713927,28.060399,13.231786,26.348835,9.750723,32.802982,29.939476,28.5279,8.075,41.137218,9.346825,18.905458,34.913569,30.382529,43.775902,24.998548,24.998548,,22.136275,,,45.482539,45.482539,15.319799,19.130598,24.998548,43.16051,32.905866,20.895,20.895,14.696429,,,53.08549,37.986843,,57.612,9.770456,49.65,18.76,51.518726,13.1575,15.283448,35.249922,44.6,20.701318,16.442658,41.5944,,
2010-03-03,,,25.755479,32.810361,30.252792,20.38237,15.779792,28.21794,13.527218,26.474318,9.697846,32.883551,30.046546,28.3169,8.205,41.066063,9.248469,18.82384,35.426316,30.186446,43.742629,25.05042,25.05042,,22.397944,,,45.733746,45.733746,15.134047,19.190087,25.05042,43.511176,32.993128,20.7,20.7,14.710888,,,53.613434,38.116496,,57.858,9.839649,49.36,18.98,51.269153,13.1007,15.24393,35.464438,44.12,20.968603,16.225881,41.4479,,
2010-03-04,,,25.945759,33.044296,30.759627,20.39053,15.528199,28.309067,13.482456,26.725283,9.660078,33.118016,29.807724,28.3462,8.255,41.039392,9.340082,18.932729,35.72184,30.471667,43.809175,25.145581,25.145581,,22.622168,,,46.228221,46.228221,15.105545,19.314144,25.145581,43.610094,33.062882,20.88,20.88,14.761496,,,53.722408,38.635108,,57.8071,9.857858,49.8,19.45,51.389665,13.1765,15.382242,36.202612,44.4,20.938914,16.489792,41.1319,,
2010-03-05,,,26.481904,33.93613,31.260902,20.709943,15.492231,28.508038,14.32399,27.059903,9.716731,34.011917,29.935437,28.4825,8.485,41.261715,9.349041,18.987173,36.026064,30.988588,44.042178,25.370422,25.370422,,22.717762,,,46.919041,46.919041,15.405501,19.510477,25.370422,44.877929,33.150145,20.705,20.705,14.971157,,,53.940265,39.085101,,57.8664,9.965224,50.54,19.09,51.355193,13.2143,15.619348,36.743311,44.52,21.605441,16.244773,41.8564,,
2010-03-08,,,26.438716,33.94348,31.2383,20.668962,15.677959,28.317335,14.485135,27.478086,9.576924,34.01926,29.713039,30.0082,8.465,41.083876,9.313301,18.905458,35.808748,30.997493,43.784288,25.223389,25.223389,,22.618027,,,46.595557,46.595557,15.448352,19.59835,25.223389,44.92284,32.940789,20.575,20.575,14.992846,,,53.755897,38.734245,,57.824,9.83198,51.15,19.02,50.933445,13.1575,15.58971,36.640363,45.44,21.628394,16.602855,41.9412,,
2010-03-09,,,26.386764,33.980035,31.474901,20.668962,15.630032,28.234476,14.28818,27.996691,9.418295,34.055873,29.680102,29.6089,8.44,41.155031,9.313301,18.864698,36.130372,31.478797,43.626127,25.275261,25.275261,,22.50173,,,46.88746,46.88746,15.834009,19.432941,25.275261,45.57026,33.123975,20.455,20.455,15.014535,,,53.931848,38.421578,,57.6205,9.741279,51.74,18.9,50.959276,13.1291,15.619348,36.85488,45.57,21.474989,16.583963,41.7177,,
2010-03-10,,,26.153296,34.382144,30.855416,20.652552,15.666092,28.085293,14.055415,28.147233,9.444734,34.458917,29.754234,29.9206,8.455,41.226187,9.302126,18.810253,36.069472,31.80854,43.692764,25.40494,25.40494,,22.510101,,,46.627139,46.627139,15.719707,19.54929,25.40494,45.8041,33.237314,20.44,20.44,15.050684,,,53.990498,38.360544,,57.3745,9.800533,50.1,18.99,50.950635,13.0912,15.431639,36.915023,44.69,21.459658,16.499141,41.9104,,
2010-03-11,,,25.461385,34.513665,31.176414,20.775403,16.044815,28.392017,14.03751,29.301635,9.569371,34.590785,29.906538,29.9823,8.335,41.243901,9.286472,19.014346,36.22598,31.45199,43.842539,25.439553,25.439553,,22.443041,,,46.611348,46.611348,15.669731,19.65784,25.439553,46.496431,33.411839,20.695,20.695,14.977196,,,54.443048,38.314856,,57.0607,9.7672,50.0,19.23,50.744082,13.2333,15.639107,37.017971,44.93,21.467368,16.715918,41.471,,
2010-03-12,,,24.786822,34.608729,31.193276,20.775403,16.237166,28.590897,14.162845,29.251424,9.554263,34.686039,29.803596,30.0764,8.325,41.270572,9.221688,19.096061,37.069052,30.739079,43.676082,25.465489,25.465489,,22.338355,,,46.011753,46.011753,15.926836,19.634534,25.465489,46.748179,33.420593,21.015,21.015,14.852165,,,54.551931,38.238564,,57.3661,9.682069,49.64,18.69,50.941994,13.2901,15.91573,37.035113,44.45,21.490321,16.527479,41.4787,,
2010-03-15,,,24.743543,35.456755,31.001789,20.881843,16.171025,28.765064,13.93008,29.234656,9.508941,35.535984,29.881857,30.2192,8.32,41.572908,9.232863,18.932729,37.355876,30.320199,43.692764,25.56065,25.56065,,22.464014,,,46.256283,46.256283,15.791158,19.750882,25.56065,46.550343,33.725872,20.985,20.985,14.977196,,,55.431868,38.833381,,57.5611,9.780139,49.57,18.42,51.114168,13.1765,15.935489,37.017971,44.4,21.474989,16.367282,41.7023,,
2010-03-16,,,24.726286,35.939325,31.289064,20.963804,16.429517,29.013732,14.019605,30.506157,9.542932,36.0195,30.174258,30.4919,8.585,42.079851,9.248469,19.082475,37.825216,30.364721,43.95895,25.673071,25.673071,,22.484987,,,46.303655,46.303655,15.983937,19.882647,25.673071,45.95693,33.699703,21.1,21.1,14.969796,,,55.3648,39.077428,,57.0607,9.863427,48.87,18.53,51.475706,13.2806,15.975007,37.198205,44.45,21.474989,16.640543,42.1802,,
2010-03-17,,,25.167382,36.370639,31.795899,21.094815,16.369448,29.121485,14.234465,30.681759,9.516494,36.451815,30.133064,31.6865,8.73,42.302174,9.288688,19.06879,37.503591,30.560804,44.067156,25.681653,25.681653,,22.543586,,,46.508754,46.508754,16.162564,19.885187,25.681653,46.226681,33.926566,21.29,21.29,14.947767,,,55.78377,39.527421,,56.8487,9.833822,49.79,18.45,51.845885,13.2712,16.044162,37.301252,44.4,21.452036,16.67823,42.1494,,
2010-03-18,,,25.288453,36.334084,32.308385,21.176685,16.327317,29.046894,14.091225,30.79941,9.603363,36.415201,30.326652,31.4236,8.76,42.239877,9.286472,19.177679,37.355876,30.596421,43.967336,25.794073,25.794073,,22.589583,,,47.029486,47.029486,16.241042,19.854172,25.794073,46.514433,33.891643,21.1,21.1,15.043369,,,55.741864,39.519748,,56.9166,9.918953,49.75,19.01,51.64788,13.347,15.994765,37.181063,44.2,21.444326,16.631097,42.1648,,
2010-03-19,,,25.158708,35.741848,32.420945,21.160275,16.207086,29.270668,13.876365,30.387768,9.626086,35.821747,30.203068,30.4822,8.74,42.11538,9.250733,18.878284,36.886536,30.632133,44.45823,25.621199,25.621199,,22.924613,,,46.319446,46.319446,16.16969,19.918831,25.621199,46.208678,34.118413,21.465,21.465,14.955082,,,55.775444,40.175686,,56.3144,9.887506,48.88,19.31,51.467157,13.1386,15.807057,37.215346,44.19,21.053148,16.697026,41.4864,,
2010-03-22,,,25.366245,35.836911,32.47162,21.389566,16.525739,29.287294,13.983795,30.908585,9.584478,35.916903,30.054803,31.0957,8.815,42.061546,9.297647,18.919142,37.268968,30.596421,45.065625,25.707589,25.707589,,22.836669,,,47.084708,47.084708,16.355344,20.02475,25.707589,46.484113,34.371447,21.46,21.46,15.028654,,,55.565913,40.335768,,57.0692,9.944873,51.35,19.61,52.08691,13.167,15.91573,37.035113,44.56,21.221885,17.064554,42.5425,,
2010-03-23,,,25.357571,36.407195,32.668757,21.520668,16.441568,29.444744,14.028558,30.715386,9.652524,36.488429,30.297753,30.9918,8.955,42.043634,9.346825,19.082475,37.503591,31.514414,45.564904,26.615535,26.615535,,23.154867,,,47.35297,47.35297,16.505371,20.040258,26.615535,47.260865,34.641895,21.685,21.685,15.087428,,,56.026789,40.436038,,57.629,10.013381,52.63,19.83,52.517299,13.2806,16.172595,36.906403,45.12,21.467368,17.234101,42.396,,
2010-03-24,,,24.648403,35.97588,32.420945,21.373247,16.351418,29.212703,14.100178,30.513804,9.648747,36.056211,29.725335,30.8815,8.81,42.357681,9.35352,18.891871,37.103759,31.077726,45.440107,26.563663,26.563663,,22.870154,,,47.029486,47.029486,16.133964,19.978229,26.563663,46.845391,34.345277,21.57,21.57,15.050684,,,55.524007,40.011941,,58.7654,9.944873,52.65,20.21,52.508658,13.148,16.024404,36.73479,44.87,21.359958,17.375502,41.7871,,
2010-03-25,,,24.440866,36.034291,32.347759,20.42326,16.297236,28.905979,14.091225,30.345849,9.524048,36.114754,29.301182,30.4302,8.755,41.666797,9.308822,18.728538,37.060352,31.03311,45.132261,26.632888,26.632888,,22.945496,,,46.642929,46.642929,16.112489,19.735375,26.632888,46.529309,33.176314,21.675,21.675,15.087428,,,55.767026,39.880893,,56.7809,9.915268,52.57,20.15,52.164402,13.0344,15.984886,36.614602,44.84,20.639017,17.158725,41.2629,,
2010-03-26,,,24.579285,35.866214,32.263271,20.177649,16.59188,28.947409,14.028558,30.068626,9.546709,35.946273,29.025294,30.2322,8.815,40.886256,9.373606,18.701365,36.929944,30.97078,44.732802,26.485855,26.485855,,22.882756,,,46.65078,46.65078,16.262517,19.639703,26.485855,46.809292,32.827357,21.595,21.595,15.01394,,,55.800515,40.189288,,57.3067,9.943031,52.3,20.67,51.536009,13.0154,15.816936,36.571698,44.5,20.662059,17.620521,41.1858,,
2010-03-29,,,25.106846,36.070846,33.102406,20.496971,16.886432,29.477906,14.14494,29.934299,9.508941,36.151368,29.181727,30.5179,8.88,40.949046,9.483089,18.851013,37.260268,31.722402,44.81603,26.660427,26.660427,,22.932984,,,46.784955,46.784955,16.519621,19.350327,26.660427,47.278868,33.019297,21.525,21.525,15.18303,,,55.767026,40.505442,,57.7223,10.04667,52.7,20.77,51.699541,13.1196,16.113318,35.816383,44.89,20.77709,17.987952,41.1781,,
2010-03-30,,,25.020289,35.90277,33.451567,20.439671,16.712111,29.535962,14.153893,29.925823,9.490056,35.982886,29.309439,30.4692,8.885,41.047757,9.429479,18.959902,37.416684,31.301834,44.724506,26.625532,26.625532,,22.97484,,,46.753374,46.753374,16.591072,19.371004,26.625532,47.143471,33.403085,21.66,21.66,15.18303,,,55.951395,40.474577,,57.7731,10.041144,53.28,20.78,51.949208,13.1954,16.221992,36.159708,44.38,20.87679,18.063328,41.3323,,
2010-03-31,,,24.994358,35.464105,33.479729,20.529791,16.62794,29.531783,14.046463,29.539518,9.346473,35.543229,29.152917,31.4301,8.675,40.922079,9.387044,18.959902,37.208068,31.015489,44.45823,26.398522,26.398522,,23.029298,,,46.516694,46.516694,16.519621,19.443279,26.398522,46.989883,33.464178,21.69,21.69,15.087428,,,55.440195,40.220153,,57.4848,9.991145,52.26,20.74,51.871716,13.1954,16.241751,36.099564,43.87,20.731095,18.044532,40.6154,,
2010-04-01,,,25.175965,35.836911,33.789427,20.660802,16.766201,29.707222,14.315037,29.79988,9.327589,35.916903,29.395867,31.3197,8.8,41.137415,9.422784,19.232123,37.425384,31.194513,44.608004,26.485855,26.485855,,23.154867,,,46.603498,46.603498,16.533872,19.582843,26.485855,47.775636,33.656118,21.75,21.75,15.315375,,,55.876,40.459144,,57.4254,10.139213,52.52,20.77,51.931925,13.3848,16.301027,36.99221,44.28,20.800132,18.374276,41.3785,,
2010-04-05,,,24.613798,36.42905,33.879565,20.652552,16.988633,29.590293,14.494087,29.791496,9.28982,36.510456,29.173559,31.469,8.995,41.047757,9.369127,19.341012,37.581799,31.140806,44.216931,26.372397,26.372397,,22.970699,,,46.753374,46.753374,16.612448,19.872309,26.372397,47.242768,33.272238,21.79,21.79,15.381548,,,55.289406,40.752193,,57.2897,10.135529,53.5,21.08,51.983587,13.4606,16.468977,37.052353,44.15,20.899832,18.091569,42.5348,,
2010-04-06,,,24.414935,36.334084,33.755614,20.488811,16.940522,29.515065,14.673137,29.774636,9.323812,36.415201,29.03759,31.7028,8.925,41.137415,9.337866,19.327425,37.677407,30.756044,44.133702,26.258845,26.258845,,22.731984,,,46.840178,46.840178,16.533872,20.13067,26.258845,47.224766,33.472932,21.81,21.81,15.425692,,,55.632981,40.597952,,56.8148,10.109608,53.33,21.35,52.250443,13.4512,16.794998,36.811976,43.93,21.030195,17.884335,43.1052,,
2010-04-07,,,24.432192,36.122004,33.406543,20.628072,16.916421,29.573575,14.905902,29.354703,9.297373,36.202666,28.881158,31.1574,9.115,41.128459,9.331171,19.150506,37.660007,30.997586,43.809175,26.250168,26.250168,,22.535215,,,46.595557,46.595557,16.483896,19.980859,26.250168,46.818293,33.298407,21.275,21.275,15.285946,,,55.297732,40.497769,,56.6706,9.972636,53.0,20.82,52.319294,13.328,16.636927,36.837738,44.4,20.846127,18.129354,43.005,,
2010-04-08,,,24.267934,36.246371,33.457217,20.587092,16.850372,29.347985,14.914855,29.58153,9.335142,36.327289,29.096824,31.284,9.155,40.895212,9.286472,19.041617,37.790415,30.496505,43.526307,26.302512,26.302512,,22.510101,,,46.272074,46.272074,16.519621,19.81545,26.302512,46.926686,33.509252,20.99,20.99,15.205059,,,55.280988,40.382067,,56.272,9.981891,53.22,20.47,52.54313,13.2522,16.646807,36.949306,43.38,20.846127,18.35548,42.5541,,
2010-04-09,,,24.440866,37.043239,33.71059,20.660802,16.988633,29.540141,15.084952,29.52275,9.452287,37.125937,29.370468,31.3489,9.075,41.155425,9.331171,19.000759,38.346663,31.167613,43.942359,26.398522,26.398522,,22.857643,,,46.224792,46.224792,16.312493,19.900694,26.398522,47.04408,33.755208,21.23,21.23,15.388948,,,55.607819,40.675116,,56.3653,10.081845,53.37,20.06,53.231733,13.2238,16.231871,37.4042,43.4,20.807754,18.534473,42.6008,,
2010-04-12,,,24.536006,37.320981,33.862614,20.472401,17.066733,29.590293,14.914855,29.413482,9.520271,37.404357,29.179752,31.1996,9.04,41.262994,9.33565,19.341012,38.477071,31.409249,44.166976,26.485855,26.485855,,22.928753,,,46.493053,46.493053,16.483896,20.02738,26.485855,47.188572,33.702496,21.015,21.015,15.513894,,,55.574331,40.829269,,56.3398,10.092942,54.09,19.95,53.584723,13.4606,16.943189,37.773286,43.26,20.754049,18.845421,42.4608,,
2010-04-13,,,24.371656,38.052089,33.890776,20.521541,17.060753,29.690505,15.022285,29.287539,9.584478,38.137021,29.312401,31.1087,9.075,41.28996,9.37139,19.313838,38.181547,31.462957,44.200339,26.756438,26.756438,,23.037669,,,46.548275,46.548275,16.648174,19.97306,26.756438,47.251864,33.737606,21.06,21.06,15.513894,,,55.632981,40.451471,,56.2974,10.067064,54.5,20.22,53.782635,13.4417,16.864154,38.253942,43.25,20.784712,18.91135,42.2198,,
2010-04-14,,,24.484145,38.286023,33.648615,20.677122,17.313266,29.765732,15.120762,29.186748,9.595809,38.371486,29.3912,31.034,9.35,41.469374,9.423019,19.327425,38.364063,32.160871,44.533162,26.957229,26.957229,,23.008325,,,46.958473,46.958473,16.641048,20.08424,26.957229,47.04408,33.605828,21.16,21.16,15.558038,,,55.549169,39.556979,,56.0939,10.033732,55.87,20.51,53.713784,13.4512,17.051862,38.245321,43.4,20.899832,19.099886,43.1372,,
2010-04-15,,,24.510075,38.337181,33.60359,20.496971,17.150904,30.041384,14.959617,28.749955,9.539156,38.422784,29.283412,30.9042,9.44,41.316828,9.44551,19.177679,38.468371,31.901426,44.549754,27.123124,27.123124,,22.719472,,,47.084708,47.084708,16.876777,20.109994,27.123124,46.592506,33.922096,20.9,20.9,15.513894,,,55.532425,39.780624,,56.0769,9.992987,56.27,21.27,53.584723,13.347,17.071621,38.159515,43.62,20.86908,19.222299,42.5386,,
2010-04-16,,,24.432192,38.015533,33.012268,20.374211,17.054774,29.83251,14.843235,28.582,9.599586,38.100408,29.113338,30.6283,9.575,41.406584,9.393833,19.000759,38.129347,31.606083,44.965805,26.765209,26.765209,,23.016696,,,47.431833,47.431833,16.862428,19.988567,26.765209,46.420916,33.939605,20.81,20.81,15.344805,,,55.423451,39.125209,,56.1278,9.965224,56.45,20.78,53.403908,13.2238,16.814757,37.747525,43.38,20.838417,18.732358,41.5124,,
2010-04-19,,,24.440866,37.825406,33.310754,20.34964,16.922492,29.865944,14.995427,28.632395,9.603363,37.909899,29.15902,29.4401,9.385,41.550174,9.391617,19.24571,38.511779,31.337639,44.749483,26.878666,26.878666,,23.163238,,,47.242525,47.242525,16.841052,20.172023,26.878666,46.457015,34.045027,20.745,20.745,15.388948,,,55.406706,39.595517,,56.3398,10.02632,56.49,20.62,53.739615,13.3943,17.377883,37.558671,43.4,20.861459,18.75125,41.8,,
2010-04-20,,,25.011706,38.607672,33.389591,20.4151,16.898391,30.074818,14.950665,28.565232,9.599586,38.693862,29.233601,27.3009,9.505,41.720631,9.373606,19.436314,39.033319,31.58818,44.608004,26.581865,26.581865,,22.807325,,,47.644872,47.644872,16.805326,20.45632,26.581865,46.637701,34.282135,20.62,20.62,15.565353,,,55.222338,40.035047,,56.2465,10.163291,56.84,20.67,54.454049,13.5269,17.990406,37.841951,43.6,20.953448,18.91135,42.6629,,
2010-04-21,,,24.881962,38.907465,33.406543,20.513381,16.892411,30.016308,14.807425,28.380417,9.592032,38.994309,29.291669,27.2359,9.635,41.882133,9.328719,19.341012,38.972419,31.22132,44.824326,26.407293,26.407293,,22.690128,,,48.149813,48.149813,16.983855,20.577747,26.407293,46.746094,34.40516,20.62,20.62,15.778586,,,55.289406,40.089018,,56.9759,10.255834,57.02,20.04,54.273327,13.4606,18.049683,37.747525,44.14,21.344626,19.043306,43.2926,,
2010-04-22,,,24.613798,39.280271,33.468428,20.464241,16.850372,29.89102,14.61047,28.052891,9.678962,39.367984,29.196356,28.5799,9.8,41.837255,9.025543,19.286567,41.788457,30.908168,44.91585,26.35495,26.35495,,22.740355,,,48.260258,48.260258,16.919628,20.489873,26.35495,47.784637,34.651115,20.66,20.66,15.64624,,,54.267096,39.510767,,57.2388,10.322456,57.19,19.45,54.238855,13.4227,18.0892,37.773286,44.47,21.505741,19.146923,43.3704,,
2010-04-23,,,24.648403,39.375334,33.513542,20.398781,16.982562,29.732298,14.341895,28.212462,9.739392,39.463238,29.291669,28.3397,9.78,41.675753,8.987351,19.232123,42.344705,31.453958,44.6163,26.267616,26.267616,,22.560328,,,48.197185,48.197185,16.948129,20.562239,26.267616,48.714882,34.686225,21.54,21.54,15.705098,,,54.22519,39.433603,,57.2473,10.291009,57.4,19.45,54.43686,13.3848,18.118839,37.884855,44.76,21.214263,18.986726,43.3704,,
2010-04-26,,,24.596541,39.872409,33.524753,20.32507,16.922492,29.640353,14.162845,28.590384,9.811153,39.961438,29.283412,28.2293,9.805,41.621919,8.769517,19.150506,41.579841,32.107258,44.383387,26.267616,26.267616,,22.497499,,,48.047219,48.047219,16.883903,20.381414,26.267616,47.441457,34.730182,21.52,21.52,15.624211,,,54.484954,38.654814,,57.0353,10.18737,56.59,19.69,53.903148,13.328,18.187995,37.773286,43.84,21.060858,19.222299,42.6163,,
2010-04-27,,,24.112258,39.463048,32.758895,20.013818,16.928472,29.331267,13.831603,27.901704,9.773384,39.55115,28.810615,27.5671,9.64,40.787544,8.805446,18.68768,40.919286,32.259382,43.626127,25.752576,25.752576,,22.137445,,,47.36082,47.36082,16.869553,20.040258,25.752576,44.732111,34.255873,21.28,21.28,15.381548,,,53.822965,37.351657,,56.713,9.900444,55.45,18.8,52.835817,13.0059,17.92125,36.8635,43.06,20.715764,18.440302,40.976,,
2010-04-28,,,24.224655,39.229113,32.691269,20.236763,16.826271,29.556858,13.867413,28.145299,9.807376,39.316685,29.154802,28.2131,9.69,41.056713,8.904273,18.919142,40.74547,32.688853,43.751015,25.970815,25.970815,,22.342586,,,47.502846,47.502846,16.733875,20.112624,25.970815,45.535866,34.326093,21.41,21.41,15.455121,,,54.258679,37.852918,,56.501,9.906014,55.59,18.94,53.111221,13.167,17.970648,36.794835,43.4,20.685012,18.553365,41.3414,,
2010-04-29,,,24.319795,39.47765,33.091105,20.368861,16.982562,29.840868,14.14494,28.850746,9.924521,39.565834,29.523939,25.1681,10.0,42.11538,9.119844,19.409043,41.040994,32.778365,45.77293,26.110492,26.110492,,22.50173,,,44.678386,44.678386,17.119532,20.303878,26.110492,48.389799,34.93218,22.205,22.205,15.572752,,,54.635743,38.230717,,57.2812,10.009653,58.52,19.09,53.119862,13.508,18.326306,38.322607,43.62,20.547027,18.732358,42.0955,,
2010-04-30,,,24.16412,38.322579,32.764456,20.203761,16.66998,29.957798,14.055415,27.490155,9.958513,38.408099,29.51981,23.5872,9.89,42.05259,9.153556,19.354598,40.858478,32.214579,45.714679,25.839909,25.839909,,22.380302,,,43.36875,43.36875,16.555347,20.252188,25.839909,46.610603,34.756538,22.04,22.04,15.580067,,,54.652488,37.845158,,56.4416,9.887506,57.01,18.74,52.568961,13.4701,18.049683,38.073708,42.29,20.401244,18.459097,40.253,,
2010-05-03,,,23.973839,38.980478,32.92778,20.426705,16.826271,30.099894,13.71522,28.716419,10.000059,39.067536,29.640074,23.9086,10.365,42.11538,9.189484,19.300154,41.336518,32.644144,45.548312,26.101721,26.101721,,22.510101,,,43.061057,43.061057,16.869553,20.164314,26.101721,46.303522,34.791648,21.915,21.915,15.734442,,,55.046387,38.107341,,57.0183,9.943031,58.63,18.9,52.560319,13.4322,18.375703,38.22818,43.07,20.662059,18.75125,42.2743,,
2010-05-04,,,22.676574,37.759646,31.829623,20.203761,16.675959,29.774091,13.527218,27.910088,10.000059,37.843916,29.685666,24.139,10.18,41.747499,9.052513,19.000759,40.867178,32.411506,45.040737,25.81369,25.81369,,22.267245,,,42.40624,42.40624,16.819577,19.962722,25.81369,45.391374,34.607158,21.725,21.725,15.631526,,,54.828529,37.783514,,56.7639,9.894918,56.9,18.7,52.155761,13.2238,18.0892,37.876234,42.99,20.26326,18.393168,41.1859,,
2010-05-05,,,22.875437,37.006683,31.981736,20.228512,16.207086,29.840868,13.71522,28.548464,10.128534,37.089225,30.08792,24.178,10.46,41.9898,9.158035,19.055204,40.867178,31.856623,45.548312,25.970815,25.970815,,22.468155,,,42.997985,42.997985,14.26278,19.996366,25.970815,44.957898,34.642268,21.575,21.575,15.602096,,,54.635743,37.559869,,56.7554,9.911584,56.19,18.71,52.181592,13.2617,17.891612,37.258249,43.49,20.378291,18.308346,40.4785,,
2010-05-06,,,22.226805,36.005086,31.5706,19.658865,15.630032,29.297833,13.187023,28.867606,9.833814,36.085483,29.407804,23.4249,9.2,40.590121,9.034502,18.333841,40.26743,30.791755,44.691233,25.499441,25.499441,,21.89873,,,42.571907,42.571907,13.727096,19.694023,25.499441,43.530884,33.904495,21.27,21.27,15.256602,,,54.216773,36.24128,,55.2712,9.537685,55.82,17.6,50.69242,12.7597,17.476677,36.73479,43.75,19.803045,17.507361,39.5223,,
2010-05-07,,,22.434433,34.389397,31.063764,19.468922,15.53381,29.272757,13.097498,30.001463,9.796045,34.466161,28.893543,23.1944,9.25,40.329907,9.032286,18.292984,40.34573,30.040133,43.967336,26.250168,26.250168,,22.053643,,,41.625186,41.625186,13.612794,19.694023,26.250168,43.630275,33.333517,18.675,18.675,15.263917,,,54.10789,35.794077,,51.7431,9.656149,55.05,17.02,50.29641,12.7312,16.508495,36.013758,44.42,19.496236,17.545145,36.8947,,
2010-05-10,,,23.013856,36.393278,32.24641,20.112914,16.465578,29.907737,9.373261,30.757398,9.996282,36.622544,29.83088,24.2981,9.8,41.621919,9.252383,18.891871,41.649442,31.096003,45.140557,26.634303,26.634303,,22.627298,,,42.682351,42.682351,13.991326,20.5597,26.634303,46.086736,34.519336,19.315,19.315,15.866788,,,55.649725,37.282253,,52.0739,9.996715,59.1,18.29,50.718251,13.148,17.200054,36.820597,44.83,20.26326,17.187063,38.9237,,
2010-05-11,,,23.368394,36.27587,32.426596,20.112914,16.273226,29.974515,8.576489,30.891725,10.17008,36.504295,29.992607,24.837,10.135,41.747499,9.216407,19.504345,41.614642,31.462957,45.248763,26.512074,26.512074,,22.447272,,,42.721783,42.721783,13.898499,20.843906,26.512074,46.285425,34.545692,19.985,19.985,15.874188,,,55.767026,37.282253,,52.0145,10.009653,58.79,18.36,50.511605,13.5743,17.279089,36.211232,45.27,20.447328,16.979732,39.6778,,
2010-05-12,,,23.783559,36.775003,33.164381,20.426705,16.7421,30.091535,8.898779,31.807231,10.045381,37.00658,30.486135,25.4732,10.385,42.232003,9.268084,19.531616,41.684149,32.169869,45.67311,26.538199,26.538199,,22.618927,,,43.676443,43.676443,14.012801,20.725109,26.538199,47.34216,34.765292,20.16,20.16,15.932961,,,56.093857,37.004724,,52.1163,10.015223,60.25,18.84,50.329582,13.5932,17.891612,36.442889,45.8,20.915164,17.08335,40.4318,,
2010-05-13,,,23.480882,36.239216,32.92222,20.418455,16.64597,30.074818,8.692871,31.824091,10.068042,36.467435,30.452928,25.2395,10.59,42.160258,9.259078,20.239391,41.336518,31.785107,45.456788,26.459636,26.459636,,22.397044,,,42.8796,42.8796,14.077522,20.582916,26.459636,46.727997,34.71258,19.635,19.635,15.903617,,,55.708376,36.518896,,51.6837,9.980048,61.38,18.43,50.45093,14.0858,17.822456,36.880641,46.0,20.846127,17.08335,40.5329,,
2010-05-14,,,23.152183,35.600526,32.240759,20.121165,15.972695,29.523424,8.567537,31.286507,9.886752,35.824786,30.166719,24.6227,10.915,41.370662,9.202969,20.00793,41.040994,30.89917,45.348583,26.215273,26.215273,,22.334215,,,43.337169,43.337169,14.099195,20.371076,26.215273,45.44557,34.501735,19.5,19.5,15.888903,,,55.3648,35.90202,,51.5226,9.883821,60.61,18.24,50.086977,13.9248,17.585351,36.648885,45.83,20.623686,16.67823,39.2735,,
2010-05-17,,,23.498139,35.886795,32.522384,20.212011,15.828362,29.799075,8.782396,31.916407,10.071819,36.112789,30.651991,22.8925,10.71,41.909,9.321977,20.280151,41.762357,30.648629,46.247231,26.669199,26.669199,,22.363559,,,43.250456,43.250456,14.077522,20.696634,26.669199,46.195129,34.800402,19.485,19.485,15.955075,,,55.93465,35.663029,,51.8703,10.011496,61.2,18.41,50.476947,14.1142,17.654506,36.8635,46.28,20.454949,16.621651,38.9704,,
2010-05-18,,,23.228606,35.101394,32.426596,20.212011,15.51578,29.640353,9.131544,32.017198,10.207849,35.322501,30.569063,23.0028,10.685,41.792377,9.382612,20.103232,41.588541,30.4607,46.147412,26.22395,26.22395,,22.23376,,,42.65871,42.65871,13.969554,20.5597,26.22395,46.095832,34.361202,19.935,19.935,15.712413,,,55.750282,35.130903,,52.5573,9.965224,61.07,17.94,50.381615,13.9911,17.535953,37.421341,45.93,20.270881,16.781848,38.7294,,
2010-05-19,,,23.193819,34.631662,32.330897,20.50096,15.485699,29.757373,9.426976,31.975278,10.026497,34.849705,30.502649,23.1587,10.825,41.918055,9.135592,20.266564,41.536434,30.093841,45.906113,26.442189,26.442189,,22.242131,,,43.053207,43.053207,14.02715,20.311587,26.442189,46.511212,34.396405,19.75,19.75,15.668269,,,55.339638,35.670702,,52.0993,10.005969,61.34,17.71,50.208326,14.1048,17.150656,37.00083,46.08,20.117476,16.772402,38.2707,,
2010-05-20,,,22.071951,33.295676,30.996228,20.145916,15.058866,29.205979,9.238974,30.463408,9.788491,33.50543,29.59861,22.4575,10.54,41.119503,9.030022,19.681264,40.528246,28.662019,44.732802,25.429556,25.429556,,21.580532,,,43.11628,43.11628,13.724721,19.49497,25.429556,42.99811,33.816673,19.26,19.26,15.197744,,,53.512878,34.352113,,50.6151,9.54137,57.77,16.79,48.804265,13.6974,16.231871,35.473058,44.96,19.734009,15.990308,36.8714,,
2010-05-21,,,22.097973,33.603995,31.322788,20.443206,15.245237,29.640353,9.292689,30.841329,9.758276,33.815647,29.743733,22.7496,10.77,41.119503,8.97165,19.803837,40.747043,29.145292,44.999078,25.918472,25.918472,,21.601506,,,43.36875,43.36875,13.875936,19.301176,25.918472,44.334734,34.036273,19.145,19.145,15.447721,,,53.278276,34.128555,,50.9204,9.571018,58.62,17.0,48.492159,13.7827,16.103439,35.953713,46.03,19.680304,16.094022,37.0735,,
2010-05-24,,,21.671851,33.259022,31.007439,20.179009,15.173117,29.556858,9.274784,30.933737,9.822483,33.468471,29.681538,22.8081,10.57,41.128459,8.969387,19.545202,40.843299,28.742627,44.899258,25.254984,25.254984,,21.547048,,,43.13207,43.13207,13.645551,19.091876,25.254984,43.467686,33.825428,19.11,19.11,15.33009,,,53.060419,34.159334,,51.2512,9.474748,59.73,16.88,48.18888,13.6027,16.133077,35.644671,45.08,19.496236,15.999754,36.1329,,
2010-05-25,,,21.480567,32.928652,30.737115,19.89822,15.293348,29.389777,9.337451,31.168947,9.743169,33.13604,29.3912,22.7399,10.55,40.024915,8.877303,19.341012,40.318149,28.823141,44.45823,24.766068,24.766068,,21.195275,,,43.13207,43.13207,13.494336,18.895452,24.766068,43.341291,33.289653,18.765,18.765,14.999225,,,52.700008,33.712131,,50.3522,9.395187,60.75,16.79,47.7728,13.4606,15.609468,34.975262,44.65,19.197136,16.046888,35.9308,,
2010-05-26,,,21.62839,33.780206,30.663929,19.700117,15.034856,29.139111,9.274784,31.320135,9.516494,33.992872,29.23782,22.7886,10.655,39.710867,8.906536,19.082475,40.169416,29.073682,44.025587,24.792287,24.792287,,20.969161,,,42.65871,42.65871,13.775093,18.867068,24.792287,43.846966,33.447787,19.03,19.03,14.822736,,,51.309053,33.696698,,50.0214,9.365539,61.45,16.66,48.015498,13.2806,15.886092,34.698719,44.8,18.874995,15.764182,35.9697,,
2010-05-27,,,22.115412,35.042689,31.790249,20.055161,15.978674,30.016308,9.614978,32.05921,9.535379,35.263426,29.610995,23.6067,11.0,40.195372,8.962645,19.507668,41.385849,30.075938,44.909718,25.368441,25.368441,,21.450733,,,43.534417,43.534417,14.149567,19.126427,25.368441,45.012094,34.071383,19.66,19.66,15.102142,,,52.708426,34.467815,,51.2682,9.745007,63.6,17.41,48.769515,13.5766,16.498615,35.079002,45.96,19.480904,16.793703,37.7032,,
2010-05-28,,,21.976263,34.829825,31.232739,19.964315,15.690101,29.916096,9.534406,31.798847,9.335142,35.049144,29.540542,23.0321,10.78,39.639122,8.937938,19.439148,40.957048,29.843206,44.775633,24.966859,24.966859,,21.521934,,,43.12422,43.12422,13.897509,18.730769,24.966859,44.542423,33.878139,19.525,19.525,14.918338,,,52.700008,34.020526,,50.9459,9.650579,66.05,17.24,47.859491,13.5289,16.459098,35.467906,46.1,19.204846,16.604879,31.7718,,
2010-06-01,,,21.741426,34.271988,31.01874,19.832216,15.56987,29.790717,9.435928,31.622509,9.202952,34.487785,29.859868,22.9249,10.64,39.558322,8.996357,19.356749,42.007254,29.360027,44.909718,25.228765,25.228765,,21.475847,,,42.461462,42.461462,14.012801,18.702022,25.228765,44.154048,33.746361,19.23,19.23,14.793392,,,52.591125,33.90491,,50.7678,9.595053,66.07,16.87,47.452145,13.4716,15.92561,34.975262,46.15,19.03611,16.075901,30.6523,,
2010-06-02,,,22.228448,35.351009,32.088736,20.278106,15.5879,30.425697,9.686598,31.866011,9.36158,35.573644,30.813718,23.5093,11.105,40.311996,9.153556,19.836973,42.619867,30.192257,46.041009,25.778795,25.778795,,21.944817,,,42.934822,42.934822,14.221612,19.016426,25.778795,44.506324,34.545692,19.66,19.66,14.984511,,,53.587548,34.737672,,51.3699,9.782024,67.6,17.78,48.327511,13.8058,16.221992,36.038232,47.93,19.473282,16.538757,30.0226,,
2010-06-03,,,22.202335,35.123444,32.337803,20.434956,15.690101,30.617853,9.874601,31.244495,9.36158,35.344617,30.996178,23.4898,11.36,40.329907,9.254599,20.056411,43.24118,30.308576,46.18348,25.560556,25.560556,,22.087128,,,43.463404,43.463404,14.099195,19.144745,25.560556,45.174588,34.870715,19.865,19.865,15.138886,,,53.51152,34.714566,,51.2003,9.822726,68.02,17.87,48.734857,13.9585,16.25163,36.392555,47.92,19.488614,17.095977,30.1859,,
2010-06-04,,,21.602277,33.53059,31.630153,19.997317,15.311378,30.074818,9.498596,30.648223,9.35025,33.74173,30.398989,22.8373,11.28,39.342986,9.095137,19.535134,42.261037,28.903655,44.599618,24.923287,24.923287,,21.467476,,,42.106397,42.106397,13.667125,18.756977,24.923287,44.786307,34.00107,19.805,19.805,14.734534,,,51.881799,33.727564,,50.6575,9.622816,66.74,17.03,47.911524,13.5957,15.668745,35.986411,46.75,18.790627,16.529311,29.8361,,
2010-06-07,,,21.315304,32.869948,31.44333,19.815715,14.950685,30.099894,9.283736,30.110638,9.35025,33.076965,30.917378,22.1264,10.975,39.486576,9.065951,19.535134,42.567297,28.491993,44.825859,24.722496,24.722496,,21.270706,,,41.964461,41.964461,13.335897,18.633827,24.722496,43.548981,33.904495,19.5,19.5,14.572759,,,52.126719,33.288034,,50.5642,9.534001,66.31,16.66,47.746876,13.5957,15.560071,36.487675,46.62,18.775295,16.548203,30.2636,,
2010-06-08,,,21.645829,33.567342,32.371795,20.179009,15.239258,30.667914,9.480691,30.690142,9.395634,33.778689,31.162123,21.8732,10.995,40.204328,9.173736,19.795822,44.168846,28.635212,45.546599,24.97563,24.97563,,21.588904,,,42.972088,42.972088,13.422291,18.869698,24.97563,44.027652,34.273381,18.98,18.98,14.852165,,,52.903565,33.719804,,50.6999,9.722385,66.34,16.41,47.911524,13.7771,15.807057,37.118541,46.89,18.867373,16.604879,30.87,,
2010-06-09,,,21.680617,33.52324,32.898273,20.212011,15.293532,30.567702,9.346403,30.354233,9.38808,33.734358,31.104056,22.4672,11.095,40.195372,9.175999,19.891808,44.763966,28.47409,45.236499,25.211317,25.211317,,21.500961,,,43.337079,43.337079,13.479888,18.943062,25.211317,44.759209,34.247025,19.2,19.2,14.741848,,,52.768434,34.043719,,50.4116,9.729883,66.89,16.76,47.998215,13.844,15.846574,37.291343,46.56,18.882705,16.670905,31.2587,,
2010-06-10,,,22.080625,34.727117,33.498385,20.608307,15.697737,30.550985,9.579168,30.967365,9.376688,34.945739,31.452371,23.1684,11.345,40.868246,9.342204,20.289632,45.297816,29.100489,45.529827,25.647795,25.647795,,21.961559,,,43.836877,43.836877,13.544708,19.372727,25.647795,46.574504,34.984892,19.39,19.39,14.940367,,,53.908406,34.78397,,51.1325,9.888148,67.67,16.28,48.830189,14.1208,16.221992,37.965509,48.71,19.166473,17.124315,31.3675,,
2010-06-11,,,22.298023,34.580308,33.260618,20.542303,15.8486,30.467399,9.570216,31.320135,9.418295,34.798002,31.236704,23.1879,11.415,40.410707,9.319713,20.070194,44.431421,29.440541,44.96833,25.578004,25.578004,,21.809527,,,43.701979,43.701979,13.681474,19.312421,25.578004,46.872489,34.853113,19.465,19.465,15.022701,,,53.671994,34.197959,,50.8017,9.805245,69.38,17.05,48.596225,13.9681,16.656686,37.749407,49.7,19.03611,17.53994,31.5774,,
2010-06-14,,,22.306697,34.271988,33.622963,20.567055,15.83655,30.651197,9.713456,31.446078,9.478726,34.487785,31.593366,24.4442,11.345,40.787544,9.387091,20.275948,44.527677,29.682178,45.64714,25.656566,25.656566,,21.750388,,,43.805205,43.805205,13.43674,19.288843,25.656566,47.640145,34.791648,19.43,19.43,14.641143,,,53.916914,35.138663,,51.1325,9.790164,70.85,17.15,49.280927,14.1113,16.735721,38.03457,49.94,19.120478,17.39825,31.282,,
2010-06-15,,,23.228606,34.315992,33.956967,20.715654,15.993393,30.910222,9.928316,31.731684,9.599586,34.532116,31.65978,25.9342,11.355,41.442506,9.472433,20.35825,43.801315,30.648629,45.772839,25.944596,25.944596,,22.0333,,,43.828937,43.828937,13.479888,19.543033,25.944596,48.173013,35.353778,19.64,19.64,14.895543,,,54.246189,35.130903,,51.1833,9.914497,71.51,17.57,49.870296,14.1686,16.58753,38.319832,50.85,19.442531,17.643847,31.8573,,
2010-06-16,,,23.289415,33.802159,34.041903,20.732155,16.21656,30.901863,9.722408,31.933267,9.660511,34.015087,31.792429,26.0024,11.08,41.49634,9.387091,20.248482,43.661282,30.451796,45.4209,25.953367,25.953367,,22.126194,,,43.733741,43.733741,13.235054,19.658293,25.953367,48.705881,35.327422,19.475,19.475,14.835664,,,53.967509,35.12323,,51.7007,9.859871,72.05,17.52,50.052319,14.0922,16.439339,38.345693,50.01,19.396536,17.379358,31.8651,,
2010-06-17,,,23.924261,33.134263,34.036252,20.831252,16.482044,31.31952,9.713456,32.330628,9.690974,33.342851,32.290086,26.5185,11.33,41.810387,9.57126,20.509169,44.142561,31.36454,45.923696,26.171606,26.171606,,22.109361,,,43.487767,43.487767,13.026243,19.548292,26.171606,48.940669,35.810486,19.59,19.59,14.955337,,,54.457348,35.161768,,52.4046,9.890033,72.17,16.35,53.345742,14.2736,16.172595,38.328453,50.92,19.442531,17.369912,31.4297,,
2010-06-18,,,23.646054,33.141516,33.668257,20.616558,16.31315,31.03551,9.668693,32.093851,9.630048,33.350223,31.966631,26.5867,11.38,41.49634,9.46569,20.275948,43.950049,31.185515,45.64714,26.197825,26.197825,,22.088208,,,43.971775,43.971775,12.961423,19.647864,26.197825,49.121261,35.608488,19.765,19.765,14.977791,,,54.111057,35.400846,,52.7269,9.939004,72.72,15.79,53.822403,14.1113,16.103439,38.501254,49.99,19.388914,17.303789,31.2976,,
2010-06-21,,,23.61994,32.752539,33.821087,20.591806,16.276906,31.002075,9.543358,32.246052,9.599586,32.958815,31.477231,26.538,11.195,41.281005,9.407318,20.138713,43.162417,28.5457,45.219728,26.136711,26.136711,,22.160039,,,43.36081,43.36081,12.975871,19.760495,26.136711,48.263309,35.046357,19.985,19.985,15.007731,,,54.060462,35.693808,,48.5796,9.976664,72.79,15.43,53.623098,14.0158,16.123198,38.01733,48.11,19.151141,17.114869,30.7689,,
2010-06-22,,,23.176379,31.98909,33.821087,20.385362,16.077839,30.601136,9.516501,31.637342,9.443495,32.190545,31.278168,25.7102,11.065,40.927591,9.342204,20.35825,43.022383,29.565859,44.817473,25.630347,25.630347,,22.151577,,,43.916282,43.916282,12.824656,19.44872,25.630347,47.820831,34.738936,19.74,19.74,14.850634,,,53.452417,35.1316,,47.2057,9.844833,71.91,15.24,53.579798,14.1686,16.034283,38.138311,48.12,19.035667,16.718135,30.7301,,
2010-06-23,,,23.472117,31.556012,33.622963,20.385362,16.08989,30.701348,9.337451,31.527429,9.245488,31.754806,31.386046,25.4375,10.765,40.827993,9.474696,20.303415,43.17991,29.37793,44.733703,25.787472,25.787472,,22.058684,,,43.202181,43.202181,12.70224,19.411993,25.787472,47.662032,34.40516,19.6,19.6,14.790755,,,52.971086,36.302924,,47.2651,9.859871,70.91,15.05,53.267785,14.1304,16.024404,38.164271,47.91,18.974163,16.727581,30.7223,,
2010-06-24,,,23.011117,30.92477,33.679557,19.989066,15.872702,30.45904,9.212116,31.434377,9.211186,31.119529,31.162123,25.4083,10.555,40.58333,9.434241,20.262264,43.232388,29.01107,44.297905,25.726357,25.726357,,21.872896,,,43.154538,43.154538,12.529352,19.094959,25.726357,47.072504,34.22067,19.825,19.825,14.678567,,,52.692406,36.256102,,47.2312,9.756275,70.39,15.1,54.273141,14.1017,15.866333,37.930929,46.4,18.735592,16.878718,30.2014,,
2010-06-25,,,22.906755,31.042277,33.017201,19.74962,15.61329,30.166671,9.212116,30.91872,9.306413,31.237679,30.971317,26.5088,10.72,39.994307,9.333198,20.001576,42.3398,30.06694,43.929194,25.560556,25.560556,,21.222639,,,43.36875,43.36875,12.695015,18.804133,25.560556,46.628132,34.229517,19.865,19.865,14.738361,,,51.316022,35.842207,,47.4601,9.677142,70.1,15.08,53.753088,13.9203,15.816936,37.507445,46.41,18.866398,16.34039,30.6368,,
2010-06-28,,,23.176379,30.557746,33.396498,19.815715,15.993393,30.542626,9.256879,32.186903,9.413033,30.750237,31.021038,26.0705,10.655,40.383938,9.414061,19.932959,42.891142,29.842363,44.004577,25.515946,25.515946,,21.568831,,,43.400512,43.400512,12.651769,19.267895,25.515946,47.371816,34.492981,20.21,20.21,15.217222,,,52.320863,36.146765,,47.4008,10.068992,70.9,14.88,53.770463,13.8726,15.75766,37.688966,46.47,18.943411,16.29316,31.1732,,
2010-06-29,,,22.619782,29.317216,32.683197,19.493673,15.661584,30.099894,8.997256,31.950127,9.344492,29.501897,30.606399,24.9506,10.15,39.731633,9.263605,19.603752,42.208466,28.278756,43.367696,25.07513,25.07513,,21.252164,,,42.765816,42.765816,12.226923,19.005907,25.07513,45.866256,33.886893,19.765,19.765,14.932882,,,51.70449,35.701655,,46.9343,9.844833,67.36,15.08,52.591725,13.6435,15.24393,37.00618,45.72,18.381724,15.820858,30.7301,,
2010-06-30,,,22.454611,28.759379,32.400048,19.254227,15.601239,29.932813,9.015161,31.612006,9.302574,28.940538,29.461743,25.0285,10.085,39.160719,9.090658,19.343064,41.945984,27.227386,42.152545,24.687223,24.687223,,21.1635,,,42.337302,42.337302,11.874121,18.859178,24.687223,45.458077,33.342364,19.555,19.555,14.992761,,,51.467988,35.795385,,46.4763,9.818441,67.45,14.9,52.193021,13.4621,15.431639,36.608657,45.66,18.197036,15.480801,30.8467,,
2010-07-01,,,22.402385,28.267596,32.394397,19.212975,15.667564,29.9538,9.292689,31.654202,9.165492,28.445625,29.403675,25.3012,10.01,39.206089,9.220934,19.233296,41.727187,26.643353,42.546414,24.687223,24.687223,,21.125515,,,41.964371,41.964371,11.866897,18.851289,24.687223,45.829967,33.395448,19.635,19.635,15.142373,,,51.94932,36.349746,,46.1795,9.829752,64.73,14.6,51.915665,13.3857,15.362483,36.893819,46.33,18.08165,15.348653,31.0177,,
2010-07-02,,,22.176313,28.414406,32.785085,19.122129,15.703808,29.726483,9.480691,31.518953,9.173108,28.593362,29.378815,25.3304,9.88,39.106393,9.238898,19.192145,42.190974,26.005332,42.462645,24.528495,24.528495,,21.133976,,,41.662904,41.662904,11.730131,18.84086,24.528495,46.410399,33.19196,20.06,20.06,15.194767,,,51.957828,36.27171,,46.0947,9.878723,64.41,14.25,51.725001,13.357,15.204413,36.453095,45.68,17.958465,15.518585,30.8467,,
2010-07-06,,,22.419824,28.708025,33.220975,19.204724,15.926976,30.046471,9.579168,32.102327,9.3635,28.888835,29.70227,25.1454,9.93,39.414437,9.319713,19.315598,43.232388,26.499571,42.998985,24.907631,24.907631,,21.29438,,,41.670844,41.670844,11.816525,19.034744,24.907631,46.963733,33.545759,20.38,20.38,15.366834,,,52.050691,36.521599,,46.2898,9.999285,66.08,14.18,52.78239,13.443,15.41188,36.755598,46.66,17.966175,15.613045,30.559,,
2010-07-07,,,22.906755,29.192457,34.024862,19.526675,16.337251,30.543171,9.597073,32.127663,9.485351,29.376277,30.224787,25.8758,10.115,40.257079,9.396097,19.631121,43.78373,27.838412,43.568868,25.401356,25.401356,,21.733555,,,42.091328,42.091328,11.931717,18.998017,25.401356,48.732316,34.102954,20.845,20.845,15.636204,,,53.139977,37.138475,,47.07,10.165048,69.5,13.93,53.917828,13.6626,15.846574,37.602466,48.06,18.26625,15.962549,31.0643,,
2010-07-08,,,23.228606,29.478726,34.879782,19.848717,16.590592,30.711524,9.758218,32.296816,9.572962,29.664378,30.692917,25.7881,10.085,40.75546,9.436504,19.740889,44.142561,28.027185,43.526939,25.595357,25.595357,,22.134655,,,42.575335,42.575335,12.241371,19.438201,25.595357,48.786702,33.811086,21.02,21.02,15.950397,,,54.043537,37.90375,,47.4432,10.440106,69.93,14.69,54.203825,13.7389,15.856454,37.982749,47.53,18.520152,16.24593,31.615,,
2010-07-09,,,23.23728,29.875151,34.653316,19.74137,16.699232,30.559979,9.856696,32.584265,9.576739,30.063257,30.21644,26.4406,10.15,40.69208,9.474696,19.727204,44.387643,27.865407,43.384468,25.560084,25.560084,,22.126194,,,42.607097,42.607097,12.126179,19.498506,25.560084,48.868376,33.86417,21.365,21.365,15.935428,,,53.621309,37.942725,,47.0955,10.447646,70.02,14.74,54.047819,13.7294,15.876213,38.164271,47.24,18.581744,16.567095,31.8667,,
2010-07-12,,,23.202493,29.963158,34.330613,19.724869,16.693161,30.273698,9.794028,32.618077,9.508198,30.151919,30.274956,25.9537,10.15,40.565221,9.436504,19.576285,44.361358,28.090078,43.267155,25.568855,25.568855,,22.147347,,,42.30563,42.30563,11.931717,19.563981,25.568855,48.913666,34.014481,20.715,20.715,15.935428,,,53.82396,38.137945,,46.7223,10.419369,69.5,14.76,54.065101,13.6244,15.876213,38.319832,47.53,18.28167,16.567095,32.3466,,
2010-07-13,,,23.463352,30.785311,34.489095,19.823965,16.988817,30.332662,9.973078,33.108398,9.451111,30.979165,30.408682,26.499,10.3,40.954754,9.59144,19.603752,44.833937,28.314749,43.535325,25.921584,25.921584,,22.261394,,,42.567395,42.567395,12.342214,19.558721,25.921584,49.086014,34.217876,20.765,20.765,15.965367,,,53.562206,38.497172,,47.1039,10.43068,69.83,15.15,54.091118,13.6435,16.162715,38.725976,48.03,18.69713,16.755919,32.9601,,
2010-07-14,,,23.393777,30.667903,34.675918,19.89822,16.90437,30.206375,10.044698,33.184498,9.397801,30.861015,30.300086,26.3238,10.225,41.045395,9.604925,19.603752,44.965271,28.161969,43.62748,25.851038,25.851038,,22.30361,,,42.503961,42.503961,12.270169,19.57713,25.851038,49.040724,34.553981,20.885,20.885,15.972852,,,53.671994,38.668939,,47.282,10.489076,69.85,15.23,54.134417,13.6435,16.172595,38.501254,48.3,18.70484,16.85038,32.9837,,
2010-07-15,,,23.367755,30.75591,34.970368,19.89822,16.880177,30.34947,10.48337,32.95629,9.420648,30.949676,30.149577,27.9014,10.01,40.963907,9.611668,19.740889,45.166482,28.314749,43.485009,25.851038,25.851038,,22.316212,,,42.154852,42.154852,12.219797,19.587559,25.851038,49.321844,34.483202,21.03,21.03,16.0551,,,53.334211,39.121896,,47.0531,10.545587,69.0,14.97,54.39449,13.7389,16.271389,38.656816,47.86,18.735592,16.803149,33.0231,,
2010-07-16,,,23.272067,29.713641,34.387207,19.543267,16.711283,30.15586,10.26851,32.339104,9.272112,29.900776,29.706577,27.1223,9.915,40.592384,9.452205,19.548819,44.466406,27.838412,42.78113,25.418993,25.418993,,22.117822,,,40.996446,40.996446,11.88857,19.265265,25.418993,48.088308,33.979091,20.545,20.545,15.912973,,,52.734674,38.786123,,46.1456,10.39302,67.51,14.08,53.311084,13.6053,16.142957,38.02595,47.24,18.427896,16.227038,32.205,,
2010-07-19,,,23.289415,29.955906,34.42685,19.625772,16.825903,30.341111,10.402798,32.871714,9.344492,30.144547,29.581198,27.7164,9.87,40.619547,9.470217,19.452833,44.238817,27.955294,42.998985,25.418993,25.418993,,22.071376,,,41.385258,41.385258,11.902919,19.396305,25.418993,48.614449,33.970244,20.555,20.555,15.995307,,,52.396891,39.012558,,46.1625,10.526736,68.17,14.16,53.415058,13.5384,16.320786,38.466773,47.46,18.512531,16.567095,32.9523,,
2010-07-20,,,23.811225,30.557746,35.355315,19.733119,16.928472,30.703074,10.51918,33.480423,9.348268,30.750237,29.556158,28.5734,9.985,41.262896,9.604925,19.891808,43.713759,28.530328,43.275541,25.753991,25.753991,,22.480937,,,41.734278,41.734278,11.701332,19.650404,25.753991,48.832087,34.403669,21.135,21.135,16.100009,,,54.66,39.535704,,47.0022,10.643571,68.38,14.02,53.545141,13.844,16.528254,38.751936,47.29,18.774054,16.415958,33.2119,,
2010-07-21,,,23.55904,30.366933,34.523087,19.535016,16.711283,30.265339,10.465465,32.871714,9.142645,30.55817,29.280271,28.1157,9.78,40.791678,9.471773,20.138713,43.600011,28.539326,42.856514,25.427764,25.427764,,22.835589,,,41.202718,41.202718,11.52132,19.506305,25.427764,48.251655,34.209029,21.25,21.25,16.017761,,,54.001359,38.957889,,47.4771,10.515468,67.15,13.79,53.25041,14.0158,16.330665,38.795137,46.34,18.566324,16.321498,32.9051,,
2010-07-22,,,23.872125,31.372549,35.174143,19.642273,17.024969,30.425242,10.742992,33.480423,9.222641,31.570111,29.556158,29.1772,10.175,41.172254,9.564329,20.234797,41.788457,29.321129,42.403943,25.815765,25.815765,,22.911651,,,41.916818,41.916818,15.337712,19.888905,25.815765,48.904665,34.377128,21.47,21.47,16.346925,,,54.220846,39.69971,,49.0207,10.685001,69.41,14.26,54.18645,14.0826,16.666565,39.676685,47.71,19.281947,16.859826,33.6209,,
2010-07-23,,,24.028623,32.121297,35.71201,19.757871,17.199934,30.517914,10.66242,33.666436,9.291182,32.323538,29.689884,28.5831,10.3,41.462189,9.650095,20.371934,41.315878,29.932156,42.82297,26.11549,26.11549,,23.118501,,,42.757876,42.757876,16.655497,19.991016,26.11549,49.476001,34.474355,21.505,21.505,16.548931,,,54.423498,39.559158,,50.4964,10.752823,71.39,14.4,54.411772,14.1781,16.854274,39.961847,48.05,19.666656,16.935394,34.0536,,
2010-07-26,,,24.176537,32.517624,36.317773,19.865218,17.417123,30.475757,10.581848,33.903213,9.386347,32.722417,29.623021,28.8071,10.45,41.63432,9.918615,20.55032,41.639631,30.677967,43.024143,26.203672,26.203672,,23.198793,,,43.114926,43.114926,16.741891,20.239946,26.203672,49.231169,34.863544,21.62,21.62,16.451628,,,54.871069,39.973054,,50.6406,10.865845,72.43,14.54,54.78446,14.3022,17.002465,40.16923,49.42,19.697408,17.058192,34.3368,,
2010-07-27,,,24.211324,32.157951,36.589532,19.923062,17.181812,30.921942,10.716135,33.565,9.41681,32.360496,29.999158,28.291,10.91,41.688744,9.905083,20.728608,41.158352,31.010521,43.979509,26.344764,26.344764,,23.24524,,,43.162479,43.162479,16.410664,20.284472,26.344764,49.476001,35.296876,21.53,21.53,16.496537,,,55.470606,40.090151,,50.4455,10.931782,71.93,14.94,55.191806,14.4264,17.101259,40.22977,49.89,19.96673,16.878718,35.2021,,
2010-07-28,,,24.054736,31.856981,36.108258,19.798126,17.320625,30.585237,10.456513,32.322152,9.317806,32.057651,29.623021,27.9209,10.765,41.217526,9.744867,20.509169,40.61571,30.183821,43.174999,26.203672,26.203672,,23.17341,,,42.345242,42.345242,15.481702,20.090588,26.203672,48.061115,34.943169,20.93,20.93,16.511506,,,55.056886,39.855869,,49.9875,10.911045,71.38,14.49,53.813762,14.2736,16.874033,39.287781,48.95,19.766621,16.661555,34.9503,,
2010-07-29,,,23.480791,31.842281,35.932826,19.423499,17.356777,30.113794,10.277463,31.383705,9.234033,32.042809,28.527996,30.5406,10.585,40.483634,9.641042,20.275948,40.536946,29.617691,40.208358,25.665903,25.665903,,23.219857,,,41.805742,41.805742,15.278631,19.860067,25.665903,47.417201,34.403669,20.88,20.88,16.474082,,,54.795041,39.965207,,49.3005,10.813104,69.86,14.07,52.947038,14.1113,16.864154,38.769177,47.84,19.512719,16.38762,34.8481,,
2010-07-30,,,23.793877,32.209305,35.785556,19.548344,17.314554,30.223183,10.259558,31.747254,9.226418,32.412199,28.586513,29.9855,10.53,40.302449,9.686165,20.289632,41.132067,29.95915,41.943077,25.753991,25.753991,,23.270534,,,41.194777,41.194777,15.329399,19.975327,25.753991,48.197174,34.783918,20.945,20.945,16.57887,,,54.811966,39.855869,,49.5295,10.892194,69.36,14.25,53.241768,14.1208,16.854274,38.898877,47.69,19.412754,16.538757,34.8874,,
2010-08-02,,,24.628681,32.862597,36.657427,19.573368,17.489519,30.34947,10.510228,31.882502,9.234033,33.069593,28.711892,29.5667,10.725,40.728297,9.753873,20.906993,40.720758,30.471292,41.901147,26.000901,26.000901,,23.819526,,,41.297913,41.297913,15.452706,20.006795,26.000901,48.968146,35.120023,20.955,20.955,16.646149,,,55.115989,40.574323,,49.6822,10.884696,67.6,14.64,51.751017,14.5505,17.209933,39.754465,47.91,19.73587,16.755919,35.2571,,
2010-08-03,,,24.776595,32.649733,36.481905,19.032189,17.646362,30.223183,9.579168,31.814878,9.272112,32.855409,28.402617,29.7907,10.685,41.045395,9.715539,20.618937,40.466976,30.21972,41.624591,25.815765,25.815765,,23.806834,,,41.036148,41.036148,15.561565,19.857437,25.815765,48.34233,35.21725,20.94,20.94,16.548931,,,55.538217,40.722635,,49.3345,10.824415,67.86,14.36,51.568994,14.35,17.111139,40.411192,47.47,19.574312,16.708689,35.1863,,
2010-08-04,,,24.880957,33.031458,36.527198,19.007256,17.742952,30.635751,9.731361,31.933267,9.344492,33.239445,28.93761,30.1998,10.81,41.57094,9.765189,21.016762,40.405705,30.282613,42.538028,26.230174,26.230174,,23.878575,,,41.218599,41.218599,15.779184,19.598078,26.230174,49.294651,35.641828,20.855,20.855,16.720997,,,55.87591,40.792911,,49.5126,10.835683,67.71,14.92,51.629668,14.6269,17.338365,40.696454,47.57,19.520429,16.595433,31.2374,,
2010-08-05,,,26.307145,33.119563,35.791296,18.915685,17.580037,30.55153,9.874601,31.527429,8.963708,33.328107,28.293932,30.0245,10.54,41.1632,9.70196,20.591471,40.37942,30.309607,41.79222,26.150763,26.150763,,23.802603,,,40.520379,40.520379,15.097233,19.883645,26.150763,48.160885,35.040397,20.755,20.755,16.713512,,,55.377743,40.464986,,47.5874,10.809334,67.34,14.44,50.970984,14.3309,17.101259,40.402572,42.25,19.035667,15.849196,29.9473,,
2010-08-06,,,26.246245,33.442485,35.406259,18.49101,17.598159,30.458949,9.767171,31.172356,8.918014,33.653068,28.059957,29.9563,10.385,41.081613,9.672633,20.35825,40.414405,30.237716,42.026846,26.767944,26.767944,,23.963007,,,39.615888,39.615888,15.655876,19.996275,26.767944,48.369523,34.77507,22.345,22.345,16.863125,,,55.647915,40.753936,,47.6552,10.882811,66.59,14.86,50.962342,14.1686,17.041983,39.477923,43.68,18.912571,16.189253,29.7192,,
2010-08-09,,,26.63767,34.098522,35.462853,18.357824,17.730901,30.484207,10.071555,31.053968,9.043642,34.456998,28.168553,31.1152,10.595,41.362493,9.744867,20.330783,40.493168,30.78585,42.563186,26.794445,26.794445,,24.11504,,,39.790397,39.790397,15.989578,19.94123,26.794445,48.006729,35.013855,22.72,22.72,16.900549,,,56.087069,41.027193,,47.5619,10.794253,67.72,15.02,50.745661,14.1495,17.160536,39.763086,44.13,19.220355,15.395883,29.9552,,
2010-08-10,,,26.646344,33.870075,35.610123,18.449395,17.580037,30.661009,9.910411,31.502093,9.085559,34.226026,28.402617,30.638,10.56,41.407863,9.835112,20.234797,40.554439,30.48029,43.384468,26.688627,26.688627,,24.060132,,,39.369914,39.369914,15.960582,19.959639,26.688627,48.133692,35.226097,22.65,22.65,16.930488,,,56.179932,41.362965,,47.5704,10.811219,67.48,14.89,50.832352,14.0826,17.150656,39.910027,43.67,19.012625,15.18807,29.4203,,
2010-08-11,,,25.950598,32.926496,34.738252,17.983196,17.169762,30.391626,9.525453,31.155404,8.944638,33.272624,28.260545,30.1803,10.115,41.045395,9.650095,19.850657,40.344435,28.997667,42.672113,26.080217,26.080217,,23.663263,,,38.854144,38.854144,15.989578,19.836489,26.080217,46.446688,34.952017,22.305,22.305,16.788276,,,55.267955,40.410317,,47.07,10.649184,66.31,14.31,50.457063,13.8153,16.696204,39.426003,43.3,18.681799,15.074717,28.5156,,
2010-08-12,,,26.611557,32.705399,34.551429,17.908217,17.211985,30.374727,9.185259,31.273793,9.093174,33.049154,28.778755,30.1511,10.105,41.045395,9.6343,19.71352,40.291957,29.464911,42.211247,26.000901,26.000901,,23.515461,,,38.885906,38.885906,16.033121,19.729027,26.000901,46.764191,35.252639,22.345,22.345,16.795761,,,55.03996,40.48844,,47.5789,10.656724,65.09,14.41,50.553046,13.7198,16.706083,39.555703,42.99,18.643337,15.103056,28.8932,,
2010-08-13,,,26.133209,32.6759,34.466493,17.999788,17.320625,30.467399,9.131544,31.146928,9.138868,33.019344,29.138198,30.1024,10.035,41.353439,9.681686,19.960425,40.563232,29.069558,42.437487,26.009672,26.009672,,23.532383,,,38.711396,38.711396,16.033121,19.729027,26.009672,47.68932,35.155412,22.155,22.155,16.720997,,,55.360818,40.597777,,48.0029,10.619064,64.94,14.78,50.745011,13.8917,16.498615,39.426003,42.49,18.620206,15.367545,28.6022,,
2010-08-16,,,26.124535,32.314757,34.274019,17.983196,17.242158,30.534722,9.015161,31.130068,9.283566,32.654428,29.38061,31.4366,10.06,41.344385,9.688428,20.262264,40.563232,29.644592,42.680499,25.965628,25.965628,,23.595662,,,39.036685,39.036685,16.134657,19.508935,25.965628,47.571357,35.093481,22.185,22.185,16.908034,,,55.251029,40.597777,,48.3422,10.67369,65.5,15.08,50.928335,14.1017,16.291148,39.460583,42.76,18.550992,15.74529,28.9247,,
2010-08-17,,,26.902456,32.793897,35.508146,18.157998,17.374899,31.048229,9.122591,31.08778,9.458727,33.138581,29.572852,32.4397,10.195,42.114592,9.803522,20.481702,41.000825,30.830747,42.90683,25.798129,25.798129,,23.697018,,,39.457169,39.457169,16.112885,19.875755,25.798129,48.768605,35.624133,22.54,22.54,17.147379,,,55.3524,41.050647,,49.0631,10.837568,66.41,14.81,51.626416,14.2545,16.666565,40.108789,43.41,18.797185,15.273084,29.0978,,
2010-08-18,,,26.84119,32.830746,35.191184,18.416121,17.700728,31.073487,9.050971,31.214552,9.508198,33.175793,29.597892,31.7872,10.475,42.585712,9.841902,20.481702,41.700902,31.109313,42.705657,25.868675,25.868675,,23.57883,,,38.473363,38.473363,16.069342,19.970068,25.868675,48.895569,35.942544,22.705,22.705,17.154864,,,55.327058,41.199046,,49.2242,10.890309,67.22,15.26,51.460653,14.2545,16.646807,40.22115,43.65,18.727971,15.556369,29.5068,,
2010-08-19,,,26.421733,31.66607,34.658966,18.099701,17.399001,30.736781,8.925636,31.113116,9.812824,31.998921,29.363917,31.6216,10.335,42.187027,9.787726,20.481702,41.263308,30.507284,41.783834,25.683539,25.683539,,23.342365,,,37.418093,37.418093,16.01135,19.723768,25.683539,48.015825,35.871765,22.8,22.8,17.027706,,,54.600897,40.605537,,49.9705,10.692542,66.7,15.13,50.640294,14.2545,16.478857,39.788946,42.47,18.435518,15.546923,28.9483,,
2010-08-20,,,26.675197,31.385976,34.675918,17.85826,17.507641,30.84617,9.033066,31.079304,9.831895,31.715931,29.372263,31.6119,10.405,42.676354,9.812575,20.303415,41.779665,30.570177,41.691679,25.657037,25.657037,,23.350736,,,36.600857,36.600857,15.960582,19.582299,25.657037,48.4421,36.172481,22.875,22.875,16.990282,,,54.719103,40.58993,,50.5049,10.66992,65.16,15.36,52.054018,14.1304,16.459098,39.685305,42.01,18.620206,15.69806,29.027,,
2010-08-23,,,26.509113,31.695569,34.828838,17.891625,17.278402,31.065128,8.979351,30.884907,9.82044,32.02873,29.597892,31.8943,10.285,42.47706,9.862224,20.221015,41.858983,30.264617,41.825764,25.701081,25.701081,,23.477475,,,36.394585,36.394585,15.815404,19.558721,25.701081,47.779995,35.845223,23.055,23.055,17.005252,,,54.735938,40.39471,,50.6321,10.636031,66.8,15.73,52.176203,14.0731,16.478857,39.538364,41.47,18.47398,15.669721,28.6022,,
2010-08-24,,,26.11577,31.67342,35.026962,17.783371,17.01899,31.073487,8.979351,31.197692,9.793816,32.006423,29.681538,30.7354,10.12,42.023951,9.785463,20.152495,41.233413,30.138831,41.666521,25.824536,25.824536,,23.502769,,,36.108909,36.108909,15.786408,19.739547,25.824536,47.59855,35.049244,22.715,22.715,17.050161,,,54.702177,40.222943,,50.1656,10.641686,65.87,15.35,51.338468,14.0254,16.409701,38.976658,40.36,18.197036,15.301422,28.4999,,
2010-08-25,,,26.316824,32.299958,34.919425,17.983196,16.964716,31.359768,9.042019,31.468281,9.83951,32.639523,29.464166,30.2971,10.325,42.033005,9.656837,20.056411,40.889854,30.165825,41.56598,26.089083,26.089083,,23.388812,,,36.703992,36.703992,15.880719,20.446979,26.089083,47.299239,35.013855,22.43,22.43,17.09507,,,54.524869,40.230703,,50.6066,10.671805,65.73,15.55,51.321,13.9585,16.548012,38.561795,40.93,18.343174,15.291976,28.9404,,
2010-08-26,,,26.194475,32.123061,34.653316,17.891625,17.091386,31.107194,8.701824,31.341417,9.774746,32.460767,29.430779,29.6447,10.92,41.860875,9.715539,20.083878,40.960287,30.093934,41.406737,25.93922,25.93922,,23.291687,,,36.465959,36.465959,15.641329,20.418141,25.93922,47.380912,34.987313,22.455,22.455,16.915519,,,54.153326,39.871477,,50.2165,10.504157,65.05,15.66,50.910867,13.9776,16.478857,38.12107,40.37,18.181616,15.490247,28.7674,,
2010-08-27,,,26.683871,32.963443,35.157191,18.099701,17.296524,31.544929,8.737634,31.60353,9.831895,33.309836,30.091061,29.781,11.265,42.449799,9.731335,20.234797,41.488954,30.758856,42.311788,26.450582,26.450582,,23.71394,,,37.568781,37.568781,16.004026,20.226887,26.450582,47.580453,35.464975,22.89,22.89,16.863125,,,54.144908,40.168275,,50.7508,10.409944,65.56,16.32,50.902133,14.0826,16.636927,38.103632,41.23,18.443228,15.688613,28.6887,,
2010-08-30,,,26.701401,32.808597,34.585421,17.866601,17.061213,31.132451,8.773444,31.282269,9.782362,33.153486,29.806917,29.3914,10.975,41.761179,9.636516,19.672369,40.334717,30.848743,41.657053,26.186036,26.186036,,23.456322,,,36.680171,36.680171,15.641329,20.249467,26.186036,46.755095,35.164259,22.475,22.475,16.848155,,,53.705754,40.160427,,50.2335,10.353433,65.23,16.03,50.745011,13.6912,16.350424,37.703532,40.86,18.158574,15.527645,28.9955,,
2010-08-31,,,26.902456,33.014993,34.698609,17.974855,17.169762,31.368127,9.158401,31.130068,9.83951,33.362052,30.224787,30.0147,11.17,41.897092,9.738077,19.809506,40.942702,30.669062,41.969677,26.406444,26.406444,,23.612585,,,36.156551,36.156551,15.605009,20.209566,26.406444,47.335527,35.261487,22.52,22.52,16.698543,,,54.195503,40.168275,,50.5897,10.274343,65.71,16.13,51.033052,13.7867,16.459098,37.886242,41.5,18.166284,15.508753,28.0515,,
2010-09-01,,,27.400617,34.238569,33.130389,18.32455,17.586109,31.124002,9.507548,31.882502,9.888981,34.598444,30.141231,30.0537,11.44,41.924255,9.839639,20.029043,41.559387,31.441774,42.155521,26.78558,26.78558,,24.199472,,,36.640469,36.640469,16.207197,20.791853,26.78558,49.004435,35.694912,22.845,22.845,16.952943,,,55.207947,41.362965,,51.4632,10.500387,67.52,16.53,52.141266,13.9394,16.75548,38.903832,41.8,18.48169,15.707602,29.7113,,
2010-09-02,,,27.566701,34.73241,33.15882,18.282935,17.49559,31.418642,9.749266,32.169951,9.919692,35.097501,30.233223,30.5114,11.7,42.313886,9.927668,19.973719,41.400843,31.603552,42.256874,26.759173,26.759173,,24.229087,,,36.291449,36.291449,15.887943,21.243827,26.759173,50.21978,35.836376,23.1,23.1,17.050161,,,55.27601,41.612855,,51.565,10.615294,68.21,16.37,52.036549,13.901,17.041983,38.921171,41.39,18.512531,15.186817,29.8136,,
2010-09-03,,,27.968719,35.344247,33.619824,18.307867,17.718758,30.484207,9.883553,32.3813,9.888981,35.715796,30.141231,31.1347,11.995,42.060168,10.004382,20.070487,41.533009,31.702437,42.58636,26.961944,26.961944,,24.305058,,,36.632618,36.632618,16.040346,21.456573,26.961944,50.011143,35.862918,23.62,23.62,17.139979,,,55.786486,42.198517,,51.124,10.820645,68.59,16.72,52.691053,13.9683,17.200054,38.782058,41.94,18.435518,15.347785,29.6956,,
2010-09-07,,,27.435587,34.69556,33.54009,18.224637,17.833378,30.223183,9.382213,32.28834,9.831461,35.060289,30.049328,30.3945,12.005,42.014896,9.889288,19.669632,40.907439,31.037422,42.299164,26.759173,26.759173,,24.334672,,,36.497721,36.497721,15.815404,21.427282,26.759173,49.548578,35.880612,23.775,23.775,17.289591,,,55.709914,41.886199,,50.7678,10.835683,67.1,16.3,52.560133,13.6893,16.953068,38.599446,41.82,18.29709,15.499307,28.4527,,
2010-09-08,,,27.924983,35.049452,33.602694,18.24957,17.966579,30.24844,9.310593,32.237576,9.80459,35.417803,30.375296,32.7026,12.2,42.060168,9.943464,19.711076,40.907439,31.621548,42.713051,26.961944,26.961944,,24.419105,,,36.561605,36.561605,15.742864,21.451223,26.961944,49.775313,36.278555,23.35,23.35,17.543906,,,55.667375,41.870591,,51.0816,10.835683,67.44,16.52,52.891752,13.7182,16.765359,38.929891,41.79,18.227788,15.859028,27.8785,,
2010-09-09,,,27.837604,35.300047,33.739291,18.174681,18.008895,30.282147,9.274784,30.090093,9.777718,35.671082,30.6344,33.248,12.2,42.495169,9.961522,19.918395,40.819328,31.882118,42.991861,27.103036,27.103036,,24.613354,,,36.617459,36.617459,15.946034,21.289078,27.103036,50.655151,36.181328,23.115,23.115,17.678634,,,56.237406,41.972082,,51.6752,10.787869,67.83,16.93,53.328088,13.8625,16.844395,38.616786,42.19,18.335552,16.114745,29.1214,,
2010-09-10,,,28.597994,35.336896,33.562871,18.274593,18.256992,30.298955,9.319546,29.362995,9.77004,35.708294,31.085747,33.2967,11.91,42.495169,10.054031,19.821627,40.475676,32.538135,43.312872,27.138309,27.138309,,24.710478,,,36.62549,36.62549,15.80818,21.738422,27.138309,51.426029,36.145939,22.94,22.94,17.835731,,,56.501152,42.635779,,51.4887,10.914173,67.31,16.83,53.48521,13.7951,16.874033,38.33846,42.2,18.366304,15.944235,29.554,,
2010-09-13,,,28.563024,35.867586,33.272636,18.191363,18.408316,30.357919,9.310593,29.472907,9.685649,36.244564,30.626054,34.3192,11.98,42.36831,10.02923,19.489878,40.308339,32.762712,43.346686,27.288171,27.288171,,24.689145,,,36.529663,36.529663,15.93881,21.632048,27.288171,50.927175,36.030924,23.12,23.12,17.8433,,,56.365025,42.768571,,51.548,10.912245,68.54,17.16,53.232105,13.5642,17.022224,38.582008,42.61,18.512531,16.247279,30.1282,,
2010-09-14,,,28.108598,35.904436,34.279939,18.282935,18.214677,30.038022,9.230021,29.286894,9.612712,36.281875,30.483981,33.6862,11.895,42.341147,10.049505,19.185792,40.079268,33.00538,42.839832,27.376353,27.376353,,24.502007,,,36.569546,36.569546,15.880719,21.602757,27.376353,50.446514,36.048618,23.205,23.205,17.87375,,,56.135311,42.838847,,51.6074,11.078736,67.5,16.88,52.717255,13.3526,17.279089,38.842895,42.93,18.450938,16.04843,30.1125,,
2010-09-15,,,28.449441,36.12563,34.126211,18.574331,18.359929,30.433692,9.131544,30.098569,9.589679,36.505346,30.60936,34.6406,11.89,42.875647,10.051768,19.53142,40.255491,33.616406,43.084828,27.852442,27.852442,,24.429637,,,36.641461,36.641461,15.779184,21.568206,27.852442,50.863694,36.216717,23.08,23.08,18.002949,,,56.577723,43.36984,,51.6244,11.272048,68.51,17.18,52.952891,13.5931,17.486556,39.251715,43.13,18.558614,16.19041,29.8923,,
2010-09-16,,,29.026307,36.118182,34.627037,18.366165,18.31145,30.568429,9.033066,29.962307,9.543614,36.497844,30.70961,34.7575,11.785,43.038822,9.993113,19.462314,41.638706,34.029756,43.067876,27.684943,27.684943,,24.467892,,,36.393863,36.393863,15.670325,21.453943,27.684943,50.927175,36.234412,22.93,22.93,17.8433,,,56.67131,43.034068,,51.2512,11.182076,68.35,17.07,53.031406,13.545,17.516195,39.295212,43.44,18.543282,16.114745,30.0496,,
2010-09-17,,,28.300887,36.295078,34.729462,18.391098,18.269135,30.534722,8.943541,30.073049,9.520643,36.676601,30.233223,34.5043,11.675,43.437409,9.966049,19.462314,41.735609,34.128642,42.730003,27.640805,27.640805,,24.493456,,,36.553575,36.553575,15.721092,21.456573,27.640805,49.974854,36.473196,22.72,22.72,17.88132,,,56.254422,43.041915,,50.8865,11.178262,67.69,16.64,53.293244,13.545,17.743421,39.573538,43.89,18.851067,15.006957,30.38,,
2010-09-20,,,28.799049,36.818418,35.07091,18.624288,18.190483,30.728332,8.970399,30.132657,9.589679,37.205468,30.233223,34.9717,12.105,43.913056,10.017914,19.600526,42.405235,35.000238,42.949661,27.834806,27.834806,,24.663671,,,37.232485,37.232485,15.844499,21.796913,27.834806,50.473707,36.711981,22.94,22.94,18.025744,,,56.909532,43.690006,,50.7084,11.323717,69.85,16.91,53.746955,13.6412,18.020045,39.94748,44.9,19.251107,15.366774,30.7261,,
2010-09-21,,,28.711669,36.61212,34.6839,17.958173,18.305471,30.543171,8.683919,29.630267,9.601195,36.996902,29.815263,36.0333,12.295,43.291063,10.042762,19.559082,42.255483,34.982242,42.54416,27.87885,27.87885,,24.72317,,,36.729258,36.729258,15.561565,22.03886,27.87885,50.73673,36.588118,22.835,22.835,18.139803,,,56.543691,43.760281,,49.7755,11.373459,68.52,16.6,53.939013,13.6123,17.93113,39.590878,45.01,19.104969,14.883869,31.0958,,
2010-09-22,,,29.183626,36.435126,34.706681,17.833327,18.148076,30.753589,8.495917,29.315271,9.593518,36.818145,30.617707,34.8743,12.285,43.437409,10.031493,19.379328,42.123317,34.694772,42.890508,27.605532,27.605532,,24.774298,,,36.609519,36.609519,15.336623,21.780953,27.605532,51.606431,36.588118,22.675,22.675,18.147458,,,56.71385,43.594444,,49.1479,11.352423,67.42,16.14,54.04373,13.4873,17.891612,39.982259,44.97,18.881819,14.656586,31.0801,,
2010-09-23,,,28.851458,35.978135,34.649818,17.949922,18.03916,30.4505,8.504869,28.898009,9.440028,36.3563,30.208094,34.8451,12.14,43.007525,10.008908,19.061459,41.903039,33.823081,42.713051,27.57026,27.57026,,24.621095,,,36.314007,36.314007,15.213316,21.302318,27.57026,51.005343,36.305097,22.74,22.74,17.942135,,,55.97366,43.531231,,48.7238,11.193558,67.36,16.01,52.926689,13.266,17.614989,39.877924,45.0,18.512531,14.893315,31.2295,,
2010-09-24,,,28.204743,37.14281,35.178986,18.133065,18.275206,30.509464,8.773444,29.75796,9.478416,37.533172,31.12757,35.2736,12.35,43.70274,10.117212,19.019918,42.396443,34.236431,43.084828,28.169804,28.169804,,24.940193,,,37.064742,37.064742,15.547017,21.642658,28.169804,52.01622,36.897681,23.13,23.13,18.246292,,,56.26293,44.313247,,48.9359,11.363905,68.41,16.45,53.389227,13.2372,17.891612,40.782459,45.83,19.058797,14.817554,31.1115,,
2010-09-27,,,28.528055,36.376226,34.848929,18.133065,18.505089,30.501015,8.809254,29.647311,9.416995,36.758527,30.70961,36.5689,11.91,43.903903,10.065347,18.909367,41.770872,34.110645,42.755341,28.037578,28.037578,,24.931641,,,36.873088,36.873088,15.605009,21.586797,28.037578,51.451611,36.667744,23.595,23.595,18.253862,,,56.46712,43.807713,,48.8002,11.287343,68.36,16.48,53.275776,13.1602,17.7533,40.599847,45.67,18.920281,14.410411,31.1037,,
2010-09-28,,,28.746639,36.693169,35.150554,18.299526,18.765329,30.686266,9.104686,30.413657,9.428512,37.078828,30.893505,36.043,12.05,43.849085,10.096938,18.798817,41.973472,34.272986,42.797542,28.010887,28.010887,,25.144433,,,37.527906,37.527906,15.605009,21.480514,28.010887,51.597335,36.349334,23.63,23.63,18.398285,,,56.815945,44.297378,,48.7153,11.427057,67.76,16.83,53.467741,13.0832,17.624868,41.069504,45.99,19.081839,14.457833,31.4577,,
2010-09-29,,,28.46688,36.214029,34.991176,18.282935,18.807645,30.324213,9.033066,30.124089,9.455383,36.594675,30.818296,30.2485,12.26,43.748405,10.02923,18.840261,42.105639,33.993389,42.763727,27.770673,27.770673,,24.999781,,,37.58385,37.58385,15.53247,21.456573,27.770673,51.679292,36.349334,23.41,23.41,18.436305,,,56.790421,44.487018,,48.8256,11.467244,67.56,16.99,53.013937,13.1121,17.555712,41.113002,45.91,19.128011,14.599813,31.3711,,
2010-09-30,,,27.898779,36.287728,35.07656,18.266252,18.759258,30.096895,9.140496,30.243307,9.532159,36.669198,30.542408,30.3751,11.99,43.327674,10.065347,18.563837,41.929417,33.82205,42.670851,27.459254,27.459254,,24.897616,,,37.935216,37.935216,15.452706,21.35283,27.459254,51.825016,37.180702,23.31,23.31,18.261432,,,56.526676,44.250033,,49.5974,11.36579,66.87,16.83,52.821972,12.9197,17.476677,41.069504,46.1,19.205201,15.167925,31.5363,,
2010-10-01,,,27.898779,36.545772,35.326973,18.424462,19.243402,30.383177,9.221069,29.894222,9.551291,36.92988,30.885158,28.7974,12.0,43.455714,10.078879,18.563837,42.105639,34.065561,43.008723,27.770673,27.770673,,25.152894,,,38.294612,38.294612,15.93881,21.278377,27.770673,51.223929,36.844597,23.48,23.48,18.078988,,,57.003119,43.878774,,49.6483,11.262451,66.74,16.87,52.59507,12.9197,17.555712,41.556501,46.61,19.305609,15.395112,31.7723,,
2010-10-04,,,27.627876,36.560472,35.139164,18.316209,19.428762,30.25689,9.498596,29.494097,9.674133,36.944785,30.918545,27.6677,11.93,43.318522,10.067563,19.904613,41.96468,33.695796,42.730003,27.530365,27.530365,,25.050819,,,37.511935,37.511935,16.004026,20.924797,27.530365,50.950768,36.756217,22.835,22.835,18.117008,,,56.892516,43.673352,,49.6992,11.260566,66.34,16.45,53.022671,13.8529,17.447039,41.399948,45.6,19.019981,14.931196,31.8038,,
2010-10-05,,,28.300887,37.570303,35.383837,18.582582,19.702432,30.265339,9.677646,30.217787,9.747008,37.965208,31.110877,28.5734,12.07,43.684434,10.214295,19.863169,42.352387,34.408239,42.78068,27.83292,27.83292,,25.382698,,,38.749835,38.749835,16.83838,21.142804,27.83292,51.223929,36.871139,23.5,23.5,18.436305,,,57.649722,43.720784,,50.1741,11.45769,67.47,16.6,53.904077,13.824,17.545833,42.034877,46.81,19.475409,15.272024,31.9768,,
2010-10-06,,,28.230947,36.951115,35.156205,18.341141,19.87013,30.374727,9.552311,29.868702,9.796912,37.339511,31.414048,27.9209,12.02,44.059401,10.259417,19.697294,42.440498,34.426329,42.653989,27.850745,27.850745,,25.442197,,,38.781778,38.781778,16.961687,21.01521,27.850745,50.996247,37.111414,23.79,23.79,18.573159,,,57.9475,44.479084,,50.4794,11.339013,66.23,16.43,54.087308,13.7086,18.296668,42.504534,47.11,19.544889,15.186817,32.0791,,
2010-10-07,,,28.60676,38.329537,34.740853,18.257911,19.720094,30.099076,9.507548,29.460009,9.785396,38.73245,31.312991,27.3074,11.84,43.821627,10.196236,19.393208,42.184958,34.588669,42.408993,27.752848,27.752848,,25.289085,,,38.622066,38.622066,16.773064,21.001879,27.752848,51.169354,37.084778,23.46,23.46,18.679563,,,56.237406,44.463302,,50.4285,11.356236,66.29,16.05,54.139713,13.4969,18.43498,42.36542,47.6,19.43677,15.404558,31.6494,,
2010-10-08,,,28.720343,41.16743,34.774935,18.207955,19.905454,30.260251,9.462786,29.570658,9.766202,41.600058,31.144532,26.2751,12.05,43.693587,10.227827,19.683414,42.951487,34.435327,42.214673,27.5215,27.5215,,25.276303,,,38.845662,38.845662,16.751293,21.262508,27.5215,51.451611,37.102566,23.595,23.595,18.633973,,,55.939628,44.731851,,50.2589,11.239486,66.59,14.97,54.017528,13.6989,18.484377,42.756801,47.81,19.706979,14.211658,31.7528,,
2010-10-11,,,28.458206,40.909386,34.860319,18.282935,20.020166,30.429876,9.364308,29.698444,9.731653,41.339376,30.807616,26.1679,11.85,43.89475,10.126265,19.932275,43.400835,34.778098,42.087892,27.619396,27.619396,,25.340122,,,38.853693,38.853693,16.519127,21.267767,27.619396,52.735648,37.44966,23.68,23.68,18.512344,,,55.743946,44.566013,,50.1317,11.193558,66.65,15.16,54.104776,13.8721,18.879553,42.76552,48.08,19.622079,14.05069,31.7528,,
2010-10-12,,,28.58932,42.051913,34.968485,18.341141,20.170293,30.387447,9.247926,29.613223,9.363314,42.49394,31.043475,28.0572,11.895,44.086859,9.995376,20.098149,43.973465,35.373284,42.26535,27.717293,27.717293,,25.357135,,,38.973432,38.973432,16.388595,21.655989,27.717293,53.090767,37.413992,23.93,23.93,18.656768,,,56.22039,45.166323,,50.2759,11.304566,66.86,15.62,54.139713,13.9875,18.780759,42.347981,47.99,19.622079,14.05069,31.7767,,
2010-10-13,,,29.035073,41.21163,35.321233,18.79909,20.337991,31.049229,9.310593,30.090093,9.43235,41.644772,31.565634,28.7682,11.985,44.900961,10.108207,20.457462,44.72241,35.734051,42.924323,28.019753,28.019753,,25.501786,,,39.676253,39.676253,16.584442,21.815504,28.019753,53.036097,37.82339,24.26,24.26,18.717583,,,56.492644,45.308445,,50.3437,11.436611,67.9,16.14,54.82906,14.2377,18.849915,42.487194,47.84,19.845938,14.268431,32.2462,,
2010-10-14,,,29.087482,41.454875,35.440789,18.824022,21.088262,31.0068,9.310593,29.826137,9.455383,41.89055,31.371956,29.109,12.435,44.900961,10.173651,20.471341,44.810521,35.553715,42.552546,28.295616,28.295616,,25.489004,,,39.947853,39.947853,16.475583,21.775602,28.295616,52.608116,37.885693,25.365,25.365,18.854436,,,56.696834,45.616577,,50.5473,11.476798,68.42,16.58,54.951245,14.2473,18.790639,42.426258,47.95,20.038868,14.495618,32.5009,,
2010-10-15,,,29.078717,41.373826,35.440789,18.665903,21.273622,31.057678,9.283736,29.775005,9.470738,41.808624,31.397175,29.2259,12.395,44.900961,10.14206,20.55423,45.480147,35.40937,42.30755,28.162164,28.162164,,25.501786,,,39.939823,39.939823,16.25074,22.060081,28.162164,52.653691,38.197212,25.08,25.08,18.915251,,,56.730866,46.240516,,50.4624,11.821306,68.46,16.86,54.933777,14.305,18.790639,42.36542,47.12,20.092928,14.543041,32.5088,,
2010-10-18,,,29.358385,41.300029,35.611468,18.815772,21.326609,30.887963,9.543358,29.255662,9.55513,41.7342,31.506669,29.5667,12.45,45.092971,10.126265,20.264023,45.224606,35.625887,42.324502,28.17103,28.17103,,25.52735,,,40.522815,40.522815,16.374047,22.190395,28.17103,52.899564,38.446334,25.0,25.0,18.930476,,,56.577723,46.114176,,51.2173,11.924645,70.84,16.74,55.07343,14.103,19.175936,41.556501,47.31,20.262728,14.836542,33.1296,,
2010-10-19,,,28.807814,40.666141,35.304192,18.782407,21.308946,30.557163,9.212116,28.855445,9.440028,41.093598,31.254026,29.6544,12.415,44.443619,10.074353,19.904613,44.916217,35.102779,42.155521,27.984197,27.984197,,25.672002,,,40.482932,40.482932,16.069342,22.04412,27.984197,52.271189,37.83233,24.865,24.865,18.816417,,,55.650359,45.079394,,50.878,11.886343,68.77,16.52,54.24443,13.8529,18.840036,40.852016,46.46,20.038868,14.552487,32.3895,,
2010-10-20,,,29.218596,41.130581,35.776497,18.824022,21.353102,30.752227,9.077829,29.894222,9.470738,41.562846,31.304555,30.4919,12.4,45.047306,10.126501,20.029043,45.022006,35.806224,42.256874,28.295616,28.295616,,26.016573,,,40.31519,40.31519,16.040346,22.121293,28.295616,52.744744,38.090392,25.17,25.17,18.945701,,,55.27601,45.403308,,51.0646,12.05669,69.34,16.47,54.82906,13.9394,19.077141,40.886794,45.92,20.285947,14.609259,32.7317,,
2010-10-21,,,29.218596,41.336878,35.600078,19.048871,21.5208,30.794655,8.943541,30.532783,9.463061,41.771412,31.262462,30.2777,12.175,45.184499,10.146917,20.084269,43.453684,36.076822,42.02883,28.313442,28.313442,,26.152763,,,40.45099,40.45099,16.228968,22.121293,28.313442,52.999714,38.304032,25.145,25.145,18.968495,,,55.454677,45.466435,,52.7099,12.066244,70.06,16.49,55.038494,13.9779,19.0969,41.434826,45.87,20.162408,14.798662,32.7078,,
2010-10-22,,,29.314741,41.314827,35.241589,19.107169,21.741484,30.854074,8.943541,30.558395,9.459222,41.749104,31.414048,30.4724,12.305,45.321691,10.214955,20.042825,43.973465,36.690099,41.876711,28.384647,28.384647,,26.212262,,,40.347132,40.347132,16.236193,22.347279,28.384647,53.764622,38.624398,25.84,25.84,18.945701,,,55.310042,45.916689,,53.2018,12.006906,70.65,16.86,55.00365,13.9491,19.057383,42.208868,46.14,20.185538,14.798662,32.6282,,
2010-10-25,,,29.463294,41.270628,34.939963,19.082145,21.282453,30.769216,8.925636,30.62648,9.470738,41.704391,31.582506,30.7743,12.49,45.47719,10.221744,20.042825,43.700339,36.93361,41.876711,28.891765,28.891765,,25.956984,,,40.355073,40.355073,16.214421,22.637108,28.891765,53.163629,38.437486,25.795,25.795,19.052105,,,55.344073,46.975187,,53.3375,12.127468,71.7,16.69,55.125742,13.9491,19.26485,42.191429,46.3,20.185538,14.902761,32.676,,
2010-10-26,,,29.166096,40.68829,34.376624,18.88232,21.344271,30.811645,8.827159,30.388045,9.440028,41.115905,31.489796,31.3489,12.44,44.919168,10.226271,20.471341,43.533002,36.419594,41.614853,28.767273,28.767273,,26.054919,,,40.514875,40.514875,15.960582,23.017259,28.767273,51.998028,38.562094,25.71,25.71,19.158594,,,55.122867,46.998816,,53.2103,12.123655,72.25,16.82,54.925043,14.2473,19.116659,41.478225,46.0,19.992608,14.95963,32.9147,,
2010-10-27,,,29.035073,40.194449,33.944141,18.848683,20.770529,30.599592,8.925636,31.060694,9.486094,40.616946,31.304555,32.0891,12.5,44.727157,10.201328,20.056607,43.092447,37.068956,41.462824,28.473584,28.473584,,26.033585,,,40.275217,40.275217,16.32328,22.634388,28.473584,52.161944,38.241728,25.45,25.45,19.090124,,,54.680455,46.588147,,52.8372,12.075798,71.34,16.77,54.593424,13.9587,18.731362,40.704183,45.5,19.930838,14.883869,32.5884,,
2010-10-28,,,29.236036,40.142801,34.177424,18.98323,21.317778,30.438416,9.310593,31.077738,9.543614,40.564731,31.531978,32.0793,12.42,45.166193,10.24216,20.098149,43.488947,38.14226,41.716205,28.598171,28.598171,,26.042137,,,40.139507,40.139507,16.664206,22.953508,28.598171,53.482365,38.704489,25.69,25.69,19.264998,,,55.310042,46.809263,,53.0153,12.36478,71.34,16.92,55.413783,13.9875,18.810397,40.425856,46.5,20.278148,14.722901,33.042,,
2010-10-29,,,29.122452,39.840558,34.604256,18.915957,21.194235,30.752227,9.310593,31.120302,9.777718,40.259334,31.616162,32.128,12.365,44.919168,10.412184,19.807845,43.603435,38.376679,42.459669,28.713798,28.713798,,26.088944,,,39.835965,39.835965,16.497355,22.690249,28.713798,53.564323,39.354161,25.605,25.605,19.325812,,,55.556772,46.208953,,52.6336,12.420306,71.59,16.75,56.094396,13.7855,19.492077,41.078224,46.7,20.262728,14.722901,32.9784,,
2010-11-01,,,29.183626,39.700511,34.695291,18.697273,21.229559,30.709888,9.265831,31.137347,9.766202,40.117888,31.279245,32.8,12.31,44.928321,10.357773,19.711076,43.286254,38.944965,42.873556,28.277886,28.277886,,26.254838,,,39.676253,39.676253,16.403043,22.732781,28.277886,53.864866,39.131675,25.74,25.74,19.287792,,,55.76947,46.043116,,52.5658,12.385859,72.61,16.8,55.850119,13.7182,19.413041,41.434826,46.86,20.224177,14.694466,32.5248,,
2010-11-02,,,27.260738,39.752159,34.837538,18.739341,21.23839,30.887963,9.167354,31.690778,9.793073,40.170005,31.077131,34.0855,12.275,45.211859,10.371399,20.360791,43.101239,38.890789,41.978063,28.331267,28.331267,,26.318658,,,39.700255,39.700255,16.265288,23.320418,28.331267,54.138027,39.176191,25.61,25.61,19.439871,,,55.982168,46.17739,,52.2435,12.471976,73.31,16.86,55.919899,14.1703,19.284609,41.069504,47.37,20.548357,14.457833,33.5275,,
2010-11-03,,,27.138388,39.20667,35.07091,18.722568,21.052938,30.820095,9.158401,31.54604,9.819945,39.618831,30.933982,33.3941,12.24,45.266775,10.387242,20.208699,43.339195,38.575105,41.876711,28.090958,28.090958,,26.356914,,,39.620399,39.620399,16.910919,23.466602,28.090958,54.156219,39.149462,25.645,25.645,19.584295,,,55.471692,46.840913,,52.2011,12.531271,73.18,16.78,55.78898,14.0645,19.294489,42.687244,47.58,20.633257,14.561933,33.5275,,
2010-11-04,,,27.584141,40.076453,35.668421,18.663636,21.538462,31.100107,9.516501,31.690778,9.862172,40.497709,30.723431,32.9948,12.74,45.486342,10.400868,20.457462,43.048391,38.394769,41.657053,28.286751,28.286751,,26.569705,,,40.514875,40.514875,17.317161,23.647428,28.286751,54.138027,39.701256,25.56,25.56,19.880797,,,55.599311,48.041533,,52.4894,12.716914,73.67,17.22,56.321298,14.2377,19.709424,43.339512,47.05,20.918886,14.590367,34.1084,,
2010-11-05,,,27.400617,40.091251,35.776497,18.621568,21.723822,31.057678,9.444881,31.631169,9.8353,40.512614,30.765523,33.7252,13.205,45.047306,10.416758,20.333129,42.722417,39.513157,41.665529,27.654952,27.654952,,26.624973,,,40.602671,40.602671,17.15031,23.642077,27.654952,54.128932,39.781347,25.77,25.77,19.850432,,,55.369597,47.741334,,52.2689,12.783922,81.96,16.81,56.207847,14.1511,19.827977,43.704834,48.41,20.965146,14.296865,34.4188,,
2010-11-08,,,27.260738,40.142997,35.742415,18.722568,21.847456,30.871064,9.274784,31.145823,9.931208,40.707129,30.917109,33.5109,13.27,44.663088,10.373662,20.457462,42.695946,40.054261,41.665529,27.690602,27.690602,,26.573936,,,40.898183,40.898183,17.027002,23.72188,27.690602,53.937633,39.879226,25.485,25.485,19.667904,,,55.395121,47.567563,,52.1332,12.653762,83.14,17.07,56.251518,14.2377,19.798338,43.730893,49.82,20.934306,14.713455,34.4904,,
2010-11-09,,,26.96363,40.061654,35.628599,18.587931,21.918013,30.582602,7.60962,30.728653,9.931208,40.624618,30.462352,33.3064,13.15,44.416161,10.371399,21.02419,42.431706,40.054261,41.344519,27.245636,27.245636,,26.650537,,,40.898183,40.898183,16.94714,23.557015,27.245636,54.256369,39.532132,25.025,25.025,19.447441,,,55.556772,47.046248,,51.8703,12.64228,82.04,16.82,55.742243,14.6321,19.660027,43.148181,49.62,20.702736,14.23055,34.2994,,
2010-11-10,,,26.902456,40.076453,35.429399,18.621568,22.112204,29.564581,6.866563,31.111826,9.8353,40.639674,30.403387,32.7221,13.16,44.443619,10.400868,21.300712,42.22022,39.819842,41.293842,27.147834,27.147834,,26.612192,,,40.818327,40.818327,17.210182,23.421441,27.147834,54.629774,39.371949,24.79,24.79,19.166164,,,55.514232,47.085745,,52.4385,12.362895,82.68,16.99,55.373364,14.8245,19.650147,42.713303,49.81,20.895755,14.457833,34.0607,,
2010-11-11,,,26.814985,40.22434,35.503393,18.638431,22.218176,29.267669,6.902373,30.813782,10.042533,40.789639,30.816052,31.7969,13.03,44.187441,10.389552,21.355939,42.273069,39.693493,41.606377,27.103319,27.103319,,26.718587,,,40.522815,40.522815,17.122501,23.498523,27.103319,54.365709,39.185038,24.925,24.925,19.181388,,,55.216455,47.251583,,52.0739,12.406896,82.49,16.89,55.399753,14.863,19.916891,42.878575,49.96,20.710447,14.202116,33.7503,,
2010-11-12,,,26.421733,43.345856,35.435049,18.512226,22.015154,29.284659,6.911325,30.805306,9.954241,43.955046,30.605501,30.6283,12.915,43.99543,10.357773,21.120958,41.894246,38.836706,41.352995,27.245636,27.245636,,26.769625,,,40.387015,40.387015,16.881428,23.344268,27.245636,54.283751,38.855732,25.075,25.075,18.892456,,,54.995248,47.109461,,51.9127,12.385859,81.49,16.66,55.224141,14.6994,19.61063,42.635027,49.64,20.517516,14.19267,33.2649,,
2010-11-15,,,26.386764,42.406491,35.520434,18.175859,22.147528,29.411855,6.92923,31.137347,9.950402,43.002363,30.201273,30.5601,12.945,44.059401,10.453016,20.761646,41.409635,40.144523,41.226214,27.396913,27.396913,,26.786637,,,41.145781,41.145781,16.969109,23.442661,27.396913,55.194383,38.989279,24.825,24.825,18.770827,,,54.808074,46.959406,,52.0908,12.412637,81.15,16.54,55.197752,14.4493,20.065083,42.661086,49.52,20.509718,14.211658,33.2171,,
2010-11-16,,,25.982646,42.458237,35.104992,17.78056,21.635603,29.24223,6.660655,31.018129,9.904336,43.054861,29.957066,30.0634,12.95,43.647823,10.339667,20.595771,40.880968,39.386902,41.344519,26.996557,26.996557,,26.412272,,,40.411017,40.411017,16.786523,23.089081,26.996557,54.083357,38.588729,24.815,24.815,18.535139,,,54.484773,46.240516,,52.3622,12.263369,80.24,16.43,55.408487,14.3339,19.413041,41.739211,48.8,20.216467,14.429399,32.7317,,
2010-11-17,,,25.929963,43.19052,35.497652,17.990812,21.5208,29.216791,6.660655,31.009653,9.946563,43.797454,29.561184,30.3751,12.96,43.675282,10.405394,21.176282,40.740009,39.657407,41.293842,27.130009,27.130009,,26.5995,,,40.395046,40.395046,16.801071,23.065141,27.130009,54.174411,38.713336,24.92,24.92,18.595954,,,54.399693,45.648141,,52.7354,12.259556,80.82,16.71,55.320681,14.7379,19.640268,41.843546,48.74,20.062087,14.543041,32.9704,,
2010-11-18,,,26.167174,43.908005,36.106554,18.108586,22.421198,29.369517,6.651703,31.59708,9.992629,44.525091,29.738079,30.0732,13.04,44.077707,10.634403,21.27305,41.013135,40.541376,41.716205,27.334667,27.334667,,27.161093,,,41.728773,41.728773,17.33438,23.102321,27.334667,54.63887,39.300705,25.105,25.105,18.816417,,,55.105851,46.959406,,52.7354,12.477717,82.68,17.42,54.574376,14.8052,20.529415,42.713303,49.54,20.363137,14.751335,33.2808,,
2010-11-19,,,26.052952,44.499751,36.41957,18.066517,22.51834,29.394956,6.920278,32.337906,10.015661,45.125148,29.569621,29.4694,13.32,43.903903,10.802211,21.14862,40.986757,40.847967,41.378333,27.085494,27.085494,,27.365244,,,41.712802,41.712802,17.414738,22.873705,27.085494,54.775498,39.265129,26.43,26.43,18.808847,,,55.054804,47.243736,,52.9644,12.355226,82.26,17.75,54.644621,14.7187,20.489897,42.713303,49.26,20.386267,14.808108,33.2012,,
2010-11-22,,,26.061717,44.462804,36.732497,18.125359,22.368212,29.547591,6.803895,32.423035,9.992629,45.087607,29.729643,34.8451,13.285,44.516743,10.867985,20.996626,41.359379,40.225693,41.505024,27.18339,27.18339,,27.344,,,41.848602,41.848602,17.582677,22.666309,27.18339,54.775498,39.407525,26.45,26.45,18.611179,,,55.046296,46.983035,,53.7701,12.21744,82.76,17.92,55.259263,14.6128,20.509656,42.643746,50.03,20.579197,15.717048,33.0739,,
2010-11-23,,,25.552233,43.752669,36.493564,17.973949,21.516752,28.843471,6.651703,31.818471,9.942724,44.367598,29.468564,34.066,13.09,44.022889,11.144616,20.816872,41.430275,39.260648,41.648667,26.898661,26.898661,,27.067479,,,41.441293,41.441293,17.429285,22.278087,26.898661,53.719142,39.060431,26.235,26.235,18.656768,,,54.357154,46.422222,,53.2867,12.068172,82.51,17.52,55.083651,14.4878,20.302188,42.617588,49.75,20.502007,15.328893,33.1057,,
2010-11-24,,,25.894811,43.782266,36.971519,18.032881,22.040083,28.826573,6.651703,32.065383,10.027178,44.397611,29.679114,34.9523,13.525,44.407008,11.106047,21.134838,41.811781,40.32486,41.5557,27.174525,27.174525,,27.488652,,,41.904456,41.904456,17.524289,22.323339,27.174525,54.830074,39.576648,27.01,27.01,18.679563,,,54.731503,46.769765,,53.9736,12.110245,83.29,17.79,55.320681,14.709,20.756641,43.139462,50.84,20.880246,15.480319,34.196,,
2010-11-26,,,25.657691,43.486393,36.834922,18.1842,21.880389,28.962309,6.597988,31.750387,10.038694,44.097483,29.569621,36.6468,13.215,44.342939,11.235286,21.134838,41.891655,40.640543,41.800696,26.987597,26.987597,,27.309975,,,42.000283,42.000283,17.531612,22.206355,26.987597,55.130617,39.398677,27.195,27.195,18.542794,,,54.433725,46.430156,,53.5156,12.117914,82.43,17.82,55.347069,14.709,20.480018,42.579639,50.77,20.965146,15.319351,34.3551,,
2010-11-29,,,25.367797,43.826662,36.869094,18.310406,21.339395,28.868911,6.580083,31.137347,9.977273,44.44258,29.855919,36.0722,13.395,44.278968,11.140042,21.002784,41.42139,39.179477,41.898622,26.863011,26.863011,,27.155962,,,42.024285,42.024285,17.31241,22.000138,26.863011,54.420285,39.291858,26.565,26.565,18.573159,,,54.459249,45.671857,,53.3206,12.068172,82.36,17.53,55.189018,14.6172,20.480018,42.002377,50.13,20.934306,15.36687,34.0846,,
2010-11-30,,,25.464398,43.708274,37.227583,18.066517,21.419243,28.758704,6.508463,31.188387,10.054049,44.322529,29.754862,36.1112,13.255,44.150929,11.128726,20.891354,41.519034,38.890789,41.932707,26.916486,26.916486,,27.061718,,,41.585033,41.585033,17.100631,21.447686,26.916486,54.247273,39.16725,26.61,26.61,18.246292,,,54.98674,44.937185,,52.5149,11.842342,81.68,17.61,55.540242,14.5396,20.361465,41.67877,49.68,20.563777,15.025174,32.5566,,
2010-12-01,,,25.903667,44.492401,38.012904,18.461816,21.97799,29.038626,6.553225,31.554516,10.042409,45.11762,30.015941,35.2736,13.49,44.516743,11.305586,21.337074,41.90054,40.036265,42.111607,27.254596,27.254596,,27.717196,,,42.255912,42.255912,17.020273,22.156479,27.254596,54.775498,39.514344,26.255,26.255,18.375491,,,56.255327,45.57708,,52.6506,12.198289,82.29,17.78,56.506202,14.8498,20.825797,42.387219,50.3,20.864826,15.661046,32.5248,,
2010-12-02,,,26.456977,45.468812,39.333132,18.571158,22.50123,28.894441,6.526368,32.176124,10.212554,46.107744,30.032814,34.8646,13.51,44.599117,11.28517,21.114214,41.971436,40.478202,42.188253,27.076628,27.076628,,27.802889,,,42.902789,42.902789,16.969109,22.029792,27.076628,55.922908,40.840417,26.47,26.47,18.094213,,,55.886771,45.758699,,53.5156,12.209771,83.32,17.96,57.20865,14.6947,21.053024,42.474709,50.02,21.011496,15.993296,31.1162,,
2010-12-03,,,26.694188,45.490961,40.213524,18.571158,22.607662,28.894441,6.544273,32.04843,10.231872,46.130229,29.990722,35.3321,13.495,44.644783,11.264754,21.225644,41.4747,41.118566,42.162735,26.978732,26.978732,,27.631503,,,43.230243,43.230243,16.961786,22.032512,26.978732,56.496613,41.16963,26.375,26.375,18.101783,,,55.861066,45.908842,,52.8711,12.382003,84.35,18.1,57.033038,14.7723,21.537115,43.174439,50.64,20.887957,16.040719,30.3442,,
2010-12-06,,,26.483365,45.454013,40.030558,18.42818,22.45689,28.894441,6.49951,31.401302,10.023091,46.092788,29.670678,34.2316,13.52,44.617324,11.267018,21.545956,41.190746,40.514288,41.992311,26.952042,26.952042,,27.413041,,,43.765323,43.765323,16.859558,22.072958,26.952042,56.560379,41.062904,26.47,26.47,18.284226,,,55.483911,46.232669,,52.2774,12.470048,84.84,17.85,56.848599,14.9952,21.388924,42.868369,50.9,20.826276,16.059708,30.0737,,
2010-12-07,,,26.500895,45.232035,39.441746,18.512226,22.696433,28.758704,6.615893,31.273608,10.104263,45.867741,29.510656,36.7344,13.865,44.809433,11.319213,21.880246,40.782676,40.856966,41.660119,27.263461,27.263461,,27.47731,,,44.579942,44.579942,17.954183,22.054095,27.263461,56.314505,41.427786,26.47,26.47,18.284226,,,55.4411,46.919908,,52.1671,12.485343,85.07,17.72,57.112017,15.2278,21.240732,43.130743,51.69,21.026916,16.316004,29.4848,,
2010-12-08,,,26.307693,45.683244,39.929029,18.714137,22.64317,28.733265,6.669608,31.154391,10.030831,46.325263,29.839136,36.3157,14.035,45.029001,11.30785,21.713101,40.711688,41.163651,42.281941,27.610531,27.610531,,27.584426,,,44.354992,44.354992,18.769634,22.221137,27.610531,56.633241,41.258662,25.52,25.52,18.550364,,,55.398198,46.880411,,52.7608,12.543653,84.7,17.7,57.393089,15.1115,21.211094,43.463069,51.82,21.057845,16.249592,31.0843,,
2010-12-09,,,26.738106,46.415528,40.253884,18.638431,22.980222,29.25922,7.511142,32.039862,9.821988,47.067856,30.032814,36.4423,14.03,45.166193,11.389467,22.061271,41.767448,41.488332,42.392672,27.663912,27.663912,,27.772914,,,44.756618,44.756618,18.996456,21.754926,27.663912,56.46923,41.347694,25.05,25.05,18.694788,,,55.475313,46.911974,,53.5241,12.43483,84.1,19.7,57.340405,15.3538,21.300009,42.798317,51.69,21.243065,16.477358,31.4425,,
2010-12-10,,,27.291507,46.607909,39.952259,18.78141,22.997976,29.25068,7.75286,31.861036,9.833628,47.26289,30.06647,32.9071,14.165,45.605229,11.48471,22.284131,42.05131,41.41616,42.401238,27.361357,27.361357,,27.695773,,,44.724495,44.724495,18.534103,22.140337,27.361357,56.696912,41.392117,24.535,24.535,18.892456,,,55.629632,46.603928,,53.4308,12.520346,84.49,20.28,57.516017,15.5089,21.201215,43.122023,51.99,21.505564,16.838042,32.5486,,
2010-12-13,,,26.984083,46.437774,39.824631,18.672068,22.962468,29.284659,7.39476,31.537564,9.798831,47.090341,30.30233,31.1249,14.01,45.596077,11.58448,22.130963,41.785126,42.534548,42.775991,27.476985,27.476985,,27.781466,,,44.764648,44.764648,20.461696,22.09182,27.476985,56.651433,41.329813,24.55,24.55,18.808847,,,56.169614,46.366943,,53.2273,12.462036,84.52,20.05,57.559874,15.4023,21.092541,43.069509,52.24,21.605884,16.24005,32.1428,,
2010-12-14,,,26.843472,45.808983,40.265454,18.672068,22.82945,29.471274,7.197805,31.74191,10.108164,46.452842,30.689775,30.9204,14.06,46.007655,11.632102,22.646278,42.273069,42.372207,43.457416,27.930816,27.930816,,27.374425,,,45.246671,45.246671,19.676725,22.226578,27.930816,56.441943,41.694788,25.52,25.52,18.846866,,,56.221114,46.911974,,53.1934,12.543653,84.75,19.95,57.542313,15.761,21.270371,43.506864,52.35,21.937774,16.268581,32.1428,,
2010-12-15,,,26.544813,45.394819,40.265454,18.722568,22.598831,29.505253,7.188852,31.716298,10.208716,46.032762,30.639247,30.8523,13.95,45.934531,11.704666,22.493111,42.308609,42.182872,43.491501,28.010887,28.010887,,27.734299,,,45.407375,45.407375,20.051793,22.156479,28.010887,56.016994,41.65912,25.245,25.245,18.816417,,,55.921074,46.927755,,53.2442,12.551408,94.97,19.96,57.472068,15.6543,21.675426,43.987916,52.47,21.991833,16.088239,32.7317,,
2010-12-16,,,26.659036,45.564953,40.601969,18.873888,22.50123,29.776634,7.242567,31.81064,10.351804,46.205311,30.816052,30.7451,13.905,46.318651,11.650255,22.827303,42.636805,42.570634,43.559581,28.153299,28.153299,,27.991377,,,45.503833,45.503833,20.548882,22.280445,28.153299,56.894369,42.15755,25.36,25.36,18.976065,,,56.358237,47.164741,,53.8549,12.528101,95.31,20.1,57.542313,15.887,22.070603,44.486505,52.85,22.448591,16.591288,33.2808,,
2010-12-17,,,26.377998,45.468812,40.613539,18.915957,22.394797,30.022668,7.21571,32.547781,10.39434,46.107744,30.639247,31.0081,13.885,46.419232,11.688776,24.039054,42.849771,42.489463,43.636226,28.411338,28.411338,,28.14557,,,45.793029,45.793029,20.383218,22.204995,28.411338,57.141095,42.460128,26.375,26.375,18.998945,,,56.546769,47.148959,,54.7624,12.613575,96.06,20.3,57.832119,16.7303,21.882894,44.433991,52.15,22.262751,16.306461,33.1535,,
2010-12-20,,,26.5712,45.402169,40.961624,18.873888,22.306119,29.496713,7.25152,31.716298,10.316945,46.04029,30.563409,32.1865,14.085,46.004013,11.731872,24.637941,42.193287,42.633808,43.746957,28.23337,28.23337,,27.978505,,,45.953733,45.953733,20.810539,22.124104,28.23337,57.168572,42.139762,26.38,26.38,19.135799,,,56.838211,47.054182,,55.161,12.710744,97.72,20.65,57.630119,17.1471,21.655668,44.477786,52.51,22.193094,16.401404,33.058,,
2010-12-21,,,26.483365,45.106296,40.874625,18.840251,22.199686,29.564581,7.332092,31.570639,10.204815,45.740261,29.839136,32.2546,13.89,45.80098,11.66836,24.415082,42.202173,42.480465,43.534062,28.331267,28.331267,,28.055646,,,45.865305,45.865305,20.705935,22.105242,28.331267,56.656738,41.854971,26.92,26.92,19.196613,,,56.058196,46.694868,,55.1355,12.749604,99.53,20.8,57.542313,16.992,21.714944,44.346599,52.57,22.154366,16.619723,33.1455,,
2010-12-22,,,26.86986,45.15814,40.903595,18.915957,22.173101,29.367882,7.46638,31.124817,10.297627,45.792759,30.007595,31.5924,13.745,45.893196,11.697876,24.373344,42.574701,42.426383,43.69592,28.366822,28.366822,,28.098493,,,46.122378,46.122378,20.889115,22.207716,28.366822,56.601879,41.77488,26.99,26.99,19.204183,,,56.298229,47.006227,,55.2712,12.769012,98.01,21.05,57.638946,16.9629,21.714944,44.495224,52.5,22.402065,16.752642,33.1057,,
2010-12-23,,,26.536048,45.047102,40.944224,18.840251,22.412551,29.496168,7.421617,31.064839,10.367221,45.680236,30.100216,31.6508,13.7,45.874792,11.747761,24.401202,42.557023,42.372207,43.568147,28.366822,28.366822,,28.094172,,,46.443786,46.443786,20.86289,22.256232,28.366822,56.711598,41.712576,26.78,26.78,19.181048,,,56.306827,46.846581,,55.3051,12.706846,97.91,21.0,57.814558,16.9823,22.040965,44.547739,52.65,22.541467,16.581746,32.9784,,
2010-12-27,,,26.430681,45.209886,40.706368,18.865547,22.385966,29.521789,7.367902,30.884815,10.282148,45.845256,30.049687,31.3002,13.815,45.690261,11.681987,24.387224,42.335172,41.993443,43.499977,28.126609,28.126609,,27.87571,,,46.524093,46.524093,20.749479,22.194204,28.126609,56.400822,41.77488,26.63,26.63,19.065203,,,56.075393,46.790691,,55.144,12.683539,97.66,20.9,57.814558,16.9726,22.129879,44.180336,52.45,23.098811,16.543769,32.9545,,
2010-12-28,,,26.158318,45.224685,40.636769,18.840251,22.315042,29.556041,7.484285,30.859111,10.432975,45.860213,29.973849,31.0957,13.825,45.717916,11.715982,24.442939,42.03354,41.930269,43.568147,28.348997,28.348997,,27.999928,,,46.25899,46.25899,20.671002,22.097171,28.348997,56.391726,41.77488,26.265,26.265,19.103818,,,55.955377,46.734802,,54.915,12.675784,97.17,20.83,57.533579,17.0114,21.922412,44.005454,52.27,22.789166,16.505792,32.8908,,
2010-12-29,,,26.132022,45.276431,40.53237,18.915957,22.190855,29.641625,7.654382,30.687655,10.448454,45.912711,29.8307,31.6314,13.815,45.727167,11.706929,24.359367,42.03354,41.867002,43.534062,28.340038,28.340038,,28.038454,,,46.242928,46.242928,20.697227,22.204995,28.340038,56.016994,41.810642,26.315,26.315,19.072943,,,55.998188,46.910404,,55.0253,12.722398,97.02,21.11,57.419384,16.9532,21.912532,44.031711,51.53,22.781367,16.591288,33.2808,,
2010-12-30,,,26.263775,44.936162,40.282854,19.03373,22.226363,29.564581,7.75286,30.576268,10.444554,45.567713,29.898101,31.9333,13.75,45.570292,11.616212,24.401202,41.935988,41.939361,43.542538,28.295145,28.295145,,28.059877,,,46.275051,46.275051,20.92395,22.129545,28.295145,56.135809,41.810642,26.38,26.38,18.988058,,,55.818255,46.702803,,55.2203,12.695192,96.39,20.84,57.542313,16.9823,21.675426,44.092846,52.19,22.789166,16.648157,32.7078,,
2010-12-31,,,26.421916,44.566296,40.387342,18.991662,22.199686,29.727119,7.914004,30.139107,10.405918,45.192701,29.973849,32.0014,13.53,45.644104,11.623049,24.387224,41.829551,41.613649,43.508544,28.295145,28.295145,,28.175544,,,45.953733,45.953733,20.444278,22.116033,28.295145,56.894369,41.658468,26.14,26.14,19.003453,,,55.998188,46.734802,,55.1355,12.675784,95.09,20.63,57.64768,16.9726,21.882894,43.900425,51.09,22.425284,16.344438,32.3895,,
2011-01-03,,,26.702954,44.914013,40.195855,19.008526,22.581077,29.675786,7.940862,30.336267,10.363382,45.545228,29.898101,33.5499,13.59,45.791729,11.604896,24.345487,41.527919,42.020719,43.33812,28.438783,28.438783,,27.939979,,,46.090255,46.090255,21.063487,22.075588,28.438783,56.940038,41.631553,26.775,26.775,18.910828,,,56.358237,46.846581,,55.3221,12.714643,96.85,19.97,57.577435,16.9435,21.349406,43.673028,50.97,22.796876,15.585189,32.4531,,
2011-01-04,,,26.685423,44.62549,40.021858,19.042162,22.004575,29.479087,7.994577,30.430517,10.135221,45.252628,30.058123,32.7221,13.49,45.496381,11.4915,24.247937,41.137527,41.242759,43.687354,28.375971,28.375971,,27.361643,,,44.395146,44.395146,20.845473,21.765718,28.375971,55.934752,41.255589,26.145,26.145,18.825943,,,56.066795,46.846581,,54.8981,12.761257,94.04,19.77,55.575365,16.8757,21.211094,42.719644,50.74,22.185384,15.423835,31.729,,
2011-01-05,,,26.808411,44.603341,39.737542,19.084231,21.853804,29.573121,7.940862,31.073408,10.092685,45.230143,30.841361,33.248,13.245,45.219535,11.303323,24.317629,41.359379,41.43275,43.499977,28.313064,28.313064,,27.198809,,,44.507576,44.507576,20.897824,21.851959,28.313064,56.455681,40.924327,25.98,25.98,18.895433,,,57.078243,46.710824,,54.5334,12.765156,95.46,20.1,55.540242,16.9241,21.319768,42.422195,50.73,22.355627,15.613624,31.7847,,
2011-01-06,,,27.836052,45.712841,40.097287,19.084231,21.561091,29.615913,7.958767,31.356342,10.03467,46.355275,30.518804,33.7252,13.105,44.64744,11.28517,24.317629,42.521483,41.85791,43.372204,28.079641,28.079641,,27.00177,,,43.07757,43.07757,20.705935,21.825026,28.079641,56.117522,40.673622,26.81,26.81,18.972578,,,57.29257,46.088019,,53.8973,13.15375,91.5,20.05,54.793845,16.9241,19.60075,41.932424,50.4,22.06149,15.718012,32.1391,,
2011-01-07,,,28.064498,45.468812,39.528745,19.016957,21.179792,29.496168,8.854016,30.379108,10.135221,46.107744,30.230262,34.9815,12.95,44.730405,11.267018,24.275794,42.707793,41.85791,43.440374,28.007775,28.007775,,26.954602,,,42.563425,42.563425,20.662293,20.830485,28.007775,55.788459,40.458772,26.69,26.69,18.825943,,,56.906817,45.05001,,53.6429,12.901143,90.65,19.43,55.101212,16.895,19.254971,41.521326,49.76,21.960904,16.06925,31.5027,,
2011-01-10,,,28.187395,46.186297,39.406947,19.067367,21.862727,29.598833,8.773444,30.070469,10.115903,46.835381,30.417029,34.9133,13.025,44.70275,11.305586,25.362138,42.858656,42.111262,43.482935,28.025789,28.025789,,27.014641,,,42.483028,42.483028,20.592524,20.984105,28.025789,55.806746,40.745239,26.77,26.77,18.710183,,,56.615375,45.121856,,53.7277,12.912796,90.49,19.83,55.478825,17.6511,19.284609,41.223877,49.6,22.293768,16.059708,31.4866,,
2011-01-11,,,28.292852,45.875625,39.447576,19.067367,21.871558,29.556041,8.683919,30.541996,10.177758,46.520296,30.603706,33.9589,13.155,44.592031,11.459768,25.083563,42.902989,42.2288,43.372204,28.09756,28.09756,,26.856128,,,43.318581,43.318581,20.705935,20.744244,28.09756,56.528827,40.924327,26.635,26.635,18.578943,,,56.855407,44.73063,,54.7369,12.730153,92.48,20.02,55.996834,17.4572,18.998106,41.853653,49.51,22.417574,16.012285,31.6236,,
2011-01-12,,,28.600277,46.230693,39.505516,19.521598,22.288365,29.855405,8.809254,30.739156,10.142961,46.88035,31.112941,34.4166,13.43,44.915034,11.441615,25.320401,43.284495,43.133483,43.534062,28.286185,28.286185,,27.00609,,,43.591715,43.591715,20.932659,20.720031,28.286185,56.921751,41.094382,26.605,26.605,18.571288,,,57.198259,45.18568,,54.7793,12.710744,93.31,20.22,56.356885,17.622,19.087021,41.792518,49.89,22.425284,15.974308,31.6799,,
2011-01-13,,,29.188831,45.720289,39.360488,19.513166,22.465814,29.872576,8.916684,30.644814,10.123643,46.362803,30.832835,34.5432,13.48,45.035004,11.428036,25.529283,44.189393,43.413924,43.866254,28.232239,28.232239,,27.160283,,,43.42307,43.42307,20.828055,20.749594,28.232239,57.515827,41.130237,26.575,26.575,18.617558,,,57.352578,45.113834,,54.6436,12.745705,92.9,20.3,56.242691,17.7674,19.116659,41.923705,50.0,22.48723,15.955319,31.253,,
2011-01-14,,,29.434716,45.527908,39.302548,19.437461,22.607662,29.898197,8.898779,30.473358,10.197075,46.16777,30.383014,34.4069,13.385,44.878128,11.423509,25.557141,43.958749,43.260112,43.440374,28.142453,28.142453,,27.044616,,,43.607776,43.607776,20.941367,20.771177,28.142453,57.451872,41.139177,27.245,27.245,18.648433,,,57.24107,45.249591,,53.3545,12.671885,92.87,20.51,55.671998,17.7868,19.087021,41.722466,49.76,22.510449,16.145108,31.4141,,
2011-01-18,,,29.619244,45.520558,39.23286,19.529939,22.625416,30.009403,8.889826,30.293334,10.231872,46.160242,30.450954,34.3777,13.43,44.841222,11.521016,25.348258,44.091749,44.092436,43.559581,27.891016,27.891016,,27.194578,,,43.631869,43.631869,20.278516,20.620278,27.891016,57.579877,41.533115,27.495,27.495,18.586683,,,57.061136,44.890277,,52.9813,12.520346,92.76,20.56,55.9881,17.6414,19.136418,42.36978,49.86,22.657562,16.363427,31.3336,,
2011-01-19,,,29.80368,45.224685,39.105232,19.462666,22.119931,29.812704,8.621251,30.327699,10.135221,45.860213,30.484879,33.6278,13.175,44.868877,11.531247,25.445711,43.648231,44.309515,43.482935,27.998815,27.998815,,27.168834,,,43.085601,43.085601,19.598247,20.199863,27.998815,57.031471,41.407763,27.13,27.13,18.517193,,,56.486761,45.18568,,52.5742,12.454281,91.97,19.85,55.513947,17.7093,18.988227,42.229775,49.3,22.309189,15.993296,30.7617,,
2011-01-20,,,29.329349,45.150692,39.18649,19.73185,22.21744,30.15486,8.827159,30.01906,10.208716,45.785231,31.503348,33.2188,13.285,45.302599,11.554021,25.445711,43.639346,44.110526,44.019545,28.043708,28.043708,,26.958923,,,43.262366,43.262366,19.240597,20.03001,28.043708,56.126618,41.622613,27.51,27.51,18.555808,,,56.486761,45.1059,,51.9806,12.489242,90.79,20.44,55.715854,17.7093,18.909192,41.958681,49.26,22.239532,16.420392,31.0033,,
2011-01-21,,,29.382033,45.069349,39.19806,19.740282,22.173101,30.214733,9.364308,30.156243,10.197075,45.70272,30.960188,33.5694,13.305,45.404164,11.567695,26.044598,43.816772,43.422922,44.249573,28.151507,28.151507,,26.886102,,,43.013324,43.013324,19.188246,19.997726,28.151507,56.373439,41.604732,27.84,27.84,18.594423,,,56.461056,45.273568,,52.0569,12.481487,91.21,20.72,55.628048,18.1261,18.77088,42.66713,48.84,22.05378,16.372969,30.7053,,
2011-01-24,,,29.355645,45.431766,39.041462,19.765487,22.279534,29.992322,9.283736,29.950514,10.200976,46.070303,30.875286,34.2511,13.41,45.468726,11.572268,25.571118,43.284495,44.074346,44.164361,28.223279,28.223279,,27.096014,,,43.575654,43.575654,19.162119,20.011148,28.223279,56.300293,41.183972,27.42,27.42,18.849078,,,56.726793,45.592949,,52.6082,12.500895,90.68,20.09,55.979273,17.7965,18.909192,42.396037,48.75,22.162165,16.145108,31.1805,,
2011-01-25,,,29.285432,45.335625,39.134291,19.83276,22.315042,29.94953,9.426976,30.361972,10.228033,45.972736,30.544293,33.8907,13.71,45.43182,11.465143,27.353802,44.003082,43.278202,44.062197,27.998815,27.998815,,26.971795,,,43.278428,43.278428,19.013874,20.054314,27.998815,55.486873,41.470439,27.65,27.65,18.748798,,,56.375343,45.936307,,53.0322,12.469833,90.26,20.15,55.417314,19.0372,18.691844,42.054892,48.78,22.138946,15.917342,31.4464,,
2011-01-26,,,29.355645,45.550155,39.024063,19.588871,22.377135,29.992322,9.212116,30.319131,10.069466,46.190255,30.272713,34.4458,13.63,44.795065,11.574531,25.79388,43.044966,43.377744,43.866254,27.873097,27.873097,,26.971795,,,43.278428,43.278428,18.891754,20.261801,27.873097,54.856224,40.055893,28.0,28.0,18.725663,,,56.452548,45.816506,,52.8032,12.586412,91.08,20.4,54.741161,17.9516,19.017865,42.431014,49.02,22.255041,16.202073,31.543,,
2011-01-27,,,29.364502,45.735088,38.937064,19.427488,22.723018,29.675786,9.337451,30.361972,9.748556,46.37776,30.035058,33.7641,13.745,44.435155,11.499327,24.568249,42.432816,43.649093,43.312601,27.424075,27.424075,,26.860358,,,45.889397,45.889397,18.699865,20.283384,27.424075,54.481492,40.422917,27.825,27.825,18.463183,,,56.195409,45.505147,,52.5403,12.652434,91.33,20.67,54.205498,17.0986,19.245091,41.460092,48.79,22.115727,15.955319,31.4786,,
2011-01-28,,,28.775948,45.143342,38.316323,19.062199,22.199686,29.470456,8.979351,29.86474,9.717598,45.777703,29.653177,32.8779,13.29,43.946025,11.32157,23.913647,41.731907,42.436881,43.005928,27.415116,27.415116,,26.650447,,,44.885199,44.885199,18.071849,20.118972,27.415116,53.293341,39.849984,27.575,27.575,18.362817,,,55.201068,45.193701,,51.8279,12.36101,89.76,19.98,54.302131,16.643,18.909192,40.681592,48.17,21.504146,15.708566,30.6006,,
2011-01-31,,,28.696878,45.62405,38.490321,18.968724,22.315042,29.205344,9.086781,30.37054,9.756295,46.265237,29.517387,32.7026,13.315,43.835307,11.257776,23.63517,41.42139,41.73128,42.84416,27.451049,27.451049,,26.924628,,,44.644188,44.644188,18.089365,20.278033,27.451049,52.982564,39.572364,28.32,28.32,18.146692,,,55.123953,45.704728,,51.9042,12.36101,90.01,19.91,54.58311,16.4492,18.988227,40.99648,47.85,21.41127,15.613624,30.52,,
2011-02-01,,,30.479978,45.505759,38.989263,19.147152,22.856035,29.34217,9.274784,30.301994,9.779452,46.145285,29.364635,32.3812,13.335,43.789149,11.32157,23.941504,41.820666,42.445973,42.758948,27.540834,27.540834,,27.010321,,,45.222579,45.222579,18.1242,20.073176,27.540834,52.918609,39.733571,28.975,28.975,18.200787,,,55.758247,46.088019,,52.2011,12.450382,92.47,20.86,54.187937,16.6624,19.195694,41.57384,48.35,21.790572,16.278027,30.9147,,
2011-02-02,,,31.03338,44.788274,38.734007,19.147152,22.598831,29.410583,9.238974,30.336267,9.760134,45.417649,29.415522,32.128,13.62,43.659929,11.248676,23.663027,43.124748,41.984539,42.895197,27.433129,27.433129,,26.928949,,,45.029842,45.029842,18.054432,20.10011,27.433129,52.589546,39.697717,28.75,28.75,18.277932,,,55.415395,46.05602,,52.023,12.598065,92.51,20.8,53.740172,16.4685,19.10678,41.731284,48.06,21.658969,16.221061,30.3992,,
2011-02-03,,,31.138837,45.527908,38.977603,19.147152,22.59,29.487627,9.265831,30.233357,9.825889,46.16777,29.670139,36.8318,13.825,44.287531,11.437796,23.621192,44.792658,42.862041,44.735056,27.60374,27.60374,,26.80473,,,45.664447,45.664447,17.784066,20.170209,27.60374,53.732028,39.993217,28.515,28.515,18.563548,,,55.012536,46.319598,,51.2766,12.368765,92.19,21.83,54.662182,16.4395,19.452559,42.037354,48.38,21.697696,16.667146,30.9147,,
2011-02-04,,,31.701004,45.927371,38.971863,19.350967,22.891544,29.444835,9.274784,30.550564,9.918701,46.572794,30.170848,38.5751,13.895,44.472062,11.531247,23.704765,44.792658,43.622005,45.501604,28.007775,28.007775,,26.80041,,,45.624294,45.624294,17.906186,20.213284,28.007775,53.686359,40.243829,28.455,28.455,18.524933,,,54.721094,46.846581,,51.1664,12.411523,93.83,22.74,54.828967,16.4976,19.521715,41.521326,48.43,21.64346,17.616376,30.3992,,
2011-02-07,,,31.578015,45.586024,38.913834,19.291491,22.971299,29.282297,9.274784,30.610541,9.891582,46.368596,30.018095,38.5945,14.31,44.352092,11.510737,23.565477,44.180508,43.622005,45.356878,27.720405,27.720405,,26.783307,,,45.061965,45.061965,17.810192,20.601415,27.720405,54.10676,40.091655,27.88,27.88,18.571288,,,54.583881,47.110072,,50.3776,12.357111,93.16,22.47,55.206579,16.4007,19.729183,42.116125,48.68,21.674477,17.075349,30.4959,,
2011-02-08,,,31.701004,45.548979,38.786206,19.283059,23.281765,29.376422,9.444881,30.224789,9.408265,46.330841,30.340563,39.8314,14.865,44.490466,11.604189,23.885789,44.579692,43.377744,45.390873,27.953923,27.953923,,26.933179,,,45.865305,45.865305,17.260752,20.598695,27.953923,54.901893,39.966302,27.835,27.835,18.625298,,,55.003937,47.15794,,50.6066,12.454281,93.17,22.9,55.909028,16.6236,19.729183,42.282289,49.04,21.720915,17.815707,30.657,,
2011-02-09,,,31.639464,45.53418,38.652748,19.452965,22.971299,29.53042,9.221069,30.156243,9.524234,46.315739,30.399977,39.7632,14.86,44.64744,11.617862,23.551597,44.748325,43.649093,45.229105,28.052668,28.052668,,27.053167,,,46.001917,46.001917,17.182275,20.577112,28.052668,54.956753,40.04686,27.535,27.535,18.640693,,,55.218174,47.541231,,54.6945,12.442628,91.75,22.65,55.679152,16.391,19.719303,41.608817,49.29,21.64346,17.64481,31.535,,
2011-02-10,,,31.130072,45.289269,38.438121,19.283059,23.060069,29.33363,8.970399,29.110463,9.46238,46.066752,30.264187,40.2793,15.11,44.296683,11.592779,23.676907,44.100634,43.178661,44.982036,27.935909,27.935909,,27.220232,,,45.969794,45.969794,17.295587,20.614837,27.935909,54.645976,40.208067,27.605,27.605,18.594423,,,54.309636,47.245828,,54.1517,12.427075,91.75,22.7,55.281284,16.4782,19.808218,39.780722,48.77,21.573803,17.502445,32.5096,,
2011-02-11,,,31.815135,45.163138,38.675978,19.130107,23.272934,29.453375,8.925636,29.110463,9.601567,45.938384,30.476353,42.3245,15.155,44.305935,11.690757,23.676907,44.366818,43.332472,45.220539,27.531874,27.531874,,27.233104,,,47.544443,47.544443,17.374163,21.086488,27.531874,55.112141,40.378122,28.285,28.285,18.864558,,,54.746799,47.605142,,54.4146,12.699091,93.26,22.76,55.466931,16.4782,19.877374,39.404601,52.0,21.759643,17.549868,33.0734,,
2011-02-14,,,32.192865,44.992514,38.675978,19.300013,22.997976,29.496168,8.818206,28.913303,9.779452,45.764809,30.646157,45.139,15.175,44.4075,11.768272,23.31476,44.153852,44.047164,45.552731,27.379183,27.379183,,27.048847,,,46.797227,46.797227,17.347938,20.957172,27.379183,55.139524,40.378122,28.195,28.195,18.903173,,,54.292439,47.700878,,54.1687,12.920594,94.19,22.68,55.573042,16.2262,20.134238,39.282133,51.81,21.713205,17.331645,33.3231,,
2011-02-15,,,32.166387,44.762499,38.879035,19.036722,23.219672,29.53896,8.764491,29.144736,9.663483,45.530925,30.340563,42.3926,15.27,44.352092,11.786472,23.52374,44.100634,43.468193,45.143893,27.540834,27.540834,,27.083142,,,46.451817,46.451817,17.147341,20.884352,27.540834,54.536352,40.897413,28.475,28.475,18.895433,,,55.158166,47.820678,,54.5758,12.912796,94.0,22.29,55.626097,16.3716,20.134238,39.31711,51.65,21.442199,17.312657,33.2909,,
2011-02-16,,,32.748731,44.88863,39.035633,19.257582,23.423706,29.53042,9.346403,29.359033,9.883904,45.659194,30.467916,42.9477,15.555,44.785813,11.923207,23.63517,44.047416,43.965713,45.08429,27.657593,27.657593,,27.160283,,,46.636613,46.636613,17.340813,20.978755,27.657593,55.075568,40.85271,28.63,28.63,18.895433,,,54.823913,48.467461,,54.6267,13.103194,94.99,22.72,56.545691,16.4492,20.371344,39.745746,51.55,21.922176,17.587845,33.3473,,
2011-02-17,,,33.066291,46.127691,39.273489,19.368012,23.92036,29.889657,9.292689,31.030567,10.092685,46.919526,30.646157,39.6463,15.45,44.628938,12.08729,23.621192,44.428922,45.639358,45.143893,27.693526,27.693526,,27.652926,,,47.247127,47.247127,17.868382,21.342582,27.693526,55.943847,41.157058,28.705,28.705,19.088423,,,55.458206,48.57924,,55.1355,13.3597,96.66,22.49,58.933086,16.4395,20.806038,40.156844,51.59,22.092508,17.787176,33.6937,,
2011-02-18,,,33.216306,46.498635,39.406947,19.334012,24.079963,28.72627,9.265831,31.210591,10.030831,47.29688,30.637631,40.7176,15.44,44.03834,12.26962,23.690885,44.650681,44.960846,45.15246,27.756338,27.756338,,27.652926,,,46.789196,46.789196,16.118526,21.434174,27.756338,56.03528,41.237615,28.635,28.635,19.134693,,,54.352447,49.050333,,54.7878,13.429622,95.74,22.78,59.534348,16.4879,20.697365,39.885652,51.82,22.107928,17.682787,33.597,,
2011-02-22,,,32.625195,45.660311,38.960204,19.147152,23.902606,28.589352,9.077829,30.687655,10.123643,46.444107,31.197753,40.0261,15.33,44.029089,12.46105,23.676907,45.617682,44.228064,45.305751,28.259212,28.259212,,27.314476,,,46.419694,46.419694,15.204013,21.32372,28.259212,54.773982,41.183972,27.845,27.845,19.096078,,,54.129612,49.138134,,55.1695,13.379109,93.2,22.58,59.613885,16.4782,19.897133,39.71067,51.5,22.076999,17.739753,33.1862,,
2011-02-23,,,31.645855,45.066703,39.314118,19.308536,23.698664,28.974301,9.113639,30.473358,10.235773,45.84032,31.571198,39.51,14.89,45.164225,12.192152,23.676907,45.086238,42.418791,45.535688,28.447837,28.447837,,27.378746,,,45.985856,45.985856,15.230337,21.550069,28.447837,53.613213,41.577911,27.93,27.93,19.072943,,,53.94108,49.489514,,55.3476,13.297491,89.42,22.1,59.631632,16.4782,20.153997,39.588302,50.94,21.728626,17.540422,33.1298,,
2011-02-24,,,32.139908,44.970267,39.279319,19.342535,23.060069,28.657765,9.024114,30.72202,10.247351,45.742156,31.095978,40.3962,14.615,45.745571,12.224026,23.63517,46.693989,42.038809,45.229105,28.537622,28.537622,,27.365874,,,44.973537,44.973537,15.520594,21.145796,28.537622,54.115951,42.097108,27.345,27.345,19.072943,,,54.026793,49.737049,,54.5503,13.114891,90.04,22.01,59.67586,16.4492,19.867494,39.306607,51.02,21.689898,17.36008,32.7754,,
2011-02-25,,,32.536995,45.682558,39.88257,19.537918,23.565555,28.72627,9.283736,31.227727,10.39434,46.46676,31.520311,40.4838,14.885,46.142387,12.374435,24.034754,46.399205,44.173794,45.619638,28.474716,28.474716,,27.550131,,,46.226867,46.226867,15.801945,21.154049,28.474716,55.477683,42.383668,29.5,29.5,19.250453,,,54.515365,49.70505,,55.6189,13.204263,91.47,22.9,60.577707,16.7273,20.094721,39.60584,52.02,22.022762,17.949879,33.5809,,
2011-02-28,,,32.801597,45.897676,40.114686,19.673824,23.326105,28.794683,9.453833,30.91052,10.286049,46.685542,31.520311,39.7145,14.91,46.34542,12.488397,24.006701,46.729714,44.164796,45.971487,28.591475,28.591475,,27.383066,,,46.37142,46.37142,16.021741,21.03897,28.591475,54.700836,42.661195,28.775,28.775,19.582424,,,54.361046,50.128275,,54.9998,13.33635,92.82,23.15,60.869465,16.7078,20.074962,40.248398,52.17,22.138946,17.721535,33.6856,,
2011-03-01,,,32.307544,45.081501,39.470716,19.461397,22.820527,28.709098,9.131544,31.296273,10.169151,45.855422,31.223242,39.2957,14.76,45.422568,12.337988,23.684238,46.622537,42.626872,45.482307,28.331078,28.331078,,27.807119,,,45.319037,45.319037,15.731583,21.370513,28.331078,53.530971,42.491047,28.175,28.175,19.389433,,,54.181022,49.721093,,54.5758,13.208119,92.43,22.53,59.967618,16.4833,19.60075,39.852261,51.38,21.697696,17.569339,33.1218,,
2011-03-02,,,32.439937,45.4154,39.22129,19.478442,22.802865,28.640685,9.024114,31.219159,10.122405,46.195021,31.265693,39.5295,14.915,45.201131,12.401782,23.824405,47.033383,42.91631,45.636771,28.277226,28.277226,,27.601529,,,45.391313,45.391313,15.793137,21.181435,28.277226,53.795984,42.589578,27.69,27.69,19.335423,,,54.362403,50.240054,,53.9991,13.180913,92.77,22.7,60.303603,16.5809,19.393283,39.377055,51.48,21.697696,17.588327,33.6615,,
2011-03-03,,,32.898655,45.838384,39.470716,19.682256,23.193087,28.897348,9.024114,31.982096,10.180853,46.625233,31.27413,40.9124,14.86,45.828635,12.584112,23.978648,47.3638,44.110526,46.323426,28.564501,28.564501,,28.089851,,,45.592171,45.592171,16.021741,21.175994,28.564501,54.773982,43.440131,28.285,28.285,19.636434,,,55.062045,50.838968,,54.2535,13.491788,95.27,22.93,61.629893,16.6883,19.748941,39.271432,52.24,22.340206,17.826213,34.04,,
2011-03-04,,,32.598717,45.14834,39.441746,19.673824,22.909298,28.700558,8.934589,32.067778,10.03275,45.923382,31.197753,40.6591,14.71,45.339505,12.497497,23.600079,47.283463,44.001893,46.632444,28.357957,28.357957,,27.935659,,,45.134241,45.134241,15.925054,21.304767,28.357957,54.179906,43.117809,28.095,28.095,19.543809,,,54.759742,50.703212,,54.0924,13.542301,94.4,22.42,61.727176,16.4248,19.630388,38.936926,51.59,22.162874,17.521819,33.7903,,
2011-03-07,,,32.413459,45.430296,39.31932,19.580349,23.024561,28.580812,8.809254,32.016369,9.939257,46.210123,31.223242,40.1917,14.555,44.859626,12.365335,23.333625,47.685331,42.699231,46.495113,28.133493,28.133493,,27.939979,,,44.756618,44.756618,15.933862,21.249993,28.133493,54.10676,42.696956,27.94,27.94,19.590079,,,54.820202,50.814991,,53.5496,13.484033,93.37,22.23,61.4619,16.2393,19.44268,38.320922,51.0,21.859077,17.502734,33.6534,,
2011-03-08,,,32.642817,46.290965,41.190332,19.775732,23.53897,28.914428,8.916684,32.213529,9.986004,47.08555,31.639138,39.88,14.93,45.754823,12.556765,23.740344,47.953274,42.663052,46.812697,28.232239,28.232239,,28.119916,,,45.330406,45.330406,16.004224,21.543177,28.232239,54.024518,43.269983,28.015,28.015,19.806204,,,55.096619,51.30204,,54.3722,13.527434,94.01,22.46,62.231248,16.5224,19.739062,39.165809,51.46,22.266827,17.883275,33.7823,,
2011-03-09,,,32.289923,46.572921,41.353477,19.860685,23.913185,29.256585,8.934589,32.547781,10.118504,47.372391,31.783364,42.4998,14.77,45.994762,12.657006,23.824405,48.149766,42.500242,47.121714,28.438783,28.438783,,28.111275,,,45.370831,45.370831,16.698843,21.75148,28.438783,54.079378,43.708717,28.185,28.185,19.922049,,,55.839434,51.381907,,55.2203,13.519551,89.94,22.75,62.602542,16.5809,19.827977,39.403412,52.24,22.274803,18.653801,33.3795,,
2011-03-10,,,31.275338,45.526732,40.519993,19.835208,23.334016,29.376422,8.755539,31.939163,10.060055,46.308188,31.435408,60.0489,14.29,45.902447,12.565865,23.501942,47.899686,41.39657,47.121714,28.286185,28.286185,,27.969954,,,44.603132,44.603132,17.059462,21.74876,28.286185,52.87294,43.305838,28.185,28.185,19.790809,,,55.649363,50.910814,,55.1864,13.318313,86.78,22.38,62.089736,16.3565,19.215453,38.496895,51.6,21.907022,18.415916,33.5487,,
2011-03-11,,,31.83997,45.393153,40.211103,19.852162,23.467677,29.325089,8.907731,32.119187,10.16135,46.172368,31.664537,57.3221,14.27,46.077826,12.643333,23.908564,47.989,41.76746,47.241823,28.465756,28.465756,,27.965633,,,44.441435,44.441435,16.654903,21.745948,28.465756,52.735838,43.744479,27.69,27.69,19.626312,,,55.839434,50.92677,,55.5596,13.310387,87.23,22.48,63.133095,16.6395,19.126539,38.813765,51.16,21.867053,18.539581,33.597,,
2011-03-14,,,31.584133,45.252224,39.564173,19.758777,23.441,28.957221,8.755539,32.316348,10.145747,46.028997,31.333543,57.4779,14.255,45.450322,12.556765,23.852458,47.435251,41.640831,46.812697,28.160467,28.160467,,27.590187,,,44.312132,44.312132,16.311998,21.606203,28.160467,52.415965,43.35054,27.645,27.645,19.579277,,,55.398922,50.767036,,55.144,13.23541,86.8,22.11,62.072082,16.6004,18.800518,38.356097,50.74,21.827085,17.968867,33.7903,,
2011-03-15,,,31.319439,44.599225,39.057068,19.563395,23.28057,28.683477,8.692871,32.076346,10.165251,45.364901,31.019512,57.4487,14.335,44.979596,12.406356,23.670163,47.819349,42.129352,46.40927,27.953923,27.953923,,27.197549,,,44.126253,44.126253,16.14485,21.447233,27.953923,51.492827,43.019278,27.425,27.425,19.359919,,,54.422864,50.064364,,55.5426,13.049939,85.19,21.64,61.532702,16.4736,18.375703,38.356097,50.58,21.731107,17.97841,33.3715,,
2011-03-16,,,30.38429,44.154092,38.159456,19.393489,22.710415,28.572272,8.737634,31.70773,10.16135,44.912036,30.59518,59.7957,14.205,44.601283,12.26962,23.529995,47.247737,41.423658,46.048764,27.702486,27.702486,,26.580507,,,44.409132,44.409132,16.171273,21.469178,27.702486,51.244963,42.50008,27.395,27.395,19.030841,,,53.818258,49.401712,,55.9497,12.828951,85.58,21.3,61.276253,16.376,17.92125,37.731176,51.91,21.675186,17.559796,33.1379,,
2011-03-17,,,30.65775,44.24308,38.742348,19.096198,22.746015,28.606524,8.782396,32.1565,10.075658,45.002649,30.66312,59.6496,14.405,44.859626,12.328888,23.375753,47.354915,42.663052,45.877078,27.62166,27.62166,,26.87395,,,44.077798,44.077798,15.94267,21.589789,27.62166,50.831763,42.902959,27.47,27.47,19.148387,,,54.483325,49.337801,,54.4062,12.963138,85.87,21.56,61.134741,16.2686,18.049683,38.048046,52.0,21.635218,17.588327,32.9123,,
2011-03-18,,,30.843008,44.606673,38.754008,19.342535,22.995492,28.657765,9.059924,32.691597,10.231501,45.372452,31.104415,59.1238,14.56,45.19188,12.602312,23.810427,48.11404,43.187753,46.495113,27.828204,27.828204,,27.055147,,,46.211347,46.211347,16.38236,23.872598,27.828204,51.327584,43.744479,27.67,27.67,19.43043,,,54.621533,49.281912,,54.7708,13.207819,85.76,22.49,62.275383,16.5712,18.148477,38.065683,53.14,22.146922,18.130607,33.9031,,
2011-03-21,,,31.654712,45.482238,39.435917,19.588871,23.735,28.846015,9.131544,31.932161,10.286049,46.262981,31.503348,59.9613,14.975,45.302599,12.729948,24.203071,48.730355,44.662315,46.435059,27.738419,27.738419,,27.430593,,,47.294318,47.294318,16.962677,24.43167,27.738419,52.411039,44.245888,27.445,27.445,19.704648,,,55.364348,50.264031,,55.39,13.381422,86.94,22.48,63.849295,16.8444,18.296668,39.077823,54.82,22.386733,18.168584,34.4508,,
2011-03-22,,,31.79587,45.178035,39.191064,19.529395,23.547893,28.683477,9.221069,32.260056,10.352299,45.953486,31.325107,60.3508,14.99,45.181546,12.561291,24.525534,48.426686,43.649093,46.323426,27.864137,27.864137,,27.404669,,,47.262015,47.262015,17.200088,25.007247,27.864137,52.126413,43.807155,27.505,27.505,19.924005,,,55.226139,51.094874,,55.0507,13.491916,87.14,22.85,63.416025,17.0689,18.385583,38.954562,55.1,22.378757,18.111522,34.6522,,
2011-03-23,,,31.857592,44.732804,39.062898,19.478442,23.441,28.54656,9.140496,32.536264,10.344497,45.500721,30.756459,61.4123,15.305,45.069745,12.497497,24.707829,48.283783,43.468193,46.05733,27.935909,27.935909,,27.732588,,,47.552925,47.552925,17.208896,25.919808,27.935909,52.365085,43.923567,28.495,28.495,20.065027,,,55.450694,51.498219,,54.4316,13.685271,89.93,22.69,63.601765,17.1957,18.701724,38.981018,55.57,22.226859,18.073545,34.3783,,
2011-03-24,,,31.822348,44.680862,39.290171,19.877639,23.708231,28.683477,9.203164,32.691597,10.324994,45.447863,31.019512,60.9936,15.395,45.190896,12.561291,24.960306,48.551726,44.508504,45.997276,28.088601,28.088601,,27.913875,,,48.126714,48.126714,17.288066,25.686839,28.088601,52.879288,44.111596,28.89,28.89,20.315769,,,55.450694,52.046738,,54.915,13.795765,90.5,23.97,63.495655,17.3714,18.840036,38.857758,54.89,22.266827,18.653801,34.4669,,
2011-03-25,,,31.143037,44.999962,39.430087,20.242928,23.610262,28.709098,9.400118,32.691597,10.402946,45.77236,30.977151,61.0131,16.18,45.302599,12.784642,25.016412,48.551726,45.512729,45.82559,28.070681,28.070681,,28.142509,,,47.779228,47.779228,17.507861,25.963609,28.070681,53.981123,44.415943,29.54,29.54,20.229523,,,55.260714,52.530822,,54.6775,13.890493,89.82,24.44,64.061516,17.4104,19.185815,39.711463,54.46,22.386733,18.853518,34.6844,,
2011-03-28,,,31.187138,44.636369,39.307661,20.166497,23.859739,28.597893,9.328498,32.19971,10.422388,45.402557,31.036565,61.0618,16.24,45.358499,12.6935,25.07242,48.417709,44.553776,46.126041,28.259212,28.259212,,28.060597,,,47.754956,47.754956,17.587031,26.270577,28.259212,53.586304,44.415943,29.175,29.175,20.409755,,,55.571615,52.571104,,54.9405,14.020695,89.52,24.76,64.026208,17.4495,19.007986,39.7291,54.85,22.386733,18.805998,35.0791,,
2011-03-29,,,31.513554,44.732804,39.470895,20.14102,24.046847,28.418274,9.086781,32.40682,10.586032,45.500721,31.061964,62.4544,16.51,45.507502,12.807415,25.128526,48.935732,45.234163,46.246149,28.340792,28.340792,,28.358271,,,48.312593,48.312593,17.929937,26.429547,28.340792,53.3843,43.663921,29.455,29.455,20.34707,,,55.41621,52.643735,,55.2967,14.068081,90.68,24.64,63.495655,17.4885,19.067262,40.776415,56.13,22.482711,18.644259,35.1758,,
2011-03-30,,,31.707669,45.407952,39.680679,20.259973,24.340847,28.461066,9.015161,32.285944,10.652282,46.18747,31.189317,62.2888,16.15,45.395799,12.739048,24.820041,48.846417,46.458935,46.263372,28.531115,28.531115,,28.496352,,,48.732896,48.732896,17.762888,26.251442,28.531115,53.623067,42.437404,30.125,30.125,20.456791,,,56.18491,52.998689,,56.6876,14.194342,91.19,24.49,63.00933,17.2738,19.551353,41.330887,56.07,22.442742,18.74884,35.2161,,
2011-03-31,,,31.769391,45.919923,39.808935,20.17502,24.323001,28.324149,8.952494,32.070266,10.609436,46.708195,31.019512,62.9219,16.14,45.4703,12.688927,24.778011,48.542749,47.012317,46.331993,28.422372,28.422372,,28.630112,,,48.975351,48.975351,17.455114,26.037608,28.422372,53.191486,42.822309,30.115,30.115,20.394105,,,55.632076,52.942189,,58.0361,14.020695,92.62,24.06,63.124268,17.2445,20.035444,41.269356,56.87,22.674578,18.254273,35.0711,,
2011-04-01,,,32.1841,46.639662,40.001229,20.25145,24.563555,28.418274,8.791349,32.372271,10.710731,47.440251,30.883722,63.0777,16.56,45.609953,12.866683,25.100473,48.498138,47.756253,46.349215,28.648911,28.648911,,29.005558,,,49.484443,49.484443,17.305681,25.974582,28.648911,53.558827,42.893926,30.5,30.5,20.354895,,,56.331717,52.37754,,58.3923,14.221976,92.11,24.11,64.052689,17.469,20.252791,41.577308,57.29,22.834452,18.377939,35.7316,,
2011-04-04,,,32.395837,46.535778,40.100336,20.208928,24.625924,28.289988,8.666014,32.570814,10.734073,47.334636,31.011076,64.7917,16.255,45.684455,12.793742,25.282769,48.855395,47.320783,46.546601,28.558277,28.558277,,29.195396,,,49.468292,49.468292,17.604647,26.054112,28.558277,53.494493,42.9119,30.535,30.535,20.323594,,,56.219394,52.369432,,58.1633,14.202225,92.81,23.86,64.662778,17.5959,20.371344,41.55977,57.88,22.890461,18.092533,35.7074,,
2011-04-05,,,32.660439,47.062548,40.071187,20.234496,24.697216,28.418274,9.113639,32.285944,10.70683,47.870463,30.824399,64.519,16.215,45.731006,12.766395,25.282769,49.409144,47.574792,46.306294,28.540169,28.540169,,29.113394,,,50.211808,50.211808,17.815635,26.311657,28.540169,53.687307,42.71493,30.505,30.505,20.456791,,,56.642619,52.877668,,58.3075,14.237742,92.99,24.04,64.636297,17.5959,20.351585,41.524596,58.28,23.186281,17.97841,36.1182,,
2011-04-06,,,32.254679,46.884475,40.042038,20.293881,24.581401,28.74335,9.238974,32.424049,10.812025,47.689337,30.951662,63.1945,16.4,45.917308,12.739048,25.507193,49.721698,47.266326,46.57239,28.775855,28.775855,,29.182434,,,49.613747,49.613747,17.639779,26.193858,28.775855,54.192319,42.571697,30.97,30.97,20.589987,,,56.789516,53.087362,,58.8078,14.146999,93.09,23.35,64.9104,17.752,20.134238,41.88536,58.47,23.52207,18.358854,36.827,,
2011-04-07,,,32.175243,46.943865,39.95468,20.200497,24.563555,28.82103,9.328498,32.493147,10.718532,47.749745,30.780601,63.3017,16.04,45.852156,12.688927,25.703466,49.685972,46.858131,46.374914,28.803017,28.803017,,29.100432,,,49.35514,49.35514,17.42879,26.169191,28.803017,54.036267,42.598705,31.02,31.02,20.448966,,,56.936323,52.982559,,58.5195,14.13119,92.53,23.37,64.61855,17.8886,21.527235,41.832548,58.35,23.434157,18.368396,36.42,,
2011-04-08,,,31.116559,46.891923,39.727318,20.090067,24.492263,28.708826,9.238974,32.329154,10.776981,47.696888,30.968804,63.0485,15.68,45.842807,12.638806,25.731519,49.757423,47.057683,46.297727,28.703329,28.703329,,29.027161,,,49.686474,49.686474,17.419983,26.377494,28.703329,54.173937,42.292494,30.99,30.99,20.558602,,,56.772229,53.103493,,57.824,14.09173,91.5,23.4,64.609723,17.9082,21.270371,41.172452,58.68,23.066376,18.368396,35.9316,,
2011-04-11,,,31.381253,47.196127,39.500045,20.242928,24.608078,28.760612,9.194211,32.924597,10.97957,48.006283,31.21678,63.3796,15.625,46.271214,12.579538,25.871784,50.105796,46.141377,46.958594,29.029556,29.029556,,29.083239,,,49.799626,49.799626,17.244126,26.503546,29.029556,54.495326,42.886848,31.13,31.13,20.777959,,,57.039957,53.910184,,57.9937,14.233801,90.76,23.34,64.574415,18.0058,21.260491,41.322168,58.49,23.026407,18.24473,35.8746,,
2011-04-12,,,31.354774,46.743546,40.525823,20.06459,24.608078,29.105767,9.024114,33.373367,10.991272,47.545966,31.293785,65.0887,15.39,46.336464,12.588638,25.773549,50.284424,47.701796,46.907106,29.129338,29.129338,,28.867477,,,49.832019,49.832019,17.076978,26.700876,29.129338,54.532088,42.769784,30.925,30.925,20.918981,,,57.497756,53.272905,,58.2735,14.202225,90.33,23.29,65.281787,17.9374,21.339526,41.040473,58.28,22.794483,18.549124,35.6141,,
2011-04-13,,,31.001879,46.84743,40.450035,20.047545,24.804109,29.071243,8.862969,33.269812,11.053622,47.651581,31.293785,65.0546,15.25,46.140911,12.944151,25.745496,50.480916,46.7674,47.113058,29.364931,29.364931,,29.031392,,,50.025929,50.025929,16.927545,27.018727,29.364931,54.734093,42.841866,31.04,31.04,20.903331,,,57.394122,53.329404,,58.3923,14.233801,89.7,23.24,65.723884,17.9179,21.359285,41.119641,58.37,22.70657,18.492062,34.5966,,
2011-04-14,,,30.913587,46.906722,40.759015,20.523264,24.90217,29.157554,8.836111,33.364799,11.3263,47.71199,31.687154,63.9542,16.17,46.764871,12.935051,25.759572,50.686292,46.640396,47.422075,29.863466,29.863466,,29.475878,,,50.316839,50.316839,16.839567,27.509332,29.863466,55.321726,42.994971,31.3,31.3,21.067912,,,57.609988,53.393926,,58.7061,14.375871,90.72,23.24,65.80342,17.9277,21.576632,41.603764,59.0,22.898437,18.453989,35.0036,,
2011-04-15,,,30.728329,46.973561,41.312668,20.973505,25.098109,29.20071,8.862969,33.062701,11.532852,47.77985,31.943745,63.9152,16.635,47.239928,13.026192,25.983898,51.177567,47.438696,47.525051,30.235057,30.235057,,29.346439,,,50.971476,50.971476,16.78682,27.111951,30.235057,55.936931,43.238133,31.64,31.64,21.154073,,,57.964153,53.69238,,59.41,14.411389,90.86,23.34,65.829994,18.0838,21.764341,42.123061,59.2,23.170329,18.67279,35.1257,,
2011-04-18,,,30.393147,46.461589,40.694888,20.701692,24.501186,28.700194,8.827159,33.261244,11.353605,47.259125,31.798352,62.4836,16.58,46.913874,12.89403,25.745496,50.498779,46.413569,47.353455,30.108113,30.108113,,29.044354,,,50.050201,50.050201,16.435107,26.810424,30.108113,55.340107,42.481641,31.385,31.385,20.801519,,,57.998728,53.04708,,58.6891,14.170649,90.73,23.01,65.16685,17.9179,21.803859,42.034976,58.43,22.87442,18.530135,34.4582,,
2011-04-19,,,30.843008,46.409647,41.132034,20.786645,24.830878,28.760612,9.185259,33.502903,11.306858,47.206367,32.114807,63.9152,16.635,46.876672,12.96155,26.110087,50.471938,47.71998,47.379154,30.271273,30.271273,,28.940838,,,50.13096,50.13096,16.540601,27.139338,30.271273,56.460324,42.517589,31.7,31.7,20.668323,,,57.705024,53.345535,,58.6213,14.154882,92.8,23.17,64.768889,18.1717,22.327468,42.369483,58.31,22.754515,18.301792,34.0593,,
2011-04-20,,,31.592989,46.78804,41.674027,20.69317,25.222848,28.760612,9.077829,33.546021,11.466602,47.591173,32.508265,63.6425,16.86,47.249179,13.030247,26.432648,50.534504,48.663467,47.71387,30.416232,30.416232,,29.277398,,,50.648263,50.648263,17.226511,27.177697,30.416232,56.34094,43.409212,31.905,31.905,20.488091,,,58.154134,53.627859,,58.8502,14.320602,92.69,23.42,65.617773,18.3961,22.129879,41.920633,58.82,23.042359,18.435,34.5477,,
2011-04-21,,,31.804726,47.248069,41.755645,20.489264,25.490171,28.380933,9.113639,33.718582,11.427657,48.05914,32.422735,63.9249,16.72,47.100176,13.025674,26.334511,50.686292,49.053572,47.533708,30.253165,30.253165,,29.29036,,,50.62399,50.62399,17.217703,27.18867,30.253165,55.845119,43.157017,32.645,32.645,20.41758,,,58.223283,54.539441,,58.723,14.316661,91.97,23.31,65.069566,18.3278,21.961929,42.272678,58.87,22.978374,18.539581,34.5803,,
2011-04-25,,,31.487075,47.069996,41.843092,20.429788,25.436725,28.277359,9.176306,33.442465,11.412054,47.878014,32.679237,64.1781,16.375,46.913874,12.970744,26.110087,50.579115,48.808655,47.499352,29.972209,29.972209,,29.229961,,,50.470415,50.470415,17.200088,27.295497,29.972209,56.26751,43.175084,32.3,32.3,20.433231,,,57.895004,54.531332,,57.9597,14.281143,92.44,23.33,64.521359,18.1717,21.902653,42.237503,58.16,22.914477,18.301792,34.3279,,
2011-04-26,,,32.069329,47.604214,42.54832,20.608217,25.196171,28.553556,9.453833,33.33891,11.688695,48.421393,32.918776,63.8081,16.655,47.509983,13.167596,26.58689,51.150727,49.180576,47.859858,30.262219,30.262219,,28.880439,,,51.892841,51.892841,17.437499,28.427334,30.262219,56.588898,43.499268,32.89,32.89,20.597812,,,58.473724,54.523311,,59.1301,14.371929,93.28,23.78,65.723884,18.5035,22.28795,42.915137,59.26,23.186281,18.587197,34.9873,,
2011-04-27,,,32.034085,48.22742,42.55998,20.874046,25.401032,28.66567,9.480691,34.573006,11.840636,49.055284,32.95297,62.3278,16.705,47.714886,13.282077,27.03564,51.490121,49.37113,48.357604,30.42538,30.42538,,28.910594,,,52.224175,52.224175,17.543092,28.56717,30.42538,56.919383,43.877561,33.05,33.05,20.85638,,,58.672393,54.466811,,59.427,14.5574,94.86,23.84,66.298572,18.8158,22.515176,43.469609,59.61,23.290235,18.739394,35.1013,,
2011-04-28,,,32.060564,48.153231,41.930539,20.874046,25.347586,28.795137,9.588121,34.193241,11.758783,48.979873,32.927302,63.6912,16.685,47.770786,13.391937,26.867322,51.391922,49.688687,48.786821,30.452542,30.452542,,29.08756,,,50.163353,50.163353,17.507861,28.720609,30.452542,59.820974,44.093715,33.14,33.14,20.879855,,,60.218483,55.684869,,60.5719,14.565284,94.8,23.7,66.298572,18.6987,22.159518,43.346448,59.8,23.46615,18.805998,35.2885,,
2011-04-29,,,32.660439,48.28681,41.883901,20.968428,25.311986,28.984931,10.017841,33.830798,11.906887,49.115693,32.995691,65.2104,17.005,47.714886,13.465208,26.923428,51.54371,49.988062,49.155892,30.434434,30.434434,,29.109073,,,49.387443,49.387443,17.367236,29.186457,30.434434,61.40944,44.237786,33.075,33.075,21.028702,,,59.501554,56.015671,,65.9828,14.644202,94.26,23.56,66.378201,18.7377,22.12,42.906318,60.67,23.697985,18.929568,35.3129,,
2011-05-02,,,32.642817,47.878723,41.312668,21.165624,25.739648,29.166185,9.946221,33.994791,11.87178,48.700583,33.295093,64.6553,16.52,47.780136,13.456061,27.063693,51.436533,50.931549,49.155892,30.624756,30.624756,,29.22132,,,48.247986,48.247986,17.200088,29.39748,30.624756,60.307605,44.201745,32.555,32.555,20.981666,,,59.864318,55.910781,,71.75,14.703412,92.24,23.45,66.51962,18.8353,22.337347,42.598267,60.34,23.394189,18.948653,34.8326,,
2011-05-03,,,30.446013,47.863924,41.464244,21.225735,25.427802,29.12303,10.008888,34.279568,12.00038,48.685481,33.594405,62.396,16.63,48.022241,13.456061,27.021565,51.079275,50.133156,49.30179,30.697283,30.697283,,29.29036,,,48.547017,48.547017,17.015424,29.479731,30.697283,60.693233,44.318809,31.73,31.73,21.154073,,,60.10616,56.104345,,70.6729,14.734945,92.24,22.94,66.41351,18.806,22.564573,40.063507,59.28,23.346156,18.815444,34.6698,,
2011-05-04,,,30.631271,47.967808,41.2602,21.877434,25.169401,29.045349,9.946221,33.839458,11.712037,48.791196,33.19242,73.985,17.45,47.96634,13.34158,26.839269,50.650567,48.854021,48.71811,30.688134,30.688134,,29.109073,,,48.409593,48.409593,17.147341,29.219375,30.688134,60.674851,44.174737,31.37,31.37,21.044352,,,60.313428,55.943041,,74.1162,14.715237,90.71,22.23,66.333973,18.6791,22.337347,39.579483,58.89,23.218274,18.425458,34.1082,,
2011-05-05,,,30.066639,47.11449,40.95131,21.500087,24.447739,28.846924,10.035745,33.899896,11.751044,47.92332,32.850298,71.7354,17.23,47.640385,13.213379,27.03564,50.257584,48.60901,48.537857,30.262219,30.262219,,28.781154,,,48.595472,48.595472,16.971484,29.389319,30.262219,60.619802,43.976651,30.97,30.97,20.903331,,,59.449692,55.168611,,76.4994,14.652085,81.51,22.1,65.334843,18.8158,22.040965,39.174627,56.7,23.098368,18.282804,34.4907,,
2011-05-06,,,29.969673,47.351953,41.009608,21.585856,24.599247,29.010825,9.820886,33.899896,11.723739,48.164756,33.072695,73.8974,17.04,47.668335,13.272882,27.03564,50.07007,48.572737,48.709544,30.887605,30.887605,,28.867477,,,48.837927,48.837927,17.015424,29.767474,30.887605,60.968668,43.922542,32.37,32.37,21.122688,,,59.829743,55.338023,,76.6181,14.782331,81.76,21.9,65.467434,18.8158,22.070603,39.623477,56.81,23.018343,17.968867,34.45,,
2011-05-09,,,30.093118,46.987281,41.079566,21.654489,24.919924,28.829662,9.829838,33.986131,11.712037,47.936571,33.10689,74.5012,16.94,47.742836,13.309518,26.628921,49.882463,49.960786,48.417749,30.851295,30.851295,,28.88908,,,49.096533,49.096533,16.874798,29.879833,30.851295,60.353463,44.183771,32.765,32.765,21.263794,,,60.304829,55.087959,,76.4146,14.813907,82.21,21.3,66.015641,18.5328,22.060723,40.292391,57.11,23.282259,16.884501,34.6698,,
2011-05-10,,,29.475621,47.396544,41.435095,21.680238,25.58814,29.131661,10.957852,34.21913,11.786088,48.354117,33.354955,73.7708,17.55,48.078141,13.378216,26.54486,50.588093,49.951788,48.915585,31.014455,31.014455,,29.057315,,,49.468292,49.468292,17.103401,29.945579,31.014455,61.023812,44.56197,32.74,32.74,21.28727,,,60.486211,55.079851,,76.2619,14.983568,84.62,20.88,66.661132,18.4742,22.495417,40.661973,57.41,23.602008,17.074675,35.2559,,
2011-05-11,,,28.743352,47.910084,41.283519,21.637354,25.703956,29.05398,10.895185,35.168541,11.805592,48.877991,33.183894,73.0404,17.2,47.99429,13.277456,26.488754,50.221858,49.21685,48.632267,31.059725,31.059725,,29.048674,,,49.710747,49.710747,17.630971,29.877112,31.059725,60.932,44.390891,32.52,32.52,21.201109,,,60.633018,54.991177,,76.7453,14.944109,83.75,20.3,66.46545,18.4352,22.129879,39.975521,57.28,23.35422,17.131737,34.5884,,
2011-05-12,,,28.49628,47.999365,42.449213,21.886047,25.659433,29.632176,10.993662,35.746755,12.06663,48.969074,33.791134,74.4428,17.295,48.879153,13.643766,26.54486,51.41867,49.534408,49.353278,31.494789,31.494789,,29.475878,,,50.551263,50.551263,18.171702,30.389572,31.494789,62.180696,45.264447,33.38,33.38,21.428291,,,61.289486,55.023438,,76.6181,15.133522,85.02,20.91,67.479354,18.4742,22.693006,40.345202,58.07,23.729978,17.921348,35.4513,,
2011-05-13,,,28.408079,47.709176,42.012157,21.886047,25.802017,30.365642,12.005294,36.057421,12.023722,48.673005,33.970722,73.5857,16.945,48.897754,13.66206,27.007587,51.213293,49.117121,49.404766,31.621733,31.621733,,29.419799,,,49.702626,49.702626,18.109653,30.559516,31.621733,62.71328,44.751117,33.25,33.25,21.396906,,,60.943919,55.10409,,76.5418,15.267709,84.15,20.55,67.09691,18.7963,22.436141,40.503637,57.56,23.658017,17.6264,35.1338,,
2011-05-16,,,28.240443,47.575205,41.924709,21.843163,25.508017,30.34838,11.772529,36.126519,12.14062,48.536382,33.876665,72.0957,16.64,48.860553,13.547627,27.077671,50.963213,48.745106,49.147326,31.304466,31.304466,,29.268757,,,49.573322,49.573322,17.763977,30.603316,31.304466,61.666494,45.039353,33.37,33.37,21.538012,,,61.082128,55.20898,,76.1432,15.27165,83.13,20.37,66.901228,18.8451,22.258312,40.494819,58.02,23.474126,17.607412,34.8245,,
2011-05-17,,,28.205017,47.738871,42.192791,21.611605,25.623832,30.287962,12.023199,36.437185,12.128979,48.7034,34.098973,72.3392,16.615,49.25166,13.652913,27.245988,50.981076,48.15545,49.164459,31.567315,31.567315,,29.337797,,,49.387443,49.387443,18.446521,30.710234,31.567315,61.767496,45.084335,33.535,33.535,21.671124,,,61.419006,55.329914,,75.9057,15.259783,82.68,20.29,68.226495,18.9622,22.505297,40.706065,59.07,23.35422,17.654931,34.8978,,
2011-05-18,,,28.160642,47.776113,42.286068,21.740258,26.015802,30.443231,12.121677,35.936637,12.109476,48.741367,34.116115,74.5109,16.78,49.735967,13.776541,27.428284,49.552047,48.854021,49.061483,31.612585,31.612585,,29.471557,,,49.282413,49.282413,18.393279,30.940392,31.612585,61.95112,45.318462,34.055,34.055,21.835705,,,61.557214,55.886542,,76.7623,15.283475,83.01,20.52,67.879638,19.089,22.436141,40.723603,59.04,23.314163,17.521819,35.4757,,
2011-05-19,,,27.92124,48.289554,42.530831,21.937545,26.372172,30.495018,12.193296,36.488963,12.460106,49.265242,34.167451,75.0076,16.9025,50.155123,13.854386,27.568451,49.203675,48.835837,49.190248,31.712367,31.712367,,29.540597,,,49.953201,49.953201,18.730148,31.836539,31.712367,62.30008,45.480601,34.47,34.47,21.921866,,,61.997726,57.015926,,76.3382,15.595207,82.61,20.62,68.68894,19.1866,22.080482,40.838045,58.96,23.434157,17.654931,35.8013,,
2011-05-20,,,27.717355,47.537964,42.315217,21.886047,26.256356,30.408798,11.951579,36.33363,12.425062,48.498414,33.970722,74.6667,16.76,50.192423,13.771968,27.48439,50.141521,49.461861,49.04426,31.929852,31.929852,,29.471557,,,49.444019,49.444019,18.72134,31.891404,31.929852,61.795068,45.309522,34.78,34.78,21.733809,,,61.617675,56.620602,,74.854,15.500522,81.16,20.51,69.204812,19.1281,21.586512,40.926031,58.02,23.258242,17.845201,35.7118,,
2011-05-23,,,27.460148,46.726787,41.773134,21.757394,25.953433,30.158495,12.067962,36.160976,12.514654,47.670897,34.004916,76.1373,16.85,49.689416,13.7582,27.512345,49.55288,49.625138,48.743899,31.703219,31.703219,,29.122035,,,49.104654,49.104654,18.473142,31.855765,31.703219,60.876856,44.913255,34.635,34.635,21.820055,,,61.358545,55.741369,,74.413,15.461063,80.35,20.23,68.404337,19.1476,21.537115,40.556449,58.19,22.898437,17.731078,34.7594,,
2011-05-24,,,27.451292,46.667299,41.825602,21.697374,25.971279,30.374273,12.085867,36.169637,12.654956,47.610109,33.833855,77.6663,16.65,49.754667,13.744479,27.330147,49.292249,50.423532,48.477803,31.603531,31.603531,,29.109073,,,48.571199,48.571199,18.792197,31.20628,31.603531,60.812616,45.16545,34.82,34.82,21.874831,,,61.306683,56.354408,,74.4554,15.449238,80.01,20.15,68.813541,19.0207,21.458079,40.503637,57.88,22.778531,17.645485,35.2234,,
2011-05-25,,,27.513379,47.084011,41.545861,21.225735,25.561463,29.882389,11.835197,35.763984,12.674398,48.035327,33.508874,79.1952,16.915,49.726716,13.089751,27.147852,48.609295,50.096882,48.246062,31.204778,31.204778,,28.871798,,,48.361138,48.361138,18.916297,31.20628,31.204778,60.922809,44.525929,35.36,35.36,21.867006,,,60.848975,56.055954,,73.9635,15.622841,80.49,19.99,67.879638,18.8938,21.586512,40.415552,58.69,22.842516,17.407599,35.2397,,
2011-05-26,,,27.788208,47.537964,41.761475,21.380047,25.55254,29.81334,12.085867,35.867539,12.756251,48.498414,33.466154,80.8216,17.21,50.127173,13.254588,27.231913,49.02264,50.804545,48.735333,31.376992,31.376992,,28.781154,,,48.837927,48.837927,18.916297,31.504996,31.376992,62.033835,44.66106,35.41,35.41,21.75737,,,60.822998,56.709363,,74.218,15.524215,81.77,20.53,68.769034,18.9524,21.240732,40.42437,59.4,22.946381,17.588327,35.2559,,
2011-05-27,,,28.559646,47.567757,42.082025,21.474429,25.490171,29.89102,12.148534,35.436089,12.787395,48.528808,33.602931,80.3834,17.985,50.928185,13.291224,27.422419,49.445055,51.348836,48.79151,31.494789,31.494789,,28.699152,,,49.06423,49.06423,19.040396,31.865286,31.494789,62.77752,44.850207,35.445,35.445,21.890566,,,60.805801,56.886796,,74.6335,15.583382,83.36,20.67,69.605096,19.0849,21.418562,41.040473,59.86,23.018343,17.674209,34.7187,,
2011-05-31,,,28.736961,48.170578,42.245259,21.808891,25.739648,29.985962,12.426061,35.556873,12.986145,49.143765,34.013442,80.2178,17.88,51.151689,13.428572,27.577541,50.08312,51.466842,49.266984,31.694165,31.694165,,28.828591,,,49.007654,49.007654,18.845439,31.953976,31.694165,62.245031,45.201398,35.825,35.825,21.984552,,,61.427604,57.87903,,74.5827,15.697818,83.81,20.95,70.512239,19.1929,21.695185,41.05811,60.93,23.458085,18.131763,34.3279,,
2011-06-01,,,27.584323,47.74632,41.854752,21.688761,25.882141,29.718397,12.023199,35.332442,12.884788,48.710973,33.543069,77.8221,17.74,50.034071,13.410231,27.182552,49.651727,50.822635,48.800166,31.476681,31.476681,,28.807078,,,47.181167,47.181167,18.72134,31.942913,31.476681,61.48287,44.742083,36.13,36.13,21.874831,,,61.153631,57.330511,,74.2858,15.583382,82.49,20.65,70.565666,18.918,21.418562,40.556449,60.21,23.042359,18.017351,33.6116,,
2011-06-02,,,27.211889,47.523067,41.312668,21.38866,25.508017,29.43366,11.826244,35.177109,12.475709,48.483267,32.884582,77.452,17.355,49.968821,13.222526,26.759411,49.33723,50.804545,47.970228,31.195724,31.195724,,28.479069,,,46.92256,46.92256,18.508571,30.8342,31.195724,61.740019,44.129663,36.175,36.175,21.592788,,,60.474988,56.394778,,73.8109,15.386086,83.18,19.86,70.218716,18.6235,20.983868,39.315624,58.59,22.794483,17.26427,32.6429,,
2011-06-03,,,26.945917,47.084011,40.683228,20.985564,25.303063,29.062612,12.005294,34.780116,12.315966,48.035327,32.448313,77.228,17.0,49.549763,12.979891,26.434896,48.986729,49.788416,47.477441,30.905713,30.905713,,28.276269,,,45.993165,45.993165,18.455329,29.861243,30.905713,61.06048,43.400178,36.38,36.38,21.624173,,,60.005151,55.652608,,73.4547,15.232191,82.0,20.2,69.533922,18.3977,20.628209,39.164917,57.54,22.490687,16.930574,31.4707,,
2011-06-06,,,26.830598,46.697092,40.812022,20.891272,24.946694,29.045349,11.826244,34.581666,12.432863,47.640503,32.337204,76.0691,16.67,49.270359,13.0211,26.449069,48.690187,48.672559,47.512067,30.869403,30.869403,,28.228832,,,45.936589,45.936589,18.543999,27.690883,30.869403,60.215793,43.688414,36.055,36.055,21.349955,,,59.935549,55.112111,,73.09,15.165098,82.09,19.62,68.769034,18.4075,20.61833,39.031947,57.42,22.498663,16.711291,31.3893,,
2011-06-07,,,26.715371,46.883103,40.911577,20.865523,25.303063,29.105767,11.844149,34.667993,12.409459,47.830342,32.371398,74.472,16.79,49.419361,13.002759,26.449069,48.672139,49.706777,47.831905,30.851295,30.851295,,28.133868,,,46.276044,46.276044,18.774483,26.942461,30.851295,60.142268,43.84152,35.85,35.85,21.232409,,,59.970395,54.700744,,73.1663,15.078296,83.35,19.41,69.204812,18.4075,20.964109,39.156099,57.55,22.570624,16.615964,30.8194,,
2011-06-08,,,26.378455,46.689644,41.192664,20.874046,24.936115,29.062612,11.45024,34.296889,12.501714,47.632929,32.439787,73.985,16.325,49.493863,13.208805,26.364421,49.076598,49.144303,47.961571,30.869403,30.869403,,28.220191,,,46.576789,46.576789,18.641477,27.566191,30.869403,60.11479,43.94061,36.38,36.38,21.381256,,,59.892104,54.886287,,72.9797,15.126281,83.73,19.39,67.941892,18.3486,20.914712,39.430858,57.33,22.59464,16.797173,30.6892,,
2011-06-09,,,26.679945,47.642142,42.012426,21.054197,25.177773,29.373242,11.45024,34.443561,12.584062,48.604743,32.550986,74.1701,16.235,49.885068,13.190511,26.63244,48.977751,50.359983,48.229561,31.014455,31.014455,,28.431632,,,46.690572,46.690572,18.809912,28.178767,31.014455,59.674018,44.057673,36.56,36.56,21.514452,,,60.474988,54.950808,,73.531,15.254341,83.94,19.3,69.489415,18.5352,21.013506,39.652409,57.44,22.530655,16.654133,30.7299,,
2011-06-10,,,26.192283,46.964936,41.210153,20.73687,25.052482,29.088505,11.208522,34.788776,12.391813,47.913851,32.123333,72.1055,15.65,49.214458,13.002759,26.166877,48.456489,49.588865,47.451562,30.624756,30.624756,,28.21587,,,46.739298,46.739298,18.614956,27.677008,30.624756,58.663995,43.454287,35.795,35.795,21.161898,,,59.761589,54.329659,,72.9034,15.018272,82.94,19.02,68.493351,18.2112,20.746762,39.191571,55.84,22.18689,16.320438,30.1194,,
2011-06-13,,,26.422738,46.734236,41.028712,20.848388,25.195619,29.269759,11.23538,35.185769,12.482087,47.678471,32.576654,73.9948,15.51,49.670816,13.071457,26.364421,49.15749,48.93566,47.901066,30.923821,30.923821,,28.302823,,,47.121343,47.121343,18.765577,28.153829,30.923821,59.775021,43.931576,35.94,35.94,21.400308,,,60.083442,54.474832,,72.8355,15.030268,82.48,19.36,68.38659,18.3486,20.914712,39.226944,56.23,22.322748,16.806619,30.0705,,
2011-06-14,,,26.85726,47.344504,41.450252,20.925544,25.723734,29.381873,11.423382,35.487867,12.580162,48.301002,32.739189,77.715,15.795,50.024721,13.240867,26.970932,49.534924,50.722906,47.512067,31.050671,31.050671,,28.515795,,,47.535961,47.535961,18.871961,31.485589,31.050671,60.17903,44.444906,36.49,36.49,21.74997,,,60.527212,55.588087,,72.9458,15.346413,84.31,20.57,69.213732,18.7708,21.319768,39.643492,57.32,22.546696,17.254728,30.6973,,
2011-06-15,,,26.22771,46.198449,41.479581,20.608217,24.953961,29.131661,11.118997,35.142652,12.403577,47.131776,32.268726,77.7734,15.4,49.382062,13.039395,26.463144,49.175446,49.606955,46.958774,30.833187,30.833187,,28.237653,,,47.137675,47.137675,19.013775,30.415599,30.833187,59.754934,44.093715,36.1,36.1,21.145993,,,59.57885,54.458702,,73.2257,14.990252,83.92,20.39,67.968559,18.4174,20.806038,39.129445,57.0,22.210818,16.768546,30.1764,,
2011-06-16,,,26.174479,46.354765,42.076823,21.157102,25.258264,29.399135,11.190617,35.386154,12.493851,47.29122,32.397066,78.1727,15.56,49.708116,13.231673,26.81581,50.217878,48.191724,47.321895,31.086982,31.086982,,28.463587,,,48.161814,48.161814,19.075824,30.44888,31.086982,59.718077,44.55303,35.37,35.37,21.400308,,,59.935549,54.466811,,73.0137,15.002248,84.68,21.7,67.675036,18.6628,20.855435,39.156099,57.71,22.530655,17.235643,30.4613,,
2011-06-17,,,26.750798,47.232878,42.720883,21.139966,25.607366,29.485447,11.315952,35.264357,12.60369,48.187099,32.456929,78.1142,15.675,50.071272,13.259162,26.844059,50.020183,48.527371,47.477441,31.250142,31.250142,,28.520116,,,47.86919,47.86919,19.031588,30.861859,31.250142,59.884077,44.805132,36.155,36.155,21.51947,,,59.787656,55.241241,,73.1069,15.210341,84.84,21.73,68.520018,18.6824,20.875194,39.563729,58.54,22.538631,17.330971,30.331,,
2011-06-20,,,26.9902,47.590102,43.037038,21.320026,25.750595,29.537234,11.226427,35.57751,12.642944,48.551529,32.781909,77.8903,15.95,50.369376,13.337007,27.069753,50.52349,48.427642,47.762743,31.540153,31.540153,,28.611389,,,48.527617,48.527617,19.20883,30.795387,31.540153,60.16984,45.309522,36.915,36.915,21.710249,,,60.01384,55.725238,,74.0992,15.306397,86.16,21.94,69.267066,18.8395,20.94435,39.616937,58.78,22.746539,17.426299,30.5834,,
2011-06-21,,,27.105519,47.783561,43.394271,21.380047,26.090682,29.528603,11.423382,35.499291,12.744982,48.748941,32.790435,80.6853,16.365,50.378627,13.506418,26.956857,50.532468,49.552591,47.538036,31.549207,31.549207,,28.798257,,,48.942146,48.942146,19.793896,31.014391,31.549207,60.308078,45.588725,37.485,37.485,21.702254,,,59.970395,55.407689,,74.1501,15.274349,87.94,22.57,69.756271,18.761,21.359285,39.803016,59.8,22.987059,17.559796,30.7462,,
2011-06-22,,,26.866116,47.32216,43.136593,21.800278,26.10862,29.321455,11.253285,35.177385,12.674336,48.278281,32.439787,81.591,16.32,50.181302,13.469782,26.646515,50.280815,49.144303,47.26139,31.413208,31.413208,,28.859106,,,49.047898,49.047898,19.306308,30.493225,31.413208,59.994649,45.417552,37.405,37.405,21.598997,,,59.83988,54.267754,,74.1756,15.090292,87.3,22.4,69.053637,18.545,21.270371,40.077775,58.5,22.954978,17.435841,30.6648,,
2011-06-23,,,26.165622,47.471027,43.124934,21.757394,25.64315,28.570727,10.939947,34.829498,12.572298,48.430052,31.806878,82.672,16.16,49.392002,13.346154,26.561867,50.074142,49.053572,46.785916,31.050671,31.050671,,28.241974,,,48.511375,48.511375,18.685813,30.337973,31.050671,60.123697,44.985245,37.505,37.505,21.336687,,,59.143859,53.876964,,74.0568,14.906192,87.88,21.78,67.799544,18.4861,20.806038,39.953723,54.1,22.938937,17.864865,30.4206,,
2011-06-24,,,25.979451,46.518431,43.136593,21.611605,25.365708,29.252497,10.742992,34.698949,12.764609,47.458238,31.516092,81.2501,16.005,49.814799,13.337007,26.23745,50.271837,48.59092,47.339208,31.358884,31.358884,,28.220281,,,48.706458,48.706458,18.623763,30.62626,31.358884,60.26203,45.030319,39.025,39.025,21.289056,,,59.552783,53.005752,,73.3614,14.830187,88.79,21.87,66.616625,18.2603,20.568932,39.253597,54.18,22.834718,18.017351,30.4206,,
2011-06-27,,,26.263136,46.659851,43.277137,21.774529,25.687949,29.35598,10.778802,35.273109,12.796001,47.602535,31.858215,82.7207,16.03,49.927584,13.410231,26.547792,50.51442,48.781474,47.391056,31.26825,31.26825,,28.341979,,,49.226649,49.226649,18.818818,30.820325,31.26825,60.713698,45.381511,39.555,39.555,21.27315,,,60.074753,53.673373,,73.4547,14.894196,89.83,21.84,67.132497,18.4763,20.529415,39.24468,54.9,23.083303,18.065063,30.2822,,
2011-06-28,,,26.245423,47.098907,43.124934,22.057585,26.001176,29.114398,10.895185,35.473126,12.984349,48.050475,31.82402,86.3727,16.415,49.927584,13.501844,26.590116,50.793007,50.155464,47.693582,31.560713,31.560713,,28.698342,,,49.559968,49.559968,18.898582,30.249283,31.560713,61.174652,45.732796,40.12,40.12,20.947304,,,60.570657,53.648959,,73.6328,14.878215,90.49,21.99,67.559448,18.5057,20.549174,39.359914,55.0,23.379921,18.265261,30.5589,,
2011-06-29,,,26.874973,47.069114,43.171752,22.048972,26.198126,29.925544,10.922042,36.021213,13.037288,48.02008,31.969413,86.3629,16.505,49.889989,13.611704,26.688839,51.2244,51.229142,47.710895,31.834879,31.834879,,28.993856,,,49.600573,49.600573,18.987253,30.246562,31.834879,61.764654,45.930883,40.02,40.02,20.740705,,,60.866443,53.876964,,73.4123,14.850195,89.55,22.0,67.852971,18.5744,20.717124,39.678963,54.36,23.460124,18.436832,30.4531,,
2011-06-30,,,26.733084,47.456131,43.733835,22.134741,26.117543,29.81334,10.98471,36.473485,12.972585,48.414905,31.832547,86.9278,16.68,50.068517,13.64834,26.787562,51.089641,50.301026,47.823248,32.200528,32.200528,,29.245984,,,49.438064,49.438064,19.173401,30.177279,32.200528,62.271655,44.643086,40.475,40.475,20.98711,,,61.275367,54.365495,,73.4292,14.82616,89.6,21.87,67.986306,18.6432,20.568932,39.652409,54.61,23.460124,18.513075,30.6648,,
2011-07-01,,,27.336064,48.192824,44.500949,22.211897,26.681442,29.899651,11.074235,36.664933,13.09617,49.166486,31.943745,87.9893,16.875,50.406873,13.767394,27.253124,51.592856,51.174591,47.89241,32.419899,32.419899,,29.593615,,,50.055796,50.055796,19.199923,30.59579,32.419899,63.645231,44.922196,41.815,41.815,21.082457,,,61.084029,54.34919,,73.7854,14.990252,90.21,22.57,68.359923,18.9671,21.546994,40.166455,55.02,23.652522,18.617945,31.0311,,
2011-07-05,,,27.495666,48.185376,44.559517,22.074721,26.636643,29.727028,11.083187,37.178103,13.166816,49.158912,31.7813,89.567,17.155,50.2001,13.762773,27.168476,51.601834,51.993511,47.667703,32.556935,32.556935,,29.684889,,,50.112733,50.112733,19.270879,30.202217,32.556935,64.465662,44.688068,41.095,41.095,21.138083,,,60.701172,54.707458,,73.8702,15.094277,90.37,22.5,68.0664,18.9082,21.546994,39.935987,53.77,23.652522,18.341504,30.7787,,
2011-07-06,,,27.26512,47.999365,44.793696,22.289143,26.33234,29.847864,11.074235,37.239002,13.278636,48.969074,31.901025,91.0083,17.0,50.66994,13.868107,27.408246,51.889398,51.820579,47.978884,32.767158,32.767158,,29.784894,,,50.819885,50.819885,19.341835,30.44616,32.767158,63.63604,44.706135,41.495,41.495,21.312871,,,61.049182,55.562365,,73.7176,15.218353,90.53,22.43,67.861798,19.0751,21.369165,39.882779,53.5,23.748766,18.341504,31.1044,,
2011-07-07,,,26.999148,48.364037,44.799526,22.512088,26.162342,29.656434,11.12795,36.229982,13.484631,49.341177,31.913949,92.6542,17.0,50.688738,13.666634,27.760912,52.212966,52.048062,48.177712,32.840344,32.840344,,29.880488,,,51.510796,51.510796,19.324022,30.720572,32.840344,63.608373,45.231386,40.875,40.875,21.455934,,,61.353658,56.295206,,74.43,15.258369,90.5,22.61,68.555605,19.3206,21.497597,39.927168,53.69,23.893042,18.141306,31.3352,,
2011-07-08,,,27.522236,48.103543,44.27843,22.563586,25.947453,29.734751,10.823565,36.464824,13.302164,49.075403,31.741452,93.6865,16.82,50.247143,13.698696,27.676264,51.925401,51.802396,47.693582,32.63927,32.63927,,29.850063,,,51.649032,51.649032,19.235451,30.751042,32.63927,63.746612,44.47061,40.5,40.5,21.368497,,,60.840376,56.515014,,74.2604,15.230349,90.39,22.32,67.817384,19.2616,21.122179,39.483967,53.64,23.548303,17.778983,31.4176,,
2011-07-11,,,27.052288,47.403993,43.499656,22.426319,25.490999,29.708676,10.66242,35.890664,13.308046,48.36179,31.784621,92.1283,16.49,50.077965,13.419425,27.478818,51.233377,51.292879,47.641733,32.456398,32.456398,,29.598026,,,51.37265,51.37265,18.756769,30.385129,32.456398,63.06442,44.262279,39.535,39.535,21.400308,,,60.292248,55.920633,,73.8194,15.03828,89.79,22.13,67.710623,19.1242,20.578812,38.553373,53.06,23.428042,17.559796,30.6674,,
2011-07-12,,,27.300547,47.039419,43.651859,22.572108,25.365708,30.100257,10.742992,36.064699,13.366929,47.989686,31.948412,87.4245,16.415,50.388075,13.501844,27.309523,51.332225,50.928831,48.039389,32.355861,32.355861,,29.48938,,,51.28323,51.28323,18.863154,30.221624,32.355861,63.405516,44.506838,38.965,38.965,21.376492,,,60.039997,54.63413,,73.7345,14.942224,89.46,22.3,68.039733,19.0064,20.410862,38.739551,53.16,23.572408,17.759994,30.3542,,
2011-07-13,,,26.9902,47.061666,43.62845,22.529224,25.553644,29.804345,10.644515,36.07336,13.413985,48.012507,31.801853,88.1646,16.53,50.218897,13.49265,27.408246,51.601834,51.547637,47.901066,32.319362,32.319362,,29.580653,,,51.275109,51.275109,19.253165,30.304782,32.319362,63.571516,44.706135,39.435,39.435,21.344682,,,59.935549,54.422431,,73.5819,14.91022,90.76,22.17,67.986306,19.0751,20.460259,39.023128,53.43,23.708708,17.70274,30.3459,,
2011-07-14,,,26.502539,46.80127,43.505486,22.520701,25.204634,29.63899,10.465465,35.551437,13.378693,47.746833,32.215774,86.0026,16.57,50.012223,13.547627,27.506969,51.242355,50.828727,47.797369,32.32851,32.32851,,29.411158,,,51.153204,51.153204,19.040396,30.379597,32.32851,63.414801,44.651747,39.12,39.12,21.336687,,,59.683298,54.080468,,73.4631,14.930228,90.04,21.97,67.559448,19.1438,20.351585,39.501703,52.65,23.452148,17.597869,30.1645,,
2011-07-15,,,26.866116,46.823615,43.312295,22.614993,25.213557,29.517155,10.358035,35.516704,13.514041,47.769553,32.552063,87.7069,16.67,50.218897,13.620851,27.506969,51.04466,51.065396,47.754087,32.32851,32.32851,,29.350309,,,51.169446,51.169446,19.084731,30.47935,32.32851,63.857279,44.588326,39.145,39.145,21.209614,,,59.622385,54.495758,,72.9373,14.878215,90.11,22.1,67.861798,19.1438,20.499777,39.723254,52.42,23.6044,17.569339,29.8925,,
2011-07-18,,,26.272084,46.47384,42.77362,22.494953,24.99876,29.212612,10.035745,34.594564,13.355165,47.412697,32.250237,86.6356,16.585,49.927584,13.497223,27.309523,50.658249,50.310118,47.520723,32.154787,32.154787,,29.172083,,,50.454082,50.454082,18.827626,30.404535,32.154787,63.193468,44.398155,38.94,38.94,21.138083,,,59.161237,54.414322,,73.0476,14.82616,89.67,21.73,68.181988,19.0064,20.074962,39.209208,52.1,23.283766,17.311886,29.604,,
2011-07-19,,,27.096662,46.942591,43.552394,22.717897,26.10862,29.525877,10.214795,35.473126,13.478749,47.89103,32.603758,92.138,16.885,50.613646,13.799409,27.633941,51.188489,52.503029,47.901066,32.218825,32.218825,,30.128205,,,50.697981,50.697981,18.987253,30.642946,32.218825,64.382756,45.068409,40.745,40.745,21.471839,,,59.631074,55.782261,,73.285,15.218353,90.92,22.1,69.871859,19.2322,20.687485,39.723254,52.95,23.636481,17.512084,30.1645,,
2011-07-20,,,27.752782,46.47384,43.177581,22.632129,26.296556,29.386688,10.187938,35.464466,13.372811,47.412697,32.534831,90.9596,16.675,50.42567,13.738491,27.365922,50.864921,52.211903,47.857874,32.227973,32.227973,,29.932696,,,50.917427,50.917427,18.63267,30.432285,32.227973,63.562231,45.195159,40.4,40.4,20.955299,,,59.587538,55.521647,,74.0907,15.146289,91.14,22.65,69.809605,19.0457,20.588691,40.272772,53.09,23.36388,17.445383,30.3212,,
2011-07-21,,,28.612877,47.151045,44.290089,22.752259,26.690365,29.534599,10.653468,35.220871,13.519923,48.10359,32.638221,90.609,16.735,50.895511,13.963775,27.78916,51.673748,54.01349,48.342005,32.419899,32.419899,,30.136936,,,51.275109,51.275109,18.863154,31.383025,32.419899,64.318138,45.675242,40.905,40.905,21.130088,,,57.569078,58.208612,,74.5487,15.410422,91.96,22.9,70.859096,19.3402,21.220974,41.167894,54.49,23.668563,17.798068,31.0302,,
2011-07-22,,,28.479845,47.017074,44.47754,22.743646,26.690365,29.421486,10.930995,35.107826,13.466985,47.966966,32.612374,90.2682,16.735,50.735781,13.926998,27.633941,52.958856,53.795192,48.333348,32.383306,32.383306,,30.306431,,,50.884943,50.884943,18.650384,31.125208,32.383306,63.682088,45.512172,40.255,40.255,20.947304,,,57.212378,58.713448,,74.5487,14.510058,92.31,23.02,71.152619,19.2322,21.201215,41.247756,54.62,23.588448,17.397671,30.618,,
2011-07-25,,,28.22273,47.217982,44.219863,22.512088,26.645658,29.177815,10.778802,34.551078,13.355165,48.171951,32.517509,89.3625,16.345,50.388075,13.881026,27.478818,52.41066,52.857891,48.298722,32.017751,32.017751,,30.102191,,,50.372783,50.372783,18.597241,29.739271,32.017751,63.571516,45.340069,39.59,39.59,20.851957,,,56.003076,58.729665,,74.3028,14.293953,91.37,22.68,70.672334,19.1242,20.94435,40.760264,54.01,23.315847,17.168942,30.4943,,
2011-07-26,,,28.018754,46.719339,44.202283,22.60647,26.618797,29.230056,10.37594,34.481519,13.349283,47.663224,32.595142,89.6546,16.44,50.077965,13.766074,27.619865,52.563466,52.266454,48.229561,31.908066,31.908066,,30.071767,,,50.250879,50.250879,18.517378,29.489797,31.908066,63.460849,45.11367,38.76,38.76,20.788421,,,55.742045,58.558684,,74.1925,14.153897,91.7,22.58,70.138715,19.2224,20.736882,40.600739,52.86,23.195498,17.302343,30.1893,,
2011-07-27,,,27.495666,45.439411,43.394271,22.30365,26.251849,28.925422,10.170033,33.602958,13.12558,46.357474,32.353718,85.7494,15.88,49.579879,13.471809,27.394171,51.619789,51.329246,48.022076,31.560713,31.560713,,29.850063,,,48.950357,48.950357,18.145081,29.043537,31.560713,62.207131,44.416223,37.58,37.58,20.7487,,,55.559396,58.436616,,73.6243,14.057841,90.48,21.99,69.951953,19.0653,20.262671,40.272772,52.13,22.706481,16.787631,29.9172,,
2011-07-28,,,27.318351,44.650579,43.300546,22.173818,25.338847,28.777511,10.05365,33.272391,12.966703,45.552678,32.155373,99.89,16.105,49.579879,13.430458,27.126152,51.089641,47.125356,48.25553,31.615508,31.615508,,29.906592,,,48.917783,48.917783,18.083032,29.276416,31.615508,66.152667,44.461577,38.65,38.65,20.844047,,,55.585463,58.908843,,73.3783,14.089888,90.1,22.05,69.827445,18.8788,20.223153,40.113247,52.01,22.642319,16.692303,30.3129,,
2011-07-29,,,26.93706,44.806895,43.072196,22.156591,25.159835,28.760158,9.865648,32.846193,12.901939,45.712122,32.207068,101.234,16.165,49.467094,13.32008,26.956857,50.721185,46.306436,48.220904,31.423583,31.423583,,29.55887,,,48.877178,48.877178,18.091938,29.442732,31.423583,65.793189,44.063075,38.31,38.31,20.899673,,,55.715979,57.948085,,73.3614,14.085861,90.15,22.02,69.302653,18.761,20.144118,39.927168,51.64,22.489978,16.739919,30.2717,,
2011-08-01,,,27.025718,44.397534,42.650656,22.044076,25.12405,28.681842,9.695551,32.68091,12.954877,45.294577,32.000197,105.1,16.23,49.194578,13.177545,26.999181,50.757096,47.070711,47.814592,31.387084,31.387084,,29.437172,,,48.413834,48.413834,18.730148,29.068476,31.387084,65.627189,43.863778,38.305,38.305,20.780426,,,55.559396,57.581621,,73.9551,13.98582,89.92,21.8,68.938049,18.7904,19.94653,39.554911,51.66,22.43388,16.673218,29.8925,,
2011-08-02,,,25.358758,42.566923,41.71376,21.767276,24.461722,28.394652,9.274784,32.454728,12.825411,43.426885,31.47418,103.785,15.79,48.46167,13.007427,26.956857,50.316725,46.524827,47.062562,31.204212,31.204212,,29.150299,,,46.901897,46.901897,18.286994,28.99085,31.204212,64.576328,43.20265,37.085,37.085,20.804326,,,54.967733,56.791845,,72.9204,13.88578,88.69,20.99,67.025829,18.761,19.314247,39.28897,51.45,22.089051,16.32998,29.3896,,
2011-08-03,,,26.280941,43.117605,41.953858,21.698008,24.766025,28.67312,9.256879,32.959238,12.748883,43.988727,31.655203,108.061,15.8,48.583805,13.159156,26.858134,51.287336,45.978849,46.984744,31.350491,31.350491,,29.728365,,,47.731044,47.731044,18.561714,29.650582,31.350491,64.954282,43.238878,37.83,37.83,20.947304,,,56.098745,56.962827,,71.0969,13.937793,86.65,21.81,67.408273,18.6922,19.225333,39.173835,52.49,22.273474,16.501647,29.8925,,
2011-08-04,,,24.871096,39.508325,39.974681,20.867518,23.29814,27.811641,8.236294,31.819761,12.236837,40.306557,30.870529,100.065,14.765,47.164836,12.53385,25.800136,49.454032,41.456464,45.307645,30.875156,30.875156,,28.607068,,,45.788337,45.788337,17.923504,28.669372,30.875156,63.175086,41.626618,35.02,35.02,20.255976,,,55.115627,54.878439,,64.0322,13.445602,84.1,20.23,65.246944,17.9559,17.93113,37.215148,53.66,21.519832,15.491114,28.9444,,
2011-08-05,,,25.394275,40.721317,40.571923,21.144318,23.432445,27.750677,8.110959,32.567773,12.389832,41.544045,31.456948,93.4819,14.785,48.001179,12.837309,26.082328,50.460554,42.475591,46.128926,31.871472,31.871472,,29.01996,,,46.463006,46.463006,18.428807,29.173852,31.871472,63.534564,42.206349,37.96,37.96,20.573827,,,56.264106,56.457991,,66.7122,13.741739,85.55,20.11,65.709482,18.1523,18.118839,37.693722,56.64,21.415612,15.548272,29.9502,,
2011-08-08,,,23.310598,38.481051,38.200534,20.391618,21.982406,26.706491,7.520095,30.932447,11.877786,39.3953,30.706738,87.0641,13.3,46.187462,12.303945,24.163875,49.058643,38.617471,44.667878,30.811212,30.811212,,28.302823,,,43.983776,43.983776,17.471443,27.743571,30.811212,60.114506,40.150327,34.455,34.455,19.501026,,,54.785084,53.9584,,63.006,12.993428,83.05,18.57,62.685516,16.8171,16.42946,36.133847,55.17,19.932256,14.947774,29.6369,,
2011-08-09,,,24.569606,40.288239,38.979308,19.889879,22.635811,26.723844,7.761812,31.506608,12.307483,41.2454,31.051642,96.8905,14.125,47.174186,12.552238,25.235949,50.541446,40.337232,45.437311,31.277398,31.277398,,28.980804,,,47.023801,47.023801,18.065317,28.106673,31.277398,62.926181,41.010751,37.855,37.855,20.009656,,,54.889442,54.878439,,63.6336,13.405586,87.98,19.31,63.726087,17.5632,17.950889,38.119089,53.92,20.886361,15.939126,30.7581,,
2011-08-10,,,23.204136,39.802827,36.443876,19.656235,22.206218,25.905884,7.484285,30.454011,12.101427,40.7484,30.137551,95.4881,13.77,45.877351,12.285557,24.417721,49.193401,39.436392,44.486363,29.979471,29.979471,,27.798658,,,45.511954,45.511954,17.444822,27.65207,29.979471,60.879604,39.833313,38.23,38.23,19.358048,,,52.479526,52.842879,,64.4308,13.125473,84.28,19.19,64.343889,16.9938,17.417401,36.249082,51.85,20.004483,15.758013,29.3566,,
2011-08-11,,,24.410005,41.303851,37.64428,19.907196,23.226571,26.306187,7.627525,31.863247,12.107309,42.2851,30.853298,101.215,14.2,47.249376,12.524656,24.107378,50.136986,40.564715,45.065534,31.167713,31.167713,,28.889531,,,47.495266,47.495266,17.730824,27.879416,31.167713,61.552606,41.27347,40.49,40.49,19.834782,,,54.698014,53.372128,,66.3051,13.561666,85.4,19.75,66.421222,16.7779,18.26703,37.675986,53.06,20.838328,16.167952,30.585,,
2011-08-12,,,24.188407,41.953518,39.845887,20.062867,23.969391,26.706491,7.734955,32.559113,12.125017,42.9502,31.189586,100.883,14.585,47.925989,12.726977,24.516541,50.190945,41.511108,45.722614,31.441879,31.441879,,29.180724,,,46.84505,46.84505,17.847006,28.167613,31.441879,63.774279,41.481708,40.44,40.44,20.025561,,,54.967733,54.251449,,67.0175,13.617663,85.9,19.8,67.00325,17.0626,18.642447,38.331821,53.42,20.453443,16.358607,30.5273,,
2011-08-15,,,25.083929,42.252233,40.156213,20.417639,24.211141,27.028387,7.815527,32.228547,12.654708,43.256,31.569044,99.705,15.0,48.70594,12.956882,25.320596,50.981724,43.321881,46.336321,31.697843,31.697843,,29.641502,,,47.771649,47.771649,18.267003,29.331825,31.697843,63.672897,42.197223,40.525,40.525,20.422854,,,55.307055,55.635693,,70.6644,14.065853,86.41,20.57,67.970324,17.6222,19.017865,39.253597,54.68,20.766101,16.825704,31.5825,,
2011-08-16,,,25.003671,41.796712,40.759374,20.54738,23.978406,26.976237,7.914004,32.089429,12.542888,42.7897,31.620739,98.1078,14.995,48.63075,13.048825,25.36292,50.891947,42.557511,46.301785,31.26825,31.26825,,29.628451,,,47.056375,47.056375,18.150821,29.148913,31.26825,65.055663,42.007052,39.975,39.975,20.406949,,,55.472416,55.122661,,70.0962,13.997817,85.51,20.49,67.056956,17.6516,19.0969,39.085155,54.95,20.405321,16.701845,31.0714,,
2011-08-17,,,25.262248,41.76682,40.472458,20.54738,24.757102,27.245983,7.779717,32.341684,11.348033,42.7591,31.672525,96.1504,15.565,49.156983,13.145388,25.757812,51.035683,43.15804,46.223967,31.560713,31.560713,,30.110832,,,46.75563,46.75563,18.240283,30.041433,31.560713,65.47976,42.206349,40.455,40.455,20.661264,,,56.220571,56.230074,,70.8171,14.145885,84.61,20.45,67.656917,17.9265,18.93883,39.226944,54.35,20.349223,16.739919,31.3352,,
2011-08-18,,,24.531075,39.235287,39.99809,20.235947,23.647242,26.480173,7.341045,31.550094,11.083156,40.1674,31.301683,85.3988,14.675,48.931511,12.892474,24.826884,49.867377,41.392821,45.644796,30.902601,30.902601,,29.450224,,,44.723412,44.723412,17.748736,29.811366,30.902601,64.493328,40.902069,40.305,40.305,20.422854,,,54.889442,55.774065,,70.181,14.201925,82.92,19.89,62.696388,17.2785,18.77088,38.47361,51.84,19.5635,16.053539,30.6757,,
2011-08-19,,,24.539932,38.436165,39.676105,20.140748,23.253432,26.132111,7.206757,31.08907,10.771223,39.3494,30.879145,81.8831,14.41,48.724738,12.736171,24.333171,49.534924,40.828659,45.177978,30.573545,30.573545,,29.163351,,,44.219463,44.219463,17.757643,30.107905,30.573545,61.515748,40.114099,39.815,39.815,20.430849,,,54.002084,56.042788,,69.2226,14.309977,81.87,19.4,60.726466,16.9349,18.731362,37.995036,51.1,19.258817,15.853341,31.0054,,
2011-08-22,,,24.317056,38.570626,40.068407,20.132135,23.665088,26.314818,7.135138,31.167289,10.812459,39.487,31.22405,83.1881,14.175,48.903265,12.864892,24.262598,50.550424,40.874118,45.644796,30.664933,30.664933,,29.237252,,,43.780572,43.780572,17.918457,30.168936,30.664933,61.082461,40.521728,39.9,39.9,20.550011,,,53.871568,55.953243,,69.3413,14.309977,78.78,19.33,60.67276,16.8858,18.899312,38.128006,51.2,19.387053,15.862883,31.0549,,
2011-08-23,,,25.190939,39.735596,41.819145,20.694439,24.640735,26.845679,7.367902,31.680551,11.136156,40.6796,31.689756,92.5665,15.43,48.339437,13.025815,24.982006,52.046924,42.493775,45.990603,31.158565,31.158565,,30.015238,,,46.341011,46.341011,18.901551,30.839732,31.158565,63.110562,41.60855,42.375,42.375,21.00293,,,55.228764,57.215245,,69.4007,14.842184,83.99,20.86,61.88151,17.3865,19.156177,38.420501,52.99,20.100638,16.36815,32.7449,,
2011-08-24,,,25.351453,40.452493,41.666942,20.79825,23.81724,27.254705,7.457427,31.393471,10.871279,41.4136,31.896717,90.9596,15.875,48.367683,13.076407,24.925607,51.757509,41.902338,46.198088,31.277398,31.277398,,30.284738,,,46.934471,46.934471,19.125009,30.845264,31.277398,62.677275,41.653811,43.18,43.18,21.034741,,,55.420192,57.109395,,69.0699,14.698142,81.88,20.9,61.53233,17.3473,19.067262,38.225505,52.61,20.1648,16.57789,32.3162,,
2011-08-25,,,24.65589,39.944638,41.309709,20.469499,23.056482,26.723844,7.206757,30.95852,10.700577,40.8937,31.551723,89.6936,15.435,47.719216,12.120059,24.474218,50.970895,41.083418,45.636139,30.719823,30.719823,,29.541498,,,46.080961,46.080961,18.544098,30.243751,30.719823,62.059607,40.80242,42.255,42.255,20.669174,,,54.828529,56.07531,,70.8171,14.506031,79.03,20.08,60.601122,17.0331,18.494256,37.720277,52.2,19.900175,16.129782,31.3352,,
2011-08-26,,,24.789652,40.900566,41.942109,20.685826,23.611458,26.906551,7.475332,31.811009,10.912515,41.8723,31.629355,95.3518,15.865,48.019977,12.308566,24.770387,51.802768,41.693038,45.973291,31.030583,31.030583,,29.771842,,,46.796235,46.796235,18.883738,30.520975,31.030583,62.806324,41.41838,42.315,42.315,20.899673,,,54.950356,56.344033,,72.5387,14.634091,77.58,20.4,61.962162,17.2393,18.830156,37.817775,52.73,20.132719,16.082166,31.566,,
2011-08-29,,,25.627834,41.990857,42.960981,21.118388,24.058897,27.594045,7.797622,32.915752,11.159684,42.9885,32.379565,96.1309,16.02,49.044296,12.657996,25.645014,52.372436,43.148949,46.820451,31.597306,31.597306,,30.306431,,,48.356897,48.356897,19.643374,31.266585,31.597306,64.35509,42.695373,44.515,44.515,21.281061,,,55.820336,57.402531,,72.9543,14.990252,80.61,21.78,63.350055,17.8479,19.630388,38.66613,53.8,20.573703,16.701845,32.9675,,
2011-08-30,,,25.618886,42.259681,43.025378,21.239516,24.390154,27.585323,7.57381,33.115861,11.206802,43.2637,32.47443,100.221,16.02,49.250971,12.639608,25.60269,52.580404,42.89419,46.92505,31.725194,31.725194,,30.36296,,,49.340522,49.340522,19.688007,31.185241,31.725194,65.110997,42.939932,44.79,44.79,21.471839,,,56.133591,57.09309,,72.9628,14.918231,81.49,21.94,63.538025,17.8185,19.492077,38.764322,54.66,20.453443,16.606228,33.4291,,
2011-08-31,,,25.39601,42.65542,42.012426,21.127001,24.721318,27.733324,7.734955,33.4725,11.301719,43.6689,32.690006,102.003,15.815,49.467094,12.694774,25.44747,53.032529,42.54842,47.334609,32.008603,32.008603,,30.619408,,,49.275465,49.275465,19.902458,31.244186,32.008603,65.682522,43.284139,42.66,42.66,21.606907,,,56.506311,56.441774,,73.4207,15.034253,81.07,21.92,64.549885,17.7105,19.531594,39.067914,54.78,20.317142,16.692207,33.5528,,
2011-09-01,,,25.199795,42.319365,41.600661,21.239516,24.60495,27.724602,7.50219,33.254979,11.272062,43.3248,32.517509,101.964,15.675,49.147633,12.584442,25.369469,52.544215,42.584787,47.029649,31.816583,31.816583,,30.619408,,,48.568312,48.568312,18.919463,31.322628,31.816583,65.295378,42.976159,42.04,42.04,21.527465,,,56.260757,56.425469,,72.861,14.958248,80.07,21.59,64.334969,17.6562,19.116659,38.621443,53.78,19.836101,16.663579,34.1958,,
2011-09-02,,,24.459675,40.952802,41.094813,20.841497,24.076836,27.37654,7.233615,32.82012,11.070339,41.9258,32.258853,100.854,15.185,48.593155,12.46949,24.915148,51.730391,41.638487,46.715943,31.323046,31.323046,,30.310752,,,47.381483,47.381483,18.276009,30.865577,31.323046,64.723758,42.224417,41.815,41.815,21.23343,,,55.515318,55.562365,,72.0892,14.834172,78.81,20.98,63.824579,17.34,18.909192,38.094615,52.37,19.306939,16.329209,32.7037,,
2011-09-06,,,24.165398,40.795996,40.036118,20.677122,24.041051,27.141591,7.25152,32.559113,11.076283,41.7652,31.810468,103.542,15.425,48.066922,12.308566,24.886704,51.41395,40.892302,46.628747,31.149416,31.149416,,30.176092,,,47.300183,47.300183,18.159827,30.450603,31.149416,64.714567,42.115734,42.67,42.67,21.320866,,,54.769788,55.212294,,72.0807,14.886184,79.15,21.11,63.099273,17.3202,18.553533,37.755253,53.03,19.306939,16.090263,32.2997,,
2011-09-07,,,24.896662,42.745093,41.147819,21.403891,24.283905,27.541804,7.618572,32.698323,11.135599,43.7606,32.388181,103.99,15.995,49.579879,12.570627,25.199099,52.164467,42.721258,47.413058,31.789232,31.789232,,30.771531,,,49.425702,49.425702,18.535192,30.977754,31.789232,66.567477,43.193524,42.535,42.535,21.447939,,,54.041908,56.148638,,72.9797,15.13832,80.02,22.12,64.702082,17.5376,19.037624,38.264246,54.21,19.884134,16.415187,33.0747,,
2011-09-08,,,24.566685,41.975862,40.624302,21.421208,24.25686,27.37654,7.439522,32.489554,11.111885,42.9732,32.690006,105.714,16.05,49.204026,12.667191,25.184828,52.336247,41.86597,47.404312,32.045102,32.045102,,30.932295,,,48.861658,48.861658,18.34746,30.677678,32.045102,66.226476,42.269678,43.64,43.64,21.463844,,,53.796355,55.814783,,72.2079,15.223537,79.81,20.27,64.397595,17.5277,18.415221,37.933901,55.06,19.507313,16.415187,32.8108,,
2011-09-09,,,24.174346,41.102159,39.653862,20.590628,22.790906,26.845679,7.403712,32.054603,10.898274,42.0787,32.362334,103.63,15.875,47.521891,12.308566,24.517617,51.142675,40.555623,46.262741,31.542416,31.542416,,30.149988,,,47.520983,47.520983,17.829094,30.15615,31.542416,64.659234,41.219082,43.23,43.23,20.955299,,,52.612395,53.657068,,71.7415,14.837985,78.94,19.45,63.358975,17.0633,18.148477,37.326617,54.16,18.978151,15.966115,32.0277,,
2011-09-12,,,24.094088,40.96025,39.35977,20.633875,22.952717,26.715122,7.35895,32.037191,10.862673,41.9334,32.094972,107.009,15.725,47.117793,12.368305,24.37569,51.314454,39.645691,45.870675,31.304749,31.304749,,30.154309,,,47.831563,47.831563,17.9811,30.630068,31.304749,65.774713,41.12856,43.11,43.11,21.090367,,,52.743906,53.754809,,72.0807,14.980012,78.38,19.29,63.448546,16.9645,18.306547,37.049777,53.83,19.098411,15.937391,31.6814,,
2011-09-13,,,24.165398,42.259681,39.789114,20.815567,23.798198,26.863123,7.484285,32.672158,10.93982,43.2637,31.879395,107.963,16.055,47.117793,12.44648,24.446653,51.90217,40.446428,45.705121,31.286547,31.286547,,30.237481,,,48.232196,48.232196,18.276009,30.756211,31.286547,66.853335,41.490835,44.205,44.205,21.130768,,,53.094722,53.714091,,72.2079,15.077439,77.7,19.37,64.155919,17.0139,18.395462,37.362386,54.87,19.314915,16.176241,32.0194,,
2011-09-14,,,24.44187,43.39476,39.989121,20.287807,24.247937,27.185019,7.78867,33.063623,10.999136,44.4257,32.069124,106.824,16.115,47.869597,12.731551,24.744777,52.363365,41.693038,45.888079,31.560713,31.560713,,30.530655,,,49.074156,49.074156,18.624555,30.8488,31.560713,69.369962,41.907403,44.19,44.19,21.429397,,,54.00679,55.033116,,67.0939,15.292515,77.61,19.42,64.827426,17.2214,18.810397,37.567787,56.14,19.651679,16.233592,32.885,,
2011-09-15,,,25.137434,43.178172,40.98306,20.443569,24.400825,27.315577,8.030387,33.282987,11.00508,44.204,32.595142,106.688,16.22,47.991732,12.745366,24.858358,53.367018,41.902338,46.794302,31.944565,31.944565,,31.077666,,,49.858999,49.858999,18.892644,31.375951,31.944565,69.388438,42.505202,44.015,44.015,21.687624,,,55.445083,55.603084,,67.2804,15.446753,78.48,19.6,65.928765,17.3005,18.948709,38.210741,56.79,19.787979,16.701845,33.2313,,
2011-09-16,,,25.520824,42.998923,41.45949,20.703143,24.57165,27.289502,8.137817,33.712778,11.058451,44.0205,32.508893,105.168,16.15,48.414627,12.874086,24.844185,53.728718,42.275384,47.047052,32.045102,32.045102,,31.16957,,,49.965202,49.965202,18.722825,31.350741,32.045102,70.144345,42.523363,46.055,46.055,21.711865,,,54.418972,56.246292,,64.6174,15.308753,77.95,19.85,65.901912,17.2906,18.909192,38.228576,57.52,19.956361,16.654037,33.0087,,
2011-09-19,,,24.798509,42.946687,40.194958,20.235947,24.157971,27.08935,7.815527,33.256637,10.874561,43.967,32.37095,108.704,15.84,48.038775,12.749939,24.446653,53.412276,41.547475,46.602597,31.871472,31.871472,,30.845702,,,48.959741,48.959741,18.463642,31.280641,31.871472,69.876963,42.106701,46.125,46.125,21.687624,,,53.112281,55.293643,,63.8032,15.312823,76.2,19.39,66.072042,17.0139,18.573292,37.719583,57.42,19.531418,16.472442,32.4893,,
2011-09-20,,,24.994724,42.610632,41.394824,19.889879,23.951085,27.176388,7.71705,33.511011,10.797413,43.623,32.32787,106.882,15.895,48.010332,12.795911,24.787394,53.611174,40.956038,46.567791,31.551565,31.551565,,30.915732,,,48.591863,48.591863,18.141915,31.336685,31.551565,69.535867,42.260644,45.98,45.98,21.752266,,,52.963121,55.594975,,64.3629,15.434586,76.68,18.81,66.036269,17.2511,18.484377,37.83561,56.92,19.274858,16.08072,32.1266,,
2011-09-21,,,24.236799,41.415771,39.612694,19.924422,23.087666,26.689047,7.39476,32.782899,10.779643,42.3998,33.147007,107.136,15.82,47.156569,12.501646,24.290456,52.63464,38.799495,45.853182,31.195064,31.195064,,30.316243,,,48.003276,48.003276,17.66828,30.458946,31.195064,68.666356,41.228116,45.505,45.505,21.082287,,,53.313937,54.389908,,64.3545,15.105845,75.16,18.11,65.481093,16.9053,17.822456,36.281878,57.88,18.857891,15.688999,31.1786,,
2011-09-22,,,22.658405,41.154493,38.648084,20.460886,22.350182,26.810882,7.68124,32.949564,11.034737,42.1322,34.061099,101.215,15.485,46.843506,12.299372,23.935542,52.173445,36.251629,45.670224,30.811212,30.811212,,29.677328,,,47.80702,47.80702,17.480548,29.906585,30.811212,67.519325,41.345925,44.725,44.725,20.743342,,,53.427979,52.891706,,63.3537,14.716223,73.5,18.36,65.28411,16.6583,17.575471,35.10308,60.39,19.010232,15.583936,30.6262,,
2011-09-23,,,22.462281,41.460657,39.189181,20.434865,22.305199,27.202463,7.806575,32.432064,11.064395,42.4457,33.517849,101.536,15.445,47.185011,12.359111,24.276283,53.421347,36.397286,45.835779,30.82036,30.82036,,29.502342,,,49.147786,49.147786,18.17764,29.724308,30.82036,68.869877,42.25161,43.905,43.905,20.799818,,,52.919314,52.578603,,64.0576,14.797369,74.01,18.2,66.47502,16.8954,17.407521,34.942366,59.74,19.290898,15.708084,31.0137,,
2011-09-26,,,22.765414,42.677863,39.947954,20.893448,22.961732,27.655008,8.039339,32.660089,11.153368,43.6918,34.043867,102.432,15.5,48.114654,12.589016,24.929321,54.253219,36.297182,46.541641,31.313897,31.313897,,30.088689,,,49.785369,49.785369,18.463642,30.770267,31.313897,69.59139,43.112035,45.225,45.225,20.985494,,,54.278682,53.213092,,63.7099,15.040893,74.28,18.72,67.065969,17.3499,17.950889,35.54965,61.03,19.531418,16.138071,31.1456,,
2011-09-27,,,22.979434,43.073602,41.506577,21.101071,23.222616,28.168425,8.227342,32.633831,11.455952,44.097,34.017929,102.296,15.495,49.015854,12.740745,24.787394,54.226101,37.31631,47.212607,31.926268,31.926268,,30.443162,,,50.079708,50.079708,18.865826,30.927243,31.926268,69.045636,43.193524,45.195,45.195,21.324439,,,54.75232,53.320249,,64.4223,15.113942,74.75,18.79,67.253939,17.2511,18.059562,36.397905,61.98,19.92428,16.52025,31.5248,,
2011-09-28,,,22.426581,42.132766,39.989121,20.815567,22.377135,27.768121,8.263152,32.028438,11.432238,43.1337,33.319504,101.244,15.02,48.38028,12.257974,24.091739,53.113883,35.94232,46.785645,31.548452,31.548452,,29.782373,,,48.771696,48.771696,18.606643,30.428113,31.548452,66.66829,41.880303,44.655,44.655,21.066126,,,54.322579,52.224346,,64.4562,14.943509,73.34,18.72,66.000403,16.7669,17.644627,34.897778,61.29,19.098411,15.851413,30.5025,,
2011-09-29,,,22.979434,42.483717,41.147819,21.075141,22.673987,28.081387,8.191532,33.475909,11.616129,43.493,33.552313,93.8715,15.19,48.759676,12.506267,23.907196,53.303711,36.280311,46.92505,31.778858,31.778858,,30.215608,,,49.507453,49.507453,18.785369,30.865577,31.778858,65.872683,41.961791,44.16,44.16,21.340599,,,54.883831,52.743394,,64.3205,15.097704,74.24,19.13,66.170533,16.6385,18.168236,35.987204,61.3,19.677645,16.348294,30.8405,,
2011-09-30,,,22.123447,40.385262,41.253653,20.954012,22.377135,28.168425,7.940862,34.019851,11.544925,41.3448,33.172855,90.5116,15.275,47.887016,12.423518,23.21154,53.566008,35.850933,46.349937,30.94938,30.94938,,29.563551,,,49.875331,49.875331,18.633462,31.042231,30.94938,63.671097,41.807848,43.645,43.645,21.639228,,,54.287461,51.400304,,65.0584,15.211369,72.7,19.5,65.266177,16.1544,17.782939,35.371002,61.84,19.404157,16.587144,29.5627,,
2011-10-03,,,21.543841,40.474936,39.565608,20.780933,21.234894,28.420727,7.43057,32.668841,11.165256,41.4365,32.733086,85.3404,14.155,47.023707,12.198187,22.686256,52.734135,34.480505,46.079783,30.488475,30.488475,,28.627141,,,48.608195,48.608195,17.659373,31.673216,30.488475,63.005107,40.693738,39.88,39.88,21.437477,,,52.875417,50.889452,,64.2442,15.178893,72.13,18.81,63.93199,15.7888,17.328486,34.23689,60.61,18.70422,15.937391,29.4968,,
2011-10-04,,,21.945037,43.227958,40.824309,21.265446,21.783523,28.664398,7.743907,32.861856,11.378805,44.255,32.802103,87.9406,14.585,47.109132,12.510841,22.98438,52.45379,35.485479,46.358593,30.285797,30.285797,,28.543969,,,50.692838,50.692838,18.24919,31.409595,30.285797,62.986536,41.789688,40.85,40.85,21.421317,,,53.015797,51.746365,,64.4478,15.373704,75.54,19.81,63.967856,15.9963,18.039803,35.27281,62.23,19.492602,16.338751,31.4506,,
2011-10-05,,,22.444385,43.933094,40.924313,21.135705,21.279878,28.568638,7.86029,32.475919,11.515268,44.9769,32.980344,87.3758,14.615,47.137575,12.59821,22.998553,53.023458,36.371697,46.140829,30.313431,30.313431,,28.675299,,,50.668295,50.668295,18.106189,31.401161,30.313431,64.161423,41.899022,41.645,41.645,21.388996,,,52.875417,52.150146,,64.8294,15.357467,78.98,20.18,63.600743,16.0061,18.494256,35.763968,60.29,19.371987,16.472442,31.3517,,
2011-10-06,,,23.104339,44.454768,42.318267,21.602901,21.846536,28.656494,8.137817,33.168928,11.722934,45.5109,33.180214,89.4696,15.07,47.83958,12.929252,23.410257,53.294733,37.385858,46.567791,30.930894,30.930894,,28.613999,,,51.126044,51.126044,18.284915,32.284522,30.930894,64.744129,42.545993,42.15,42.15,21.752266,,,53.12106,53.213092,,65.3468,15.6659,81.55,20.99,64.827426,16.2927,20.153997,36.76402,62.49,19.65354,16.72093,31.8109,,
2011-10-07,,,22.694105,44.483777,42.330016,21.654761,21.684634,28.761793,8.388487,33.74788,11.574583,45.5406,33.684423,89.6546,14.96,47.773148,12.952261,23.353467,53.339899,36.88337,46.715943,31.115275,31.115275,,28.837143,,,50.774589,50.774589,18.186646,32.514408,31.115275,65.835731,42.53696,43.025,43.025,22.139693,,,53.515683,53.66631,,65.2111,15.974375,82.19,20.71,65.221392,16.2532,20.124359,36.621141,61.45,19.363923,16.596686,31.7357,,
2011-10-10,,,23.193453,45.111588,43.259288,21.905631,22.341167,29.200801,8.674966,34.423385,11.770362,46.1834,34.17122,90.609,15.585,48.446711,13.127,23.722652,54.171772,38.15332,47.099352,31.612962,31.612962,,29.274788,,,51.722843,51.722843,18.58873,33.221115,31.612962,65.993015,43.010803,43.855,43.855,22.301042,,,54.261123,54.424349,,65.5673,16.07583,82.88,20.88,65.80342,16.51,20.559053,37.657061,60.26,19.709815,17.045758,32.4788,,
2011-10-11,,,23.505535,45.459404,43.353373,21.922948,22.38615,29.393957,8.764491,34.160166,11.722934,46.5394,34.701456,91.1739,15.34,48.351838,13.182165,24.546061,53.755836,38.555235,47.247504,31.705105,31.705105,,29.231041,,,51.543009,51.543009,18.803281,32.957494,31.705105,67.149331,43.111011,45.05,45.05,22.438321,,,53.454318,53.806339,,65.669,15.94597,82.75,21.47,66.251092,17.0831,20.371344,37.514183,59.99,19.854623,17.150918,32.8379,,
2011-10-12,,,24.147593,45.47871,42.888781,22.147887,22.907826,29.200801,8.773444,34.844424,11.645787,46.5592,34.579757,87.5511,15.365,48.475153,13.237331,24.986111,53.656433,40.026235,47.439208,31.889486,31.889486,,29.528536,,,52.00897,52.00897,19.259004,32.542521,31.889486,66.47396,43.083631,45.59,45.59,22.414081,,,54.989094,54.638577,,65.898,15.743018,83.55,21.76,66.66299,17.3894,19.995927,37.398056,59.45,20.0799,17.609532,32.7627,,
2011-10-13,,,24.174346,45.56564,42.959367,22.061393,22.9977,29.104223,8.531727,34.826919,11.76448,46.6482,34.179926,88.7587,15.33,49.025302,13.241905,24.858358,53.909567,39.53284,47.020903,32.119891,32.119891,,29.49352,,,51.894555,51.894555,19.160734,32.665852,32.119891,68.203886,42.5825,46.2,46.2,22.284967,,,54.690864,54.753931,,65.8217,15.905354,84.05,21.36,67.325577,17.3005,20.055203,37.308782,59.2,19.918963,17.456661,32.4538,,
2011-10-14,,,24.745095,45.575342,43.594548,22.173818,23.402456,29.40277,8.710776,34.914627,11.734822,46.6581,34.475469,89.6838,15.65,49.566101,13.269535,25.213272,54.289315,40.610924,47.787721,32.470073,32.470073,,29.69047,,,52.172471,52.172471,19.357373,32.957494,32.470073,68.518358,43.275012,47.185,47.185,22.333363,,,54.585691,55.536731,,66.2288,15.929732,85.75,22.58,67.51364,17.5475,20.055203,37.308782,59.26,20.11207,17.724138,33.0716,,
2011-10-17,,,24.094088,45.449701,42.371183,21.948878,22.880781,29.051527,8.504869,34.40588,11.5331,46.5295,34.214659,80.3444,15.375,49.196054,13.090175,24.75895,54.009063,39.551117,47.770318,32.046139,32.046139,,29.318534,,,50.414831,50.414831,18.865826,32.696685,32.046139,67.861558,43.42998,46.475,46.475,22.131612,,,54.278682,55.240108,,66.1525,15.844473,85.46,22.0,66.627217,17.2313,19.709424,36.76402,58.54,19.605241,17.265523,32.4705,,
2011-10-18,,,24.887714,46.715223,43.535711,22.260403,23.024745,29.534417,8.630204,34.633904,11.639843,47.825,34.545024,79.9646,15.76,49.879065,13.333895,25.128038,54.75051,41.131689,47.770318,32.479316,32.479316,,29.204757,,,51.886344,51.886344,19.33946,31.305852,32.479316,67.907796,44.459621,46.52,46.52,22.220325,,,54.734761,54.638577,,66.3306,15.94597,85.64,22.32,67.665837,17.4882,19.995927,37.433826,59.33,20.09603,17.810116,33.4056,,
2011-10-19,,,24.450818,47.053238,43.859221,21.983512,22.961732,29.40277,8.478012,34.40588,11.568701,48.1712,34.29292,67.9762,15.77,49.584996,13.120304,24.560234,53.972874,40.437336,47.474014,32.119891,32.119891,,29.331676,,,51.600217,51.600217,18.499367,31.96767,32.119891,66.141012,43.967524,45.75,45.75,22.050895,,,54.471649,54.40787,,65.9574,15.832305,85.04,22.03,66.922692,17.093,19.867494,36.746185,59.42,19.774154,17.685968,33.1217,,
2011-10-20,,,24.7629,46.686214,43.653384,22.000829,22.979762,29.218336,8.495917,34.598802,11.544925,47.7954,34.223364,66.3109,15.705,49.793738,13.208051,24.503443,53.864401,40.446521,47.395565,32.31342,32.31342,,29.371012,,,51.845469,51.845469,18.436823,32.062979,32.31342,66.760765,44.277366,45.49,45.49,21.994333,,,54.480428,56.187699,,66.5765,15.876948,84.44,21.91,67.576359,17.0535,19.857615,36.505114,61.22,19.63741,17.724138,33.439,,
2011-10-21,,,25.494072,47.497586,44.900247,22.07871,22.9977,29.745108,8.495917,35.160249,11.71699,48.6261,34.588462,66.0675,15.98,50.609512,13.62368,25.227445,54.488306,41.405849,47.909723,32.44244,32.44244,,29.839262,,,52.417724,52.417724,18.874732,32.427532,32.44244,67.343566,45.389148,46.375,46.375,22.155768,,,54.620719,57.679101,,67.5942,16.124543,86.36,22.84,68.516487,17.5574,19.907012,37.237343,61.77,20.015561,17.963084,33.9149,,
2011-10-24,,,25.806153,47.729463,44.459154,21.931652,23.159603,29.560765,8.630204,35.195351,11.841565,48.8634,33.988671,71.8036,15.97,50.296548,13.503588,25.057074,54.705252,42.036184,47.726765,32.516192,32.516192,,29.699201,,,53.529479,53.529479,19.116003,32.239633,32.516192,67.093808,45.088432,45.975,45.975,22.042815,,,54.462869,57.250644,,68.8494,15.978403,86.93,22.52,68.982092,17.4388,19.699544,37.326617,62.36,20.305178,18.115956,34.8667,,
2011-10-25,,,25.101733,46.995317,43.282787,21.628831,22.539038,29.253496,8.433249,34.511093,11.675444,48.1118,33.745273,63.0582,16.21,49.945496,13.318854,24.64537,54.189913,40.738866,46.942453,32.193549,32.193549,,29.296661,,,53.210687,53.210687,18.356366,31.819037,32.193549,66.418532,44.186285,42.235,42.235,21.792582,,,54.217316,56.723313,,67.4501,15.438656,85.6,22.09,68.122522,17.1523,19.551353,37.00519,62.23,19.790284,17.829297,34.4326,,
2011-10-26,,,25.770544,47.642534,44.229728,21.775889,23.114619,29.40277,8.782396,33.256637,11.651731,48.7744,33.892999,59.8931,16.545,50.476749,13.4066,25.000284,54.144654,41.433218,47.526314,32.276544,32.276544,,29.524215,,,51.796472,51.796472,18.856919,31.395539,32.276544,66.437008,44.496128,41.54,41.54,22.026654,,,54.383945,58.338265,,67.3313,15.568515,86.96,22.81,68.328517,17.3993,19.808218,37.424908,61.64,19.910987,17.953445,35.1673,,
2011-10-27,,,26.929756,48.994887,44.876748,22.116517,23.375503,29.473,9.095734,32.326758,11.847509,50.1589,34.153809,63.7302,17.285,51.387397,13.817656,25.667593,51.956499,44.767949,47.988172,32.69133,32.69133,,30.005517,,,55.229912,55.229912,19.759556,31.734882,32.69133,67.306519,45.070179,42.745,42.745,22.325283,,,55.146943,59.327098,,67.7808,15.860711,89.29,23.4,68.847827,17.8637,20.321947,37.549853,63.28,20.876347,18.584113,36.1776,,
2011-10-28,,,27.05457,47.69085,44.700239,22.072908,23.888164,29.385144,9.086781,32.800496,11.645787,48.8239,34.014698,69.1352,17.075,51.169207,13.831518,25.795347,51.947429,45.389286,47.735421,32.626726,32.626726,,30.16304,,,55.033746,55.033746,19.276916,32.138701,32.626726,67.898605,45.21602,43.36,43.36,22.244566,,,55.427614,59.425972,,68.1794,15.881019,89.27,23.26,68.794122,17.9526,20.321947,38.362537,61.93,20.168434,18.708357,36.403,,
2011-10-31,,,25.806153,47.74877,43.953306,22.125312,24.122003,29.191988,8.701824,32.853103,11.978028,48.8832,33.493168,63.3211,16.78,50.694938,13.609818,25.270062,51.748531,44.311202,47.238757,32.424049,32.424049,,29.89615,,,54.379741,54.379741,18.964095,31.031077,32.424049,66.46477,44.250079,44.545,44.545,22.236485,,,55.208309,57.57203,,68.5611,15.698375,88.48,22.86,68.964252,17.587,19.976168,37.808858,61.34,19.927027,18.440784,35.7518,,
2011-11-01,,,24.736147,46.947002,42.818196,21.968099,23.447439,28.832024,8.397439,32.107394,11.912769,48.0624,33.301914,60.5846,16.44,49.917054,13.30966,24.687987,51.793697,43.644219,46.6723,31.85261,31.85261,,29.335997,,,52.810145,52.810145,18.41901,30.310404,31.85261,64.94765,43.767109,42.965,42.965,21.8733,,,54.576912,56.657397,,68.8325,15.39804,86.37,21.87,69.179074,17.1819,19.482197,36.013956,59.92,19.106476,18.058605,34.324,,
2011-11-02,,,25.449515,47.990251,43.382791,22.055409,23.222616,28.735446,8.630204,32.537278,11.989916,49.1304,33.545312,60.0587,16.56,50.287002,13.498968,25.000284,52.128279,44.777135,47.090605,31.926268,31.926268,,29.655455,,,53.725735,53.725735,18.597736,30.503835,31.926268,65.345406,44.29562,44.11,44.11,21.945937,,,54.734761,57.57203,,69.1972,15.556348,99.01,22.22,69.859594,17.3993,19.413041,34.826339,61.4,19.388028,18.201934,35.1089,,
2011-11-03,,,26.189636,48.193118,44.223899,22.072908,23.474393,29.235961,9.006209,33.089972,12.150093,49.3381,33.866972,65.152,16.935,50.343886,13.711427,26.547792,52.842608,47.262202,43.491682,32.977003,32.977003,,30.040532,,,54.641325,54.641325,17.775555,30.829122,32.977003,66.039252,45.480229,45.065,45.065,22.171929,,,55.076798,58.330069,,68.5102,15.649662,100.0,22.51,70.835589,18.4762,19.758821,34.960201,61.87,19.975326,18.536304,36.4698,,
2011-11-04,,,25.904307,47.739165,43.859221,22.177716,23.528391,29.104223,9.015161,32.57238,12.26278,48.8733,33.614868,68.8235,16.655,49.945496,13.628301,26.292187,52.09209,46.814547,43.491682,32.424049,32.424049,,29.659865,,,54.363409,54.363409,17.66828,30.674867,32.424049,65.919016,45.316227,47.78,47.78,22.091211,,,54.366386,57.852175,,67.713,15.467061,98.82,22.45,70.369984,18.2984,19.699544,34.710213,60.25,19.709815,18.469411,35.7267,,
2011-11-07,,,26.20744,48.476153,43.953306,22.518344,23.798198,29.894381,9.095734,32.809249,12.369585,49.6278,34.214659,68.4729,16.64,50.713932,13.762207,26.405768,52.064972,47.006412,43.95354,32.562217,32.562217,,29.847993,,,54.649446,54.649446,17.453828,30.941299,32.562217,66.261249,45.571403,46.735,46.735,22.21233,,,54.813686,58.091078,,67.8232,15.600991,98.47,22.7,70.737097,18.3774,19.94653,35.379919,60.81,19.790284,18.469411,35.9939,,
2011-11-08,,,26.617675,48.699111,44.676741,22.666853,24.032036,29.929542,9.382213,32.528525,12.47639,49.8561,34.336358,68.4632,16.93,51.055438,13.831518,26.632928,51.884122,47.582009,43.474279,32.700479,32.700479,,30.040532,,,55.793956,55.793956,17.793368,30.798289,32.700479,66.918048,45.589563,47.24,47.24,22.317203,,,55.831017,58.667934,,67.908,15.763326,99.99,22.95,70.592984,18.5355,20.193515,35.888912,60.66,20.039666,18.784793,36.1609,,
2011-11-09,,,25.431711,47.234838,43.018114,21.968099,23.303567,29.262218,8.737634,32.010933,12.114491,48.3571,33.745273,65.2689,16.51,49.898059,13.388165,26.065027,51.133604,45.809478,42.768416,32.036896,32.036896,,29.331676,,,54.494155,54.494155,17.225818,30.027105,32.036896,64.041092,44.058698,45.045,45.045,21.929776,,,54.620719,57.365998,,66.4069,15.454851,97.68,22.44,68.412885,18.1403,19.452559,35.379919,59.5,19.098411,18.37389,35.7935,,
2011-11-10,,,25.752649,48.369427,43.547461,22.125312,23.699308,29.499348,8.871921,32.809249,12.191638,49.5186,34.040815,39.8216,16.725,50.419864,13.554416,26.235397,51.504374,46.257227,43.029914,32.37793,32.37793,,29.4892,,,55.29533,55.29533,17.658285,30.209382,32.37793,64.892127,44.487001,44.995,44.995,22.301042,,,55.217088,58.503056,,66.6613,15.743018,98.27,22.38,69.304697,18.2589,19.482197,35.754951,60.29,19.251284,18.37389,37.288,,
2011-11-11,,,26.474964,49.096712,44.811992,21.636175,24.050066,29.666156,9.113639,32.624987,12.19752,50.2632,34.388502,42.5387,17.025,50.884685,13.665219,26.618755,51.531493,47.115983,43.326127,32.783474,32.783474,,29.808657,,,56.268128,56.268128,17.99159,30.702979,32.783474,66.511007,45.152226,46.725,46.725,22.422161,,,55.497759,59.030474,,67.3653,15.787662,99.36,23.28,69.25062,18.5256,20.223153,36.630158,61.71,19.508731,18.641464,37.2797,,
2011-11-14,,,26.555222,48.980382,44.406237,21.767186,23.64531,29.481722,8.934589,32.046035,12.274668,50.144,34.145103,41.039,17.25,50.856243,13.595956,26.491002,50.708598,47.828613,43.265171,32.654454,32.654454,,29.664186,,,55.834831,55.834831,17.631268,30.37207,32.654454,66.3722,44.787717,46.635,46.635,22.293047,,,55.076798,58.67613,,68.3151,15.714613,97.45,23.32,68.421898,18.4367,20.11448,36.3444,61.28,19.186944,18.966292,37.3966,,
2011-11-15,,,26.586631,49.416695,44.964913,21.784593,23.64531,29.639808,8.845064,32.2127,12.351815,50.5908,34.423325,46.366,17.705,51.017449,13.822277,26.334804,51.314454,48.038756,43.395829,32.700479,32.700479,,29.75609,,,56.758632,56.758632,17.973579,30.582368,32.700479,66.733004,45.042799,47.46,47.46,22.414081,,,56.567676,58.931599,,69.6975,16.047424,99.42,23.41,68.142592,18.328,20.094721,36.531867,62.15,19.500667,18.937664,38.1564,,
2011-11-16,,,25.958725,48.805838,44.376819,21.618677,23.411471,29.288566,8.782396,31.642501,12.078889,49.9653,33.823534,50.9335,17.725,50.021375,13.660646,25.880483,50.808093,47.600193,42.846865,32.424049,32.424049,,29.322945,,,56.300792,56.300792,17.766352,30.862766,32.424049,65.669163,44.505161,46.635,46.635,22.196169,,,57.085121,59.013995,,69.7908,16.185424,96.64,23.19,65.926442,18.0119,19.551353,35.522798,62.1,19.235155,18.822963,38.1731,,
2011-11-17,,,25.752466,48.563376,43.841552,21.234348,23.177633,29.332539,8.701824,31.39688,11.936482,49.7172,33.571429,50.3394,17.485,50.106801,13.522071,25.837964,50.853352,47.106891,43.029914,32.221277,32.221277,,29.15228,,,55.21358,55.21358,17.685301,30.756211,32.221277,64.901412,43.93111,45.7,45.7,22.228405,,,56.208171,59.393014,,69.494,16.327452,97.17,22.62,64.728284,17.9822,19.26485,35.254876,62.51,19.24322,18.478953,38.2983,,
2011-11-18,,,25.922842,48.214287,44.117975,21.208146,23.357473,29.54323,8.701824,32.2127,11.954314,49.3598,33.51058,49.1318,17.67,48.446711,13.51283,25.752729,50.979873,46.978949,43.021167,32.046139,32.046139,,29.4892,,,54.968328,54.968328,17.559124,30.702979,32.046139,65.345406,43.894697,45.505,45.505,22.309123,,,56.032763,60.225252,,68.7901,16.278738,95.81,23.22,66.926408,17.9229,19.116659,35.335332,62.9,19.235155,18.584113,37.9476,,
2011-11-21,,,25.375649,48.534269,43.776886,21.12954,22.691925,29.50807,8.558584,31.431982,11.841565,49.6874,33.354058,51.5276,17.69,47.953349,13.31428,25.199099,50.88047,46.72316,42.820716,31.612962,31.612962,,28.859016,,,53.930112,53.930112,17.378913,30.408525,31.612962,64.7627,43.275012,44.07,44.07,22.034735,,,55.383717,59.327098,,68.5187,16.457311,94.0,22.81,66.782295,17.5376,18.563412,34.629856,62.06,18.977796,18.593655,37.7472,,
2011-11-22,,,25.483298,48.194883,43.923887,21.120745,22.53821,27.9541,8.531727,31.300326,11.705102,49.3399,33.441024,49.0344,18.25,48.114654,13.30966,25.383642,51.27623,46.631773,42.559309,31.843367,31.843367,,28.867837,,,53.921901,53.921901,17.360902,30.273949,31.843367,66.455484,43.111011,44.45,44.45,22.091211,,,55.410055,59.335294,,68.4339,16.335592,95.94,23.23,66.295784,17.666,18.128718,34.567334,62.21,18.945538,18.498135,37.6137,,
2011-11-23,,,24.927158,47.293053,43.465126,20.841225,22.013866,27.43614,8.272104,30.510855,11.497498,48.4166,32.997665,48.8202,17.635,47.346218,13.051041,25.142308,50.39373,45.681631,42.045151,31.548452,31.548452,,28.386446,,,52.246011,52.246011,17.135663,30.478625,31.548452,65.70621,42.473166,42.91,42.91,21.88946,,,54.725982,58.519535,,67.1787,16.2625,95.96,22.42,65.295818,17.4981,17.802698,34.076176,60.74,18.382433,18.316539,37.1544,,
2011-11-25,,,25.025859,47.060294,43.441627,20.919922,21.896395,27.962913,8.307914,30.668768,11.444064,48.1784,33.232358,48.4112,17.62,47.422097,13.24959,25.184828,50.366427,45.106034,42.48086,31.631353,31.631353,,28.329557,,,51.493923,51.493923,17.027596,30.461757,31.631353,65.669163,43.229472,42.515,42.515,21.994333,,,54.804906,58.758525,,67.0345,16.230067,95.01,22.34,65.791248,17.5277,17.76318,33.933297,60.66,18.406539,18.392975,36.8038,,
2011-11-28,,,25.922842,48.592483,45.088505,21.234348,22.330312,27.831174,8.424297,31.317923,11.663619,49.7469,33.467141,49.6577,18.58,48.199981,13.323475,25.86631,50.602994,46.202395,42.367604,32.156768,32.156768,,28.517775,,,55.21358,55.21358,18.090652,30.641223,32.156768,67.186283,43.37522,44.74,44.74,22.276887,,,55.243427,60.225252,,68.3406,16.303116,98.25,23.46,66.701179,18.002,18.187995,34.88787,62.81,18.744454,18.756069,38.1313,,
2011-11-29,,,26.066373,49.184034,45.153171,21.426467,22.366464,28.094561,8.630204,31.203865,11.574583,50.3525,33.953849,47.6418,18.7,48.551033,13.517451,26.244878,51.167016,45.672445,42.499525,32.562217,32.562217,,29.174513,,,55.262576,55.262576,18.117768,30.800193,32.562217,67.972604,43.593981,44.555,44.555,22.559355,,,55.831017,61.354114,,68.137,16.587214,97.78,23.7,66.782295,18.2655,18.316427,35.57234,62.95,18.583605,18.84224,38.7575,,
2011-11-30,,,27.017135,50.929479,46.94122,22.064113,23.614033,28.621333,9.095734,32.046035,11.819709,52.1395,34.727573,51.0601,18.67,49.945496,13.905403,27.087836,52.477114,47.499714,43.220446,33.318037,33.318037,,29.632861,,,57.551596,57.551596,19.036635,31.677115,33.318037,69.711626,44.377667,46.1,46.1,23.156612,,,56.586955,62.820753,,68.9682,16.989004,99.91,24.49,68.448844,18.8521,19.235212,36.553962,65.93,19.396093,19.282638,39.559,,
2011-12-01,,,27.106888,50.367036,46.794129,22.011709,23.333832,28.559916,9.033066,32.142496,11.742004,51.5637,34.684045,52.5112,18.185,49.850623,13.822277,27.202101,52.577257,47.271294,43.062195,33.640585,33.640585,,29.456615,,,56.488837,56.488837,18.775374,31.875715,33.640585,69.683959,44.231826,46.04,46.04,23.148532,,,56.666513,62.367622,,68.8749,16.924052,100.9,24.37,67.638055,18.9317,18.93883,36.247794,66.45,19.001902,19.464618,38.1731,,
2011-12-02,,,26.900538,50.405846,46.333305,22.090315,23.342847,28.568638,9.104686,32.186351,11.658294,51.6034,34.736279,54.8485,18.31,49.689416,13.388165,27.030655,52.622701,47.444882,43.185279,33.640585,33.640585,,29.258225,,,56.235464,56.235464,18.694323,31.223057,33.640585,69.295394,44.441461,46.915,46.915,22.930621,,,56.8345,62.186351,,69.0954,16.745479,102.51,24.39,67.475916,18.8123,18.840036,36.481928,65.41,18.881198,19.301819,35.2258,,
2011-12-05,,,26.873695,50.784042,47.597568,22.413536,23.776764,28.656494,9.221069,33.072375,11.670244,51.9906,34.95356,57.3416,18.16,49.784192,13.489773,26.830668,53.204956,47.02469,43.914946,33.649828,33.649828,,29.227351,,,57.110178,57.110178,18.739351,31.489761,33.649828,69.97067,44.796843,46.77,46.77,22.777266,,,56.940668,62.515933,,69.1378,16.769814,103.91,24.72,68.475883,18.6731,19.185815,36.779081,65.73,19.11454,19.464618,36.2193,,
2011-12-06,,,26.550748,50.58039,47.780713,22.291229,23.68643,28.928602,9.444881,32.949564,11.712099,51.7821,35.162226,55.4912,18.16,49.82218,13.66984,27.059294,53.268633,47.289571,43.774279,33.649828,33.649828,,29.390455,,,57.322676,57.322676,18.730346,31.421656,33.649828,69.5082,45.015512,47.505,47.505,23.213174,,,57.161693,62.276943,,69.5534,16.895647,101.72,24.97,69.070455,18.8322,19.146297,37.256367,64.86,19.283454,19.512427,35.9438,,
2011-12-07,,,26.505917,50.502771,47.69802,22.265026,23.813008,28.875997,9.606026,33.098724,11.658294,51.7027,35.257809,55.686,18.05,49.888611,13.62368,27.059294,52.950248,47.18,43.809446,33.502323,33.502323,,29.434562,,,57.429511,57.429511,18.739351,31.100995,33.502323,69.628437,45.079306,47.885,47.885,23.269651,,,57.391588,62.276943,,69.9096,16.829839,101.31,24.93,68.998445,18.8322,19.077141,37.310466,64.54,19.331753,19.445437,36.5282,,
2011-12-08,,,25.77931,49.794891,47.30222,22.160218,23.270543,28.621333,9.534406,33.26539,11.466973,50.978,34.979677,54.5758,17.995,49.556554,13.434325,26.616409,53.39608,45.992252,43.352277,33.318037,33.318037,,29.412508,,,55.794317,55.794317,18.595262,30.959073,33.318037,68.601642,44.623622,47.675,47.675,23.027499,,,56.878759,61.436509,,70.0707,16.599467,100.06,24.01,68.602063,18.524,19.077141,36.932165,64.12,18.953603,19.368809,35.8853,,
2011-12-09,,,26.120152,50.570688,47.632995,22.448441,23.632156,28.832024,9.794028,33.177681,11.676249,51.7722,35.136109,56.9131,18.23,50.277554,13.660646,26.91639,53.951031,46.988135,43.791862,33.824966,33.824966,,29.782733,,,57.996533,57.996533,19.325012,31.018744,33.824966,69.489629,45.370894,48.57,48.57,23.229249,,,57.639132,62.276943,,71.0969,16.677614,103.97,24.47,69.746143,18.7328,19.551353,37.283417,66.46,19.629434,19.656045,36.6869,,
2011-12-12,,,25.420571,49.571932,46.498782,22.23012,23.216268,28.50722,9.561263,33.142579,11.419174,50.7496,34.849272,55.014,18.06,49.831628,13.411221,26.502047,53.723535,45.471488,43.176442,33.566833,33.566833,,29.482989,,,56.879002,56.879002,19.072756,30.899493,33.566833,68.888353,44.742083,47.855,47.855,23.301887,,,57.170563,61.922599,,70.9867,16.587128,101.32,23.72,68.899303,18.4444,19.314247,37.121316,64.43,19.315624,19.244371,36.3446,,
2011-12-13,,,24.97208,48.485757,45.760279,22.14272,22.710047,28.349225,9.426976,33.037365,11.371313,49.6377,34.588462,48.6449,18.0,49.860169,13.351199,26.173524,53.468827,45.334454,42.83361,33.437813,33.437813,,29.302332,,,56.344825,56.344825,18.874534,31.154952,33.437813,68.351884,44.36854,47.35,47.35,23.398764,,,56.8345,62.21931,,70.8849,16.763988,101.67,24.01,68.719138,18.2158,19.195694,36.553962,63.59,18.929497,19.349724,35.7184,,
2011-12-14,,,24.604302,48.126966,45.801626,22.064113,22.836625,28.340412,9.310593,33.142579,11.293608,49.2704,34.536318,46.4732,18.175,49.888611,13.208051,26.187795,53.532504,44.311202,42.80719,33.327279,33.327279,,29.205298,,,55.975052,55.975052,18.96459,30.75476,33.327279,67.140045,44.487001,46.365,46.365,23.188933,,,56.569306,61.683695,,71.5634,16.599467,102.0,23.81,68.81828,18.2257,19.126539,36.689013,63.27,18.792754,19.081572,35.1757,,
2011-12-15,,,25.079729,48.146371,46.463355,22.317431,23.07166,28.691563,9.623931,33.797262,11.359363,49.2903,34.736279,43.1912,18.395,50.239565,13.323475,26.287789,53.960102,44.51216,42.868777,33.603709,33.603709,,29.482989,,,57.963598,57.963598,19.45109,31.11233,33.603709,67.464939,44.951718,45.97,45.97,23.495642,,,57.338549,62.557088,,72.1655,16.895647,102.27,24.38,68.935355,18.2953,19.26485,37.778736,64.1,19.139886,19.656045,36.0607,,
2011-12-16,,,24.846444,47.661546,45.919837,22.23012,23.306695,28.726724,9.597073,34.336966,11.323514,48.7939,34.527613,44.0774,18.385,50.249111,13.20343,26.31633,54.042012,44.566992,42.877524,33.631342,33.631342,,29.725485,,,58.637455,58.637455,20.144818,30.658271,33.631342,67.697074,44.432334,47.945,47.945,23.519883,,,57.214732,62.293422,,72.2673,16.726971,103.05,24.12,69.151571,18.3152,19.294489,38.40009,63.27,19.01874,19.502884,36.9374,,
2011-12-19,,,24.46077,47.293053,45.783957,21.985507,22.746199,28.542381,9.444881,34.089318,11.197948,48.4166,34.414619,44.7689,18.25,50.18268,13.231154,26.244878,54.223972,45.197421,42.842357,33.382546,33.382546,,29.69461,,,57.552769,57.552769,19.883557,30.888157,33.382546,67.882687,44.487001,47.635,47.635,23.681318,,,56.914148,62.787795,,71.3174,16.669388,104.23,23.81,69.025483,18.2655,19.27473,37.679652,63.0,18.590872,19.340085,36.8622,,
2011-12-20,,,25.429519,48.379129,46.711436,22.87647,23.29768,28.911067,9.847743,34.717467,11.287664,49.5285,34.136398,44.4572,18.9,50.766585,13.35582,26.744945,54.196669,46.640958,43.36986,34.018495,34.018495,,30.148548,,,58.522408,58.522408,20.478124,31.518145,34.018495,69.061743,45.16126,48.595,48.595,24.10098,,,57.939716,63.844986,,72.0892,16.870969,106.54,24.37,70.620022,18.6135,19.294489,38.670291,63.58,18.978417,19.531608,38.1731,,
2011-12-21,,,25.716583,48.718516,47.213607,23.11229,23.532714,29.314914,10.008888,34.788224,11.377319,49.876,34.910122,44.1164,18.995,51.484632,13.517451,26.773486,55.151916,47.289571,43.95895,34.424038,34.424038,,30.664325,,,58.530619,58.530619,20.379062,31.926861,34.424038,71.002107,45.74453,48.46,48.46,24.464166,,,58.390726,65.076907,,72.9373,17.068436,106.49,24.9,70.908249,18.6334,20.153997,39.093577,64.72,19.269009,19.991187,38.6657,,
2011-12-22,,,25.743427,48.757326,47.130913,23.033683,23.505577,29.376967,9.937268,34.752845,11.317508,49.9157,35.040527,43.9021,18.79,51.503725,13.522071,26.91639,55.552303,47.819521,43.87978,34.387162,34.387162,,30.49681,,,57.593825,57.593825,20.000629,31.838897,34.387162,63.835013,45.461975,47.84,47.84,24.398758,,,58.390726,64.802255,,72.7083,16.977907,109.21,24.78,70.719071,18.7328,20.341706,39.174627,64.66,19.260944,19.952921,38.34,,
2011-12-23,,,26.066373,49.067605,47.579809,23.234597,23.550836,29.368063,10.017841,35.239482,11.389269,50.2334,35.266514,44.2235,18.665,51.838833,13.609818,26.959301,55.497696,48.194067,44.257869,34.783463,34.783463,,30.827339,,,57.750017,57.750017,20.334034,32.258859,34.783463,60.613549,45.872025,47.48,47.48,24.415089,,,58.859296,65.5514,,72.8186,17.163035,108.73,24.83,70.989365,18.7626,20.499777,39.624864,65.56,19.16408,20.01991,38.7492,,
2011-12-27,,,26.048478,49.465206,48.353739,23.2433,23.586988,29.447742,9.982031,35.283704,11.425118,50.6404,35.301247,44.1261,18.825,51.991969,13.637542,27.016384,55.979901,48.057033,44.618284,34.746587,34.746587,,30.800965,,,58.152635,58.152635,20.189846,32.358249,34.746587,64.132051,46.236534,47.495,47.495,24.316935,,,58.69131,65.618014,,72.6744,17.171261,112.88,24.83,70.917262,18.8024,20.736882,39.651914,65.88,19.333614,20.000729,39.1082,,
2011-12-28,,,25.447415,49.377983,47.739367,23.024979,22.92696,29.376967,9.910411,34.867825,11.311564,50.5511,35.153521,43.98,18.57,51.628222,13.494347,27.030655,56.070881,47.396705,44.556787,34.607287,34.607287,,30.637861,,,57.092583,57.092583,20.153823,32.446213,34.607287,63.110847,46.126548,45.83,45.83,24.316935,,,58.275779,65.351646,,71.8857,17.154809,110.24,24.24,70.592984,18.8123,20.233033,39.066527,65.18,18.986481,19.924197,38.2482,,
2011-12-29,,,25.77931,49.630049,47.863407,23.252095,23.442288,29.660341,10.035745,35.310238,11.335464,50.8092,35.344775,44.5449,18.81,51.991969,13.591335,27.145017,56.407499,47.983643,44.715038,34.997364,34.997364,,30.924373,,,58.128002,58.128002,20.58629,32.619331,34.997364,63.723588,46.566679,46.875,46.875,24.374177,,,58.832777,65.842705,,73.548,17.179487,109.9,24.49,70.836239,18.8919,20.430621,39.381712,65.61,19.398131,19.972005,38.7158,,
2011-12-30,,,25.653765,49.67856,47.56214,23.059885,23.306695,29.43893,10.026793,34.929737,11.347413,50.8588,35.127404,43.6781,18.33,51.733527,13.526692,27.030655,56.207306,48.231278,44.460033,34.700185,34.700185,,30.840571,,,56.977536,56.977536,20.270995,32.352536,34.700185,63.807157,46.227408,46.07,46.07,24.259608,,,58.66479,65.326622,,72.5133,17.039645,108.56,24.28,70.421832,18.8123,20.420741,39.210595,65.38,19.107539,19.761397,38.3734,,
2012-01-03,,,25.913894,49.436099,47.621246,22.963781,23.388106,29.208705,9.758218,33.921178,11.185998,50.6106,35.031821,45.3629,18.175,51.206999,13.475911,26.844938,55.306573,47.185812,44.363369,34.61653,34.61653,,30.915552,,,57.100794,57.100794,20.460112,32.145321,34.61653,66.239551,46.135675,46.25,46.25,23.367804,,,58.708959,65.418172,,72.3097,16.961455,104.83,24.19,69.638082,18.6831,20.480018,39.300662,64.7,19.156015,19.445437,38.7241,,
2012-01-04,,,26.344398,49.24215,46.835476,23.15599,23.550836,28.987294,9.713456,34.107007,11.215904,50.4121,35.240398,44.1553,17.66,50.977197,13.425083,26.973572,55.424857,47.084864,44.319366,34.728007,34.728007,,30.721573,,,56.632487,56.632487,20.280001,31.977917,34.728007,66.035273,46.135675,46.295,46.295,23.236904,,,59.009633,65.301685,,72.4793,16.768101,105.53,24.36,69.620056,18.7726,20.193515,38.949509,64.13,19.034869,19.502884,38.9245,,
2012-01-05,,,26.227801,49.08701,46.670089,23.138492,23.577881,28.172423,9.552311,34.319277,11.174048,50.2532,35.396919,43.1815,17.23,50.96765,13.323475,26.959301,55.343039,48.02957,44.372116,35.053102,35.053102,,30.576112,,,56.837856,56.837856,20.189846,32.378109,35.053102,66.564445,46.190715,46.93,46.93,23.588693,,,58.549843,65.101931,,73.0985,16.702292,101.68,23.87,69.980386,18.7626,19.492077,39.08456,63.85,19.051087,19.416713,38.6039,,
2012-01-06,,,26.075321,49.048201,45.87257,23.077384,23.017386,27.853615,9.435928,34.080381,11.102288,50.2135,35.094735,42.042,17.5,50.757039,13.392785,27.002113,55.215593,47.506744,44.407283,34.876644,34.876644,,30.382223,,,56.451661,56.451661,20.280001,32.369585,34.876644,66.053843,46.190715,47.69,47.69,23.498704,,,57.815989,64.161314,,72.9628,16.636484,102.66,23.83,69.746143,18.7925,19.422921,39.237645,63.36,18.92994,19.45498,39.0595,,
2012-01-09,,,25.949777,49.261555,46.699597,23.164694,23.261528,28.190139,9.650788,34.080381,11.030527,50.4319,35.033437,45.0513,17.615,50.96765,13.392785,27.030655,55.461323,47.946994,44.583117,35.034523,35.034523,,30.382223,,,56.985747,56.985747,20.234874,32.449025,35.034523,66.258122,46.438253,47.96,47.96,23.318727,,,58.116572,63.978126,,73.6328,16.726971,102.55,23.76,70.232654,18.8123,19.7687,39.417779,64.01,19.01874,19.234829,38.9498,,
2012-01-10,,,25.815193,49.668858,47.4381,23.557817,23.252421,28.695016,9.901458,34.168919,11.209898,50.8489,35.322428,46.7361,17.635,50.843252,13.526692,27.016384,55.497696,48.524747,45.189791,35.313122,35.313122,,30.56288,,,57.536347,57.536347,20.433096,32.312816,35.313122,66.685156,46.93333,47.625,47.625,23.654185,,,58.054663,64.361069,,73.6073,16.928551,101.48,24.43,70.989365,18.8024,20.45038,40.219267,64.97,19.188274,19.464618,39.1945,,
2012-01-11,,,25.949777,49.794891,47.213607,23.47921,23.369984,28.579813,9.749266,33.753039,11.347413,50.978,35.401227,46.2297,17.665,50.555974,13.475911,27.145017,55.579514,48.460542,45.330458,35.229561,35.229561,,29.998766,,,56.640698,56.640698,20.442101,31.8048,35.229561,67.409227,46.860037,46.2,46.2,23.596943,,,57.480016,63.761718,,73.3953,16.842178,100.66,23.75,70.998378,18.8919,20.727003,40.390385,64.29,19.196338,18.899688,38.5954,,
2012-01-12,,,26.138139,49.940328,46.670089,23.575225,23.29768,28.854374,9.838791,33.584992,11.490935,51.1269,35.593918,46.0057,17.685,50.680471,13.535934,27.102107,56.070881,48.689899,45.224958,35.498917,35.498917,,29.782733,,,57.092583,57.092583,20.676346,31.8048,35.498917,67.288612,46.979243,47.515,47.515,23.596943,,,57.135173,63.636861,,73.0561,16.907986,101.9,23.7,71.241633,18.8621,20.746762,40.255333,65.52,19.333614,19.110296,39.0933,,
2012-01-13,,,26.165074,49.843403,46.587395,23.453008,23.134949,28.765791,9.758218,33.461076,11.449079,51.0276,35.593918,45.7428,17.73,50.469859,13.378923,27.216372,55.934365,48.643971,44.671034,35.080925,35.080925,,29.527095,,,56.961114,56.961114,20.712368,32.097077,35.080925,66.610872,46.951677,48.495,48.495,23.695097,,,56.940668,64.361069,,72.7677,16.998515,102.43,23.16,71.016404,18.9416,20.45038,39.570863,64.61,19.075281,19.033763,38.8907,,
2012-01-17,,,25.815193,49.853105,47.420341,23.496618,23.397121,28.385021,9.731361,33.293029,11.969174,51.0375,35.707809,49.5409,18.0,50.77623,13.503588,27.116378,55.888921,48.827401,44.741368,35.415356,35.415356,,29.685789,,,56.961114,56.961114,20.685351,32.358249,35.415356,67.9384,47.125922,50.28,50.28,23.637854,,,57.161693,63.179021,,73.2426,17.121905,101.41,22.6,72.295677,18.872,20.410862,39.282629,64.17,19.051087,18.736984,38.7389,,
2012-01-18,,,26.209905,50.182789,47.857488,23.688828,23.505577,28.349588,9.749266,33.37263,11.96323,51.3751,35.953003,50.0473,18.31,51.245283,13.508209,27.50218,56.352893,50.267284,44.978789,35.963312,35.963312,,29.791555,,,57.519924,57.519924,20.721373,32.065881,35.963312,67.919829,47.611873,49.955,49.955,23.695097,,,57.338549,60.981547,,73.9975,16.949116,100.67,22.88,73.016337,19.1405,20.519535,39.462763,63.95,19.527342,18.631632,38.6123,,
2012-01-19,,,26.38932,50.968289,48.442353,23.741232,24.174621,28.571,9.758218,33.027599,12.118639,52.1792,35.865498,50.8069,18.605,51.178261,13.596427,27.716438,56.089022,50.083854,45.00512,35.944732,35.944732,,29.729896,,,57.429511,57.429511,20.775506,31.313832,35.944732,68.319101,47.740205,50.48,50.48,23.408716,,,58.275779,61.414363,,73.8363,16.545955,99.98,22.55,73.007324,19.2896,20.766521,39.210595,62.86,19.640335,18.669898,38.376,,
2012-01-20,,,26.94546,51.113726,48.678684,23.636423,24.039028,28.119273,9.579168,33.328407,11.945275,52.3281,35.620214,49.5701,18.575,49.73272,13.57785,27.487909,55.988971,50.304026,44.899619,35.91691,35.91691,,30.011908,,,57.519924,57.519924,20.568278,31.129379,35.91691,68.504714,47.226782,52.26,52.26,23.482374,,,58.602882,62.030367,,72.861,16.545955,99.97,22.93,72.412752,19.1305,20.7764,39.624864,56.76,19.704941,18.382662,38.6629,,
2012-01-23,,,26.810877,51.036107,48.655006,23.584019,24.048043,28.092743,9.561263,33.699972,11.87952,52.2487,35.585212,47.1841,18.46,49.44554,13.6614,27.416457,56.198235,50.34986,44.838122,35.731114,35.731114,,30.205886,,,57.454145,57.454145,20.541262,31.291161,35.731114,67.325658,47.043409,52.5,52.5,23.408716,,,58.443765,62.313389,,71.9959,16.657049,99.84,23.08,73.02535,19.0808,20.825797,39.624864,56.28,19.600012,18.353938,38.5954,,
2012-01-24,,,26.748058,51.133131,48.60774,23.592723,24.039028,27.995348,9.650788,33.443387,11.84367,52.348,35.121032,49.2779,18.615,49.694436,13.717132,27.18783,55.852455,49.900424,44.398536,35.573235,35.573235,,29.928195,,,57.051527,57.051527,20.451107,31.8048,35.573235,65.682522,46.832564,53.14,53.14,23.138751,,,58.532193,61.722321,,72.7847,16.340262,99.71,23.12,72.971273,18.9217,20.687485,38.580224,56.63,19.761393,18.162511,38.4688,,
2012-01-25,,,26.981252,51.268866,49.174936,23.732528,24.707979,28.092743,9.802981,34.292743,11.861564,52.4869,35.576417,49.7162,18.685,50.086921,13.74033,27.373546,56.043578,50.900149,44.758951,35.638217,35.638217,,30.16178,,,57.035105,57.035105,20.568278,32.468885,35.638217,67.399942,47.547706,54.2425,54.2425,23.457793,,,58.974244,63.936536,,73.972,16.587128,100.01,23.26,73.142425,19.051,20.894953,38.715275,56.58,19.906733,18.037978,39.4139,,
2012-01-26,,,26.766046,50.89067,48.696353,23.618925,24.301199,28.048497,9.695551,34.575862,11.981186,52.0998,35.375021,48.0508,18.62,49.876309,13.731041,27.387817,55.979901,50.744183,43.950113,35.851834,35.851834,,29.976712,,,57.388455,57.388455,20.487129,31.609011,35.851834,68.708993,46.823344,53.235,53.235,23.449627,,,58.815127,63.578617,,74.0144,16.48426,99.89,23.15,71.187556,19.0609,20.667727,38.877376,56.6,19.850192,18.095425,39.2958,,
2012-01-27,,,26.748058,51.171941,48.0879,23.539593,24.400641,27.844802,9.677646,34.24852,11.85562,52.3877,35.059733,51.1185,18.775,49.522108,13.475723,27.245011,55.716031,50.588309,43.721529,35.731114,35.731114,,29.725485,,,57.232263,57.232263,20.406079,30.502203,35.731114,68.727564,46.218188,53.765,53.765,23.024181,,,58.187351,62.812819,26.7,75.312,16.216872,100.77,22.92,70.800187,18.9615,20.667727,38.616291,56.65,19.914798,17.999712,39.0679,,
2012-01-30,,,26.649449,50.764637,47.668422,23.460261,24.111332,27.959915,9.588121,33.947712,11.688199,51.9707,34.91084,51.6542,19.27,49.703982,13.3272,27.145017,56.134558,50.698349,43.492944,35.461758,35.461758,,29.734216,,,57.437722,57.437722,20.595295,31.100995,35.461758,68.569712,46.41078,52.755,52.755,23.228739,,,57.833638,62.346696,26.8,74.5827,16.274454,99.8,22.77,70.556932,18.8919,20.529415,38.310023,56.63,19.817934,17.932722,38.6714,,
2012-01-31,,,25.6807,50.725828,47.975698,23.504325,24.219788,28.075027,9.632883,34.34581,11.568639,51.931,34.884544,51.9463,19.295,49.63696,13.359686,27.359276,55.570444,50.890964,43.536948,35.573235,35.573235,,29.765091,,,57.100794,57.100794,20.712368,30.47663,35.573235,68.783276,46.337394,52.255,52.255,23.236904,,,58.063533,62.238404,26.91,74.1671,16.138681,100.05,22.33,70.97134,19.041,20.647968,38.625307,56.54,19.567665,17.846551,37.8697,,
2012-02-01,,,26.18297,51.278569,48.749539,23.592451,24.355381,28.083931,9.731361,34.549328,11.610495,52.4969,35.050938,52.3456,19.38,49.847572,13.447857,27.173559,55.770637,51.826391,43.352277,35.731114,35.731114,,29.906142,,,57.347309,57.347309,21.370073,30.510727,35.731114,68.086966,46.832564,52.355,52.355,23.2614,,,58.69131,63.054163,27.25,74.8625,16.286793,100.11,22.35,71.710025,18.9118,21.122179,39.408762,56.59,19.777611,17.731656,39.338,,
2012-02-02,,,26.165074,51.394997,48.962193,23.715846,24.572386,28.199043,9.543358,34.575862,11.586595,52.616,34.972138,64.6846,20.455,49.962522,13.471102,28.359408,55.998042,51.624683,44.477616,35.833255,35.833255,,29.897321,,,57.166573,57.166573,21.144834,31.103806,35.833255,69.061743,47.080103,52.92,52.92,23.351474,,,58.708959,63.129148,27.85,75.117,16.36494,102.21,22.29,71.836206,19.737,21.418562,39.102594,55.35,19.704941,17.82737,39.5658,,
2012-02-03,,,26.505917,52.675023,49.694776,23.618925,24.85268,28.252192,9.588121,34.195452,11.604489,53.9264,34.902045,64.48,20.64,49.723173,13.563941,28.573666,55.643283,51.377048,44.697454,36.111948,36.111948,,30.007497,,,57.519924,57.519924,21.15384,31.662878,36.111948,69.841622,46.979243,52.8525,52.8525,23.596943,,,58.938854,63.778372,27.14,75.77,16.352601,105.66,23.07,71.674067,19.8862,21.606271,39.561847,54.8,19.842127,18.555004,39.7767,,
2012-02-06,,,26.550748,52.563005,49.25171,23.601336,24.500082,28.207856,9.623931,33.912334,11.628388,53.8118,34.744356,67.2118,20.95,49.933785,13.485011,28.487944,55.506767,51.615498,44.556787,35.944732,35.944732,,29.985534,,,57.191207,57.191207,21.162845,31.838897,35.944732,70.315082,46.89673,52.695,52.695,23.433297,,,58.815127,63.969843,26.89,75.63,16.455469,103.84,22.99,71.638015,19.8265,21.556874,39.273711,55.51,19.672593,18.334853,39.5573,,
2012-02-07,,,26.730163,52.494892,49.039057,23.451467,24.62666,28.225572,9.525453,34.027313,11.580589,53.7421,34.499162,64.5385,20.68,49.608321,13.498921,28.302227,54.988188,51.312843,44.679871,35.768274,35.768274,,30.214708,,,56.739232,56.739232,21.054778,32.071594,35.768274,69.507347,46.291574,53.045,53.045,23.580527,,,59.027282,64.59413,26.18,75.0,16.500712,103.16,23.23,71.45785,19.6973,21.626029,39.588896,55.42,19.406195,18.325214,39.0595,,
2012-02-08,,,27.286303,52.864758,48.714112,23.407404,24.816436,28.225572,9.525453,33.779573,11.526784,54.1208,34.17508,63.5743,20.45,49.656152,13.517498,28.559396,54.860834,51.743908,44.257869,35.796096,35.796096,,30.117763,,,56.681754,56.681754,21.189862,32.170894,35.796096,68.978175,46.392433,53.5,53.5,23.596943,,,59.009633,64.827192,26.02,75.71,16.299132,102.74,23.18,71.42152,19.8763,21.369165,39.354762,54.75,19.406195,18.239043,40.7724,,
2012-02-09,,,27.582315,52.699328,49.056725,23.530799,25.187156,28.402738,9.525453,33.73535,11.718105,53.9513,34.227672,62.5713,20.33,49.876309,13.647491,28.530854,54.39677,52.56011,44.143531,35.888993,35.888993,,29.95907,,,56.320192,56.320192,20.622312,35.29544,35.888993,70.045806,46.41078,54.155,54.155,23.973312,,,56.82572,66.641811,26.52,76.71,16.545955,102.31,22.91,71.793185,19.8564,21.4482,39.534797,55.07,19.325549,18.315672,41.0087,,
2012-02-10,,,27.420796,52.232047,48.643257,23.486736,24.798406,28.048497,9.570216,34.071536,11.299614,53.473,34.236378,61.2273,19.9875,49.656152,13.452525,28.287956,54.178436,52.165787,43.791862,35.833255,35.833255,,29.945838,,,55.662848,55.662848,19.802506,34.787514,35.833255,68.87613,46.254881,54.145,54.145,23.899654,,,56.542786,66.958139,26.64,76.23,16.348488,100.38,22.76,71.45785,19.6873,21.191335,38.877376,57.46,19.067216,18.114606,40.0636,,
2012-02-13,,,27.743742,52.387872,48.708192,23.566067,25.458342,28.013064,9.785076,34.186608,11.233859,53.6325,34.455365,63.6815,20.165,49.809288,13.392173,28.630848,54.433236,52.349217,43.976534,35.666133,35.666133,,30.166191,,,55.892941,55.892941,20.054762,34.753417,35.666133,69.785909,46.181588,54.635,54.635,23.915985,,,56.312891,67.932063,27.72,75.32,16.517164,101.09,22.41,71.86566,19.926,21.329647,39.417779,57.28,19.115604,18.229501,40.1396,,
2012-02-14,,,28.100015,52.738236,48.442353,23.583656,25.40416,28.172423,9.731361,34.602395,11.221848,53.9912,34.858247,65.561,20.075,49.483824,13.429327,28.930829,55.151916,52.789374,44.222702,35.759031,35.759031,,30.368991,,,55.769683,55.769683,19.811512,34.832857,35.759031,70.50079,46.135675,55.135,55.135,23.948731,,,56.162554,67.96537,29.7,74.55,16.611806,100.92,22.52,71.983478,20.1348,21.201215,39.642897,57.55,19.180209,18.114606,39.5067,,
2012-02-15,,,28.000858,52.747938,48.099739,23.768794,25.621073,28.199043,10.73404,35.301394,11.299614,54.0012,34.691853,64.0321,19.82,49.493371,13.447857,28.916558,55.042795,52.092397,46.482128,35.563898,35.563898,,30.148548,,,55.342342,55.342342,19.676329,35.142182,35.563898,69.767339,46.034909,53.255,53.255,23.932401,,,55.764673,67.882102,30.94,74.65,16.607693,100.79,22.35,70.832429,20.1248,21.211094,39.498829,56.85,19.172145,18.037978,39.3717,,
2012-02-16,,,28.172238,54.840807,48.324232,23.557273,25.919396,28.393834,10.778802,35.389839,11.383325,56.1437,34.840746,67.2458,19.975,49.876309,13.522166,28.945099,55.024562,52.358309,46.20963,35.517497,35.517497,,30.351348,,,56.188723,56.188723,19.77539,35.758023,35.517497,70.844255,46.273227,52.99,52.99,24.169619,,,55.46409,68.206714,30.97,75.74,16.866856,101.29,22.72,64.89572,20.1447,21.744582,40.615503,56.89,19.511213,18.306129,39.9624,,
2012-02-17,,,28.280435,54.529253,47.981528,23.336957,26.217812,29.137839,10.80566,34.991741,11.335464,55.8248,33.579507,67.2069,19.915,52.145204,13.545364,28.98801,55.370342,52.30329,46.18321,35.303879,35.303879,,30.435061,,,55.851795,55.851795,19.748374,36.056013,35.303879,70.101518,46.557459,53.2,53.2,24.259608,,,55.41983,68.040267,30.8,74.79,16.821613,101.14,23.01,66.228048,20.1745,21.95205,40.912655,56.91,19.454672,18.181596,39.8021,,
2012-02-21,,,28.298513,53.954951,47.82798,23.257625,25.865214,29.270668,10.814612,34.690933,11.478923,55.2368,33.483206,67.9276,20.04,51.331496,13.522166,28.759383,55.206522,52.523462,45.682127,35.824012,35.824012,,30.333705,,,55.975052,55.975052,19.730362,36.626512,35.824012,71.215576,46.044035,53.65,53.65,24.235112,,,55.826582,68.481453,30.35,74.41,16.726971,100.21,23.2,65.648064,20.0155,21.566753,40.390385,57.0,19.269009,17.990169,40.0974,,
2012-02-22,,,28.460854,53.808926,47.733447,23.010836,26.082127,29.323817,11.011567,34.39897,11.484929,55.0874,33.859792,67.4114,20.045,51.341042,13.480391,28.830835,55.151638,52.312475,46.18321,35.2853,35.2853,,30.523274,,,55.88473,55.88473,19.793501,36.60375,35.2853,72.143926,45.851536,55.06,55.06,24.259608,,,55.791192,68.498107,30.61,74.46,16.587128,104.58,23.2,65.865581,20.0652,21.586512,39.994149,58.12,19.123668,17.894359,39.8274,,
2012-02-23,,,28.632325,53.896541,47.733447,23.636605,25.865214,29.704587,10.975757,34.390125,11.646344,55.1771,33.833496,65.8532,20.47,51.465441,13.178629,29.002281,55.591083,52.495905,46.684383,35.275963,35.275963,,30.492399,,,56.698176,56.698176,20.189846,36.575365,35.275963,71.819032,45.961523,54.87,54.87,24.300519,,,55.817712,68.398186,31.37,74.58,16.722857,100.01,23.23,66.83535,20.1845,21.270371,39.985132,58.67,19.317396,18.057159,40.5952,,
2012-02-24,,,28.830731,54.12048,47.910673,23.654194,25.955641,29.855223,11.011567,34.142385,11.6404,55.4063,33.413112,64.4508,20.33,51.149524,13.355018,28.95937,55.948155,52.156602,46.376628,35.183159,35.183159,,30.413007,,,55.827161,55.827161,20.153823,36.896118,35.183159,72.431773,46.099075,56.38,56.38,24.537823,,,55.976919,69.105741,31.35,74.66,16.98202,99.01,23.54,67.74175,20.1547,21.309888,39.55283,58.12,19.244815,18.181596,40.2408,,
2012-02-27,,,28.605207,53.507271,47.910673,23.451467,25.548769,29.686871,11.038425,33.98309,11.616439,54.7785,33.316812,64.6943,19.92,50.938913,13.294713,28.873647,55.252336,52.028192,46.508548,35.210981,35.210981,,30.338116,,,54.405637,54.405637,20.253676,37.054997,35.210981,72.413203,46.337394,57.27,57.27,24.57057,,,55.985698,69.172354,31.45,74.94,17.204208,97.56,24.05,67.787,20.095,21.220974,39.480796,58.5,19.188274,18.325214,39.9033,,
2012-02-28,,,28.487972,53.507271,48.117408,23.275214,25.539753,29.35925,10.9489,33.726505,11.54474,54.7785,33.360609,64.2171,20.055,50.527335,13.220404,28.967092,54.547355,51.459531,46.384472,35.294542,35.294542,,30.346937,,,53.961874,53.961874,20.37164,37.224487,35.294542,71.976884,46.154021,56.99,56.99,24.562404,,,55.985698,69.804925,31.5,75.02,17.105453,96.49,23.61,67.433546,20.16,21.398803,39.624864,57.87,18.994546,18.306033,39.7599,,
2012-02-29,,,28.14512,53.614291,48.235618,23.134231,26.127386,29.509796,10.975757,33.664593,11.443074,54.8881,33.5533,63.2724,20.42,50.460313,13.215784,29.09641,55.572757,52.596759,46.402146,35.359618,35.359618,,30.792144,,,53.551045,53.551045,20.37164,37.646625,35.359618,72.181068,46.254881,57.19,57.19,24.627812,,,56.106076,69.521903,31.14,74.6,17.249451,94.52,23.43,68.267378,20.25,21.576632,39.570863,57.6,18.768471,18.142944,38.7642,,
2012-03-01,,,28.433827,53.964752,48.502624,23.072488,25.838077,29.368063,10.823565,33.744195,11.712099,55.2468,33.430613,65.4539,20.81,50.709208,13.16472,29.29757,55.957318,53.046195,46.322434,35.303879,35.303879,,30.677467,,,53.31274,53.31274,20.37164,37.304834,35.303879,72.45963,46.236534,57.45,57.45,24.562404,,,55.758428,70.112971,31.49,74.17,17.344051,95.76,23.45,68.747756,20.39,22.238553,39.661525,57.99,18.816947,18.229308,38.8739,,
2012-03-02,,,28.542116,53.049691,48.122879,23.03731,25.612058,29.394684,11.101092,33.443387,11.6404,54.3101,33.448114,66.5057,20.5,50.718755,13.178629,31.366648,56.149552,52.596759,46.189432,35.526739,35.526739,,30.492399,,,52.556772,52.556772,20.03586,37.000405,35.526739,72.654528,46.575806,58.59,58.59,24.513327,,,55.731727,70.379339,31.46,74.3,17.307033,96.5,23.55,69.201003,21.83,21.961929,39.552731,56.93,18.688977,18.641849,38.2326,,
2012-03-05,,,28.551063,53.370947,48.057585,23.231151,25.395053,29.261764,11.011567,33.496454,11.825715,54.6389,33.807289,65.7169,20.555,50.82406,13.229693,30.518901,55.783317,52.651778,46.171668,35.619637,35.619637,,30.514452,,,53.181272,53.181272,20.299001,36.871179,35.619637,73.304411,46.594152,57.67,57.67,24.758712,,,55.972393,71.10346,31.45,74.41,17.451032,96.37,23.5,69.318821,21.24,21.942171,39.307796,57.0,18.880844,18.603487,38.4857,,
2012-03-06,,,27.414496,52.387872,47.541422,22.931504,24.62666,28.934144,10.778802,33.496454,11.694205,53.6325,33.597008,63.7594,20.005,50.287986,13.108988,29.843577,54.748752,51.294472,45.950116,35.545319,35.545319,,30.307242,,,52.47457,52.47457,20.008645,36.782127,35.545319,72.840236,46.236534,56.47,56.47,24.611481,,,55.517762,69.97146,30.25,73.42,17.389294,97.04,22.59,67.859568,20.77,21.556874,38.137518,56.19,18.597165,18.402036,38.5195,,
2012-03-07,,,28.009806,52.407277,47.517654,23.002041,25.044939,29.084689,10.796707,33.337252,11.760455,53.6524,33.684602,62.0551,20.26,50.383745,13.206495,30.63385,54.611402,51.652146,46.029918,35.136663,35.136663,,30.320474,,,52.92086,52.92086,20.462388,36.762085,35.136663,73.406551,46.474946,56.72,56.72,24.627812,,,55.820789,69.979743,30.18,73.0,17.380982,98.13,22.82,68.131442,21.32,21.566753,38.201031,55.97,18.597165,18.757033,38.6798,,
2012-03-08,,,28.06395,53.672701,47.321862,23.107756,24.690317,29.040352,10.671373,33.354941,11.688137,54.9479,33.693398,60.7696,20.31,50.709208,13.243649,31.237331,54.529029,51.762186,46.464184,35.210981,35.210981,,30.532095,,,53.317523,53.317523,20.444179,37.434151,35.210981,73.638685,46.557459,57.71,57.71,24.922358,,,56.115037,70.437583,29.91,73.55,17.581106,100.1,22.37,68.494001,21.74,21.942171,38.700016,56.01,18.663897,18.852939,39.0848,,
2012-03-09,,,28.082028,54.655776,47.440611,23.063693,25.01771,29.075785,10.751945,33.699972,11.8207,55.9543,33.789698,51.2159,20.645,50.795323,13.341109,30.720061,54.464982,52.550925,46.481948,35.24814,35.24814,,30.637861,,,54.06122,54.06122,20.652891,37.023439,35.24814,73.731445,46.740831,59.57,59.57,24.922358,,,56.293251,70.429212,30.67,73.91,17.543574,102.14,22.87,68.376183,21.38,22.070603,38.790678,57.31,18.880844,19.05439,39.3211,,
2012-03-12,,,28.262448,54.500048,47.820266,23.143025,25.044939,29.066973,10.76985,34.089318,11.953262,55.7949,33.7284,48.8591,20.565,50.91982,13.341109,30.547638,55.444571,52.211622,46.827665,35.406019,35.406019,,30.919963,,,54.176898,54.176898,21.043101,37.316351,35.406019,74.260617,47.089229,59.59,59.59,24.906027,,,56.997508,70.370969,30.02,73.93,17.464356,101.69,22.38,68.394302,21.26,22.297829,38.80881,58.15,18.972656,18.872121,39.1186,,
2012-03-13,,,29.011151,55.97961,48.449169,23.239946,25.317781,29.137839,10.993662,34.443193,11.953262,57.3096,33.798494,49.9986,21.485,50.977197,13.475723,30.949959,55.700944,52.275827,46.889703,35.777516,35.777516,,31.190813,,,54.854544,54.854544,21.587593,37.686889,35.777516,74.613463,47.47432,60.57,60.57,24.96412,,,57.354117,71.344892,30.89,74.27,17.451846,101.35,23.41,69.146554,21.54,22.554694,38.899571,58.89,19.272997,19.159935,39.6164,,
2012-03-14,,,28.551063,56.047722,47.790579,23.178294,25.026725,29.111219,11.002615,34.195452,11.905029,57.3794,33.719694,50.4466,21.43,50.565619,13.299334,30.748798,55.224848,51.780557,46.517385,35.452516,35.452516,,31.177491,,,54.185199,54.185199,21.832525,37.379558,35.452516,74.818404,47.125922,59.24,59.24,24.839684,,,57.104491,71.128484,30.13,73.5,17.2309,101.49,22.7,68.87468,21.4,22.366985,38.963084,58.64,18.989317,18.852939,38.9751,,
2012-03-15,,,28.704456,55.87259,47.488057,23.425084,25.272338,29.261764,10.975757,34.320382,12.097836,57.2,33.886088,49.5993,21.4,50.996388,13.322532,30.547638,55.206522,51.542107,46.907377,35.573235,35.573235,,31.226278,,,54.160385,54.160385,22.14109,37.451381,35.573235,74.23134,47.382588,59.71,59.71,24.906027,,,57.202513,71.503057,29.98,74.83,17.222545,101.01,22.73,70.478975,21.26,22.416382,38.890455,58.77,19.08946,18.891302,39.0004,,
2012-03-16,,,28.686378,55.30799,47.612635,23.292894,25.29046,29.049256,10.751945,34.409657,12.14,56.622,34.008685,50.0473,21.415,51.149524,13.34573,30.73443,55.06001,51.340306,46.641461,35.647554,35.647554,,31.150847,,,53.730698,53.730698,21.905164,37.491554,35.647554,74.324573,47.428501,59.54,59.54,24.906027,,,57.469969,71.42816,30.63,74.48,17.239212,99.87,22.86,70.768968,21.39,22.495417,39.108241,58.07,19.106121,19.05439,39.1776,,
2012-03-19,,,28.58722,55.220375,47.654162,23.231151,25.417775,29.323817,10.796707,34.507869,12.07375,56.5323,33.912385,50.3881,21.84,51.149524,13.41075,30.906853,55.224848,50.652514,46.623787,35.619637,35.619637,,31.257333,,,53.978567,53.978567,22.150195,37.896462,35.619637,75.144625,47.630219,59.7,59.7,24.97237,,,57.701765,71.869259,30.3,74.35,17.222545,99.91,22.75,71.194989,21.51,22.44602,39.289664,57.72,19.197934,18.968027,39.2451,,
2012-03-20,,,28.749561,55.239878,47.600796,23.187088,25.754274,29.190989,10.689278,34.257917,12.194239,56.5522,33.947387,49.3753,21.56,50.804968,13.424659,31.03617,55.069173,50.441528,46.694662,35.619637,35.619637,,31.341766,,,53.672859,53.672859,22.068452,37.451381,35.619637,74.641413,47.428501,60.44,60.44,24.988956,,,58.191967,72.035793,29.78,72.29,17.172504,99.59,22.44,71.711605,21.6,22.28795,38.935836,57.7,19.06438,18.824119,39.3211,,
2012-03-21,,,28.803705,55.677856,47.749053,23.231151,25.672403,29.075785,10.760897,34.454341,12.236404,57.0007,33.789698,54.3323,21.475,50.940192,13.452525,31.337911,55.05094,51.257824,46.517385,35.582478,35.582478,,31.577061,,,53.648045,53.648045,22.222734,37.615067,35.582478,76.085766,47.611873,60.4,60.4,25.005542,,,58.263288,71.686158,29.92,72.19,17.24341,99.6,22.27,71.775067,21.81,22.544815,39.099126,57.76,19.05605,18.670669,38.9667,,
2012-03-22,,,28.632325,56.729142,47.9983,23.098962,25.690617,29.058069,10.69823,34.766665,12.170154,58.0769,33.815995,52.7059,21.37,51.133384,13.466434,31.050539,55.298058,51.69798,46.579423,35.489675,35.489675,,31.71028,,,54.003381,54.003381,22.295373,37.166993,35.489675,77.008337,47.740205,60.83,60.83,24.997291,,,58.290079,72.285508,30.42,72.79,17.21839,100.99,22.22,72.056046,21.61,23.088182,39.452954,57.61,18.872513,18.632307,38.7557,,
2012-03-23,,,28.740522,56.690234,48.467017,22.957978,25.73606,29.120122,10.957852,34.606081,12.15808,58.0371,34.026186,52.1119,21.66,50.978771,13.508209,30.820641,55.407919,51.844762,46.455347,35.526739,35.526739,,31.741335,,,54.300877,54.300877,22.712797,37.681085,35.526739,76.337325,47.813592,60.52,60.52,25.212906,,,58.209797,72.277138,31.0,73.21,17.093285,103.23,22.35,72.509199,21.45,23.246253,39.879311,57.89,18.980987,18.689851,39.2283,,
2012-03-26,,,28.902954,56.952982,49.689215,22.984362,25.85436,29.137839,11.074235,34.597144,12.314728,58.3061,34.36777,51.0796,22.155,51.394187,13.638202,31.007433,56.067179,52.486719,46.827665,35.879751,35.879751,,31.923342,,,54.95371,54.95371,23.093902,37.724161,35.879751,76.607643,48.611247,61.43,61.43,25.428521,,,58.637728,73.375919,31.64,73.83,17.276743,106.36,22.72,72.681374,21.58,23.493238,40.577851,58.55,19.181184,18.689851,39.6249,,
2012-03-27,,,28.749561,56.738844,49.671367,23.090167,25.790702,29.270668,10.930995,34.427531,12.290642,58.0869,34.253969,50.5537,22.135,51.355608,13.6614,31.064907,56.149552,52.257456,47.075817,35.628974,35.628974,,31.91002,,,55.044574,55.044574,23.193656,37.85919,35.628974,76.812585,49.711387,61.885,61.885,25.387099,,,58.842733,73.493539,32.08,73.45,17.24341,105.0,22.17,73.089277,21.62,23.483359,41.049588,59.29,19.247916,18.718574,39.3633,,
2012-03-28,,,28.208304,56.592819,49.439968,23.160614,25.51786,29.261764,10.832517,34.534587,12.15808,57.9374,34.288971,48.2651,22.165,51.268608,13.675357,30.820641,55.764991,52.110768,47.253094,35.535322,35.535322,,32.260802,,,55.135529,55.135529,23.756258,37.434151,35.535322,77.297131,49.729734,61.81,61.81,25.312421,,,58.771411,73.031689,32.21,73.74,17.172504,104.34,22.15,73.424612,21.45,23.4636,40.840918,59.41,19.231256,18.661031,39.397,,
2012-03-29,,,28.199264,56.573414,49.107759,23.15182,25.599731,29.38578,10.957852,35.480773,12.266557,57.9175,34.262674,46.9211,21.95,51.471543,13.721753,30.791904,56.012202,52.304039,47.323969,35.385648,35.385648,,32.771358,,,55.309046,55.309046,23.565755,37.718448,35.385648,77.530119,49.601401,62.57,62.57,25.370514,,,58.851693,72.762966,32.24,73.68,17.08913,106.13,22.08,73.49718,21.43,23.335167,40.81367,59.49,19.156193,18.478761,39.5152,,
2012-03-30,,,28.560103,57.011392,49.475575,23.143025,26.008903,29.979148,10.84147,35.891401,12.272563,58.3659,34.551665,45.6162,21.905,51.732346,13.703175,30.93559,56.149552,53.058661,47.536774,35.572764,35.572764,,32.860202,,,54.920685,54.920685,23.456797,37.187125,35.572764,76.859202,49.903979,62.09,62.09,25.602714,,,59.14585,74.408783,32.93,74.09,17.276743,106.79,22.03,73.741829,21.53,23.305529,41.049588,59.5,19.114452,18.373216,39.3211,,
2012-04-02,,,29.164543,57.420264,50.211298,23.398609,26.299959,29.961432,10.832517,36.257345,12.435216,58.7844,34.700559,44.6958,22.38,51.741991,13.74495,31.337911,56.653044,53.555712,47.634249,35.919079,35.919079,,32.9179,,,54.788404,54.788404,23.865216,37.85919,35.919079,78.452689,50.481569,63.31,63.31,25.84325,,,59.493499,75.055392,33.98,73.22,17.326785,106.66,22.2,73.814397,21.81,23.661188,41.42145,59.55,19.114452,18.651488,39.9961,,
2012-04-03,,,28.84881,56.982187,49.778187,23.574862,26.472717,30.085448,10.886232,36.114542,12.706346,58.336,34.718149,43.7268,22.755,51.693669,13.679977,31.294805,56.277739,53.33479,47.315132,35.834858,35.834858,,32.749215,,,54.490907,54.490907,23.493117,38.310075,35.834858,77.791058,50.32567,63.79,63.79,25.785158,,,59.333025,74.719532,33.25,73.05,17.297608,105.62,21.78,73.796278,21.78,24.204555,39.171655,60.12,18.989317,18.277309,39.5658,,
2012-04-04,,,28.352657,56.32027,50.18753,23.425084,25.899803,30.06755,10.904137,35.971739,12.652108,57.6584,34.761947,42.7335,22.84,51.481188,13.522166,31.03617,56.07625,53.408462,47.253094,35.769311,35.769311,,32.615995,,,54.036406,54.036406,23.357043,38.939065,35.769311,77.763107,50.113614,62.46,62.46,25.801743,,,59.13689,75.147814,32.88,72.92,17.276743,103.15,21.48,73.54243,21.6,24.392264,37.956096,59.14,18.78912,18.219669,39.31,,
2012-04-05,,,28.253408,56.222953,49.873079,23.301689,26.036224,29.969336,10.814612,36.185944,12.658176,57.5587,34.422068,42.938,22.33,51.452155,13.549984,30.906853,55.536106,53.399182,47.137855,35.600869,35.600869,,32.620406,,,53.449714,53.449714,23.61108,39.191804,35.600869,78.024045,50.159713,63.38,63.38,26.009108,,,58.967546,74.433981,32.7,72.81,17.539419,103.38,21.44,73.524312,21.51,21.349406,37.438978,58.99,18.630575,18.037399,38.841,,
2012-04-09,,,27.820439,55.570836,49.380684,22.957978,25.490539,29.692413,10.689278,35.498646,12.652108,56.8911,34.166105,42.0713,22.015,51.181706,13.401461,30.418321,54.757915,52.764161,46.880776,35.179764,35.179764,,32.354056,,,52.66469,52.66469,23.057583,39.174574,35.179764,77.660588,49.671062,62.9,62.9,25.84325,,,58.254419,74.207285,32.24,73.35,17.310118,103.47,20.81,73.225214,21.17,21.290129,37.348316,58.15,18.413628,17.557676,38.372,,
2012-04-10,,,27.80236,53.857634,48.704335,22.781726,24.899411,29.486991,10.26851,35.0613,12.44729,55.1372,33.989659,40.3865,21.58,50.78558,13.178629,30.159686,54.959311,51.751781,46.916304,34.646239,34.646239,,31.97663,,,51.896089,51.896089,22.703692,38.643251,34.646239,76.570312,49.228417,60.87,60.87,25.669057,,,57.808657,73.098826,31.49,73.5,17.151682,102.06,20.55,72.790179,20.99,20.914712,37.076133,57.85,18.104958,17.509674,38.2356,,
2012-04-11,,,27.955753,55.181468,49.196731,22.737662,24.944946,29.603103,10.331178,35.230821,12.44729,56.4925,34.04261,42.0518,22.02,50.920804,13.169341,30.490164,55.710107,51.282381,46.987179,34.505902,34.505902,,32.021007,,,52.40843,52.40843,22.912404,39.097038,34.505902,77.073524,49.615743,63.08,63.08,25.884672,,,58.076114,73.493539,31.44,74.25,17.368472,102.89,20.46,72.318907,21.22,20.954229,37.012621,58.53,18.305155,17.346586,38.5255,,
2012-04-12,,,28.054911,55.492923,49.273864,22.861057,25.054046,29.603103,10.366988,34.936278,12.561773,56.8113,34.210261,42.4803,22.425,51.065771,13.113656,30.619481,56.442484,51.67811,47.155619,34.758565,34.758565,,32.065473,,,52.739042,52.739042,23.075693,39.076906,34.758565,77.026907,49.80014,62.61,62.61,25.967601,,,58.281119,73.275126,31.36,73.66,17.422669,102.71,20.85,71.938228,21.31,21.230853,37.030753,58.16,18.413628,17.365767,38.6278,,
2012-04-13,,,27.739177,55.502626,49.451897,22.711188,25.263231,29.486991,10.366988,35.043427,12.537687,56.8213,34.157309,42.4511,22.49,50.862837,13.00224,30.892484,56.479136,51.208803,47.191056,34.955112,34.955112,,31.941165,,,52.210189,52.210189,22.794441,39.599614,34.955112,77.436981,49.514325,64.26,64.26,26.116873,,,57.995922,73.762175,32.17,73.11,17.343451,102.6,20.52,71.829423,21.5,21.329647,37.139646,57.9,18.188351,17.202678,38.1673,,
2012-04-16,,,27.775334,55.483221,49.493423,22.799315,25.445096,29.719215,10.492323,35.132702,12.597931,56.8014,34.192581,42.5777,22.265,50.833902,13.076502,30.949959,56.479136,51.254824,47.421534,35.170333,35.170333,,32.163138,,,52.85472,52.85472,22.939619,38.597274,35.170333,78.312935,49.837019,63.41,63.41,26.025694,,,58.824902,73.090456,31.98,72.77,17.272587,102.86,20.16,71.430625,21.54,21.250612,37.094266,57.97,18.371887,17.164316,38.3123,,
2012-04-17,,,28.14512,55.950405,49.712893,23.01963,25.936139,30.094352,10.537085,35.775316,12.766591,57.2797,34.527972,44.1846,22.44,51.162318,13.201874,31.122382,57.174954,52.368432,47.669686,36.012637,36.012637,,32.833558,,,53.813351,53.813351,23.121116,38.499607,36.012637,77.912242,50.371769,63.78,63.78,26.216472,,,59.190381,73.434686,32.0,74.24,17.389294,103.3,20.39,72.382276,21.66,21.339526,37.175911,58.47,18.655567,17.365767,38.6875,,
2012-04-18,,,27.901609,55.093852,49.451897,22.949184,25.872482,30.076544,10.62661,36.052077,12.730432,56.4028,34.519176,42.2855,22.505,51.036739,13.136854,31.151119,57.083419,52.258018,47.492409,35.788079,35.788079,,32.931222,,,53.672859,53.672859,23.130122,39.315317,35.788079,76.095052,50.399429,64.17,64.17,26.257894,,,59.021037,73.67821,31.71,73.88,17.272587,101.99,20.21,72.028821,21.68,21.062903,37.375465,57.99,18.313485,17.298681,38.8239,,
2012-04-19,,,27.658007,55.02574,50.009586,22.975567,26.008903,30.201559,10.635563,36.150197,12.760585,56.333,34.439749,42.2855,22.595,51.210641,13.225544,31.151119,57.586911,52.524868,47.68745,35.750637,35.750637,,32.775859,,,53.127403,53.127403,22.957729,39.131499,35.750637,77.297131,50.657677,63.16,63.16,26.357409,,,58.967546,72.846931,31.7,73.26,17.360117,101.14,20.5,71.829423,21.68,20.845556,37.429961,57.54,18.246753,17.241041,38.8666,,
2012-04-20,,,27.703112,55.502626,50.418929,23.134231,26.336295,30.219458,10.751945,36.230535,12.893147,56.8213,34.369116,43.1036,23.195,51.481188,13.342193,31.165488,57.815796,52.267203,47.8558,36.068847,36.068847,,32.91349,,,53.631532,53.631532,23.456797,39.619746,36.068847,78.32222,51.09101,63.51,63.51,26.448673,,,59.395386,73.737064,31.89,73.62,17.426825,99.06,20.55,72.481975,21.69,20.983868,37.466226,56.94,18.78912,17.317862,39.1394,,
2012-04-23,,,27.441522,54.509848,49.7485,22.711188,25.945246,29.701316,10.420703,35.668259,12.730432,55.8049,34.077882,43.1036,22.595,50.186617,13.164861,30.777536,57.028442,51.595346,44.939655,35.55409,35.55409,,32.71816,,,52.524198,52.524198,22.712797,39.367007,35.55409,75.629171,50.36255,63.11,63.11,26.340823,,,58.994246,73.006491,31.39,72.43,17.393492,99.98,20.28,70.723624,21.42,20.973988,37.203159,55.89,18.43862,16.943683,38.6363,,
2012-04-24,,,27.910648,54.529253,50.371483,22.799315,26.163538,30.031844,10.322225,35.98952,12.838909,55.8248,34.104357,43.4347,22.445,50.55371,13.244215,31.194225,60.42507,51.356053,44.70034,35.900405,35.900405,,32.909079,,,53.433201,53.433201,23.384258,38.720787,35.900405,75.386898,50.602358,62.87,62.87,26.291066,,,59.288494,72.359882,31.54,72.52,16.530489,100.2,20.66,71.013709,21.71,21.230853,37.665781,57.38,19.097791,17.202678,38.4573,,
2012-04-25,,,27.865544,55.200872,50.869887,22.799315,26.490931,30.049742,10.581848,35.088018,12.905159,56.5124,34.245532,44.9929,23.395,50.563453,13.314186,31.424122,60.974376,52.718139,44.753541,36.255963,36.255963,,33.268682,,,54.135571,54.135571,23.502221,37.201453,36.255963,77.40903,50.814415,63.53,63.53,26.282815,,,59.431047,73.594245,32.53,72.73,16.530489,98.31,20.97,71.358151,21.87,21.497597,37.448094,57.48,19.247916,17.135496,38.858,,
2012-04-26,,,27.991819,55.385903,51.362283,23.039486,27.063845,30.281965,10.680325,35.445118,12.947324,56.7017,34.333845,47.4762,23.645,51.123739,13.477514,31.610914,60.946888,53.224376,44.593938,36.499289,36.499289,,33.614964,,,53.416688,53.416688,23.475007,38.680614,36.499289,80.633242,51.247747,65.38,65.38,26.481844,,,59.163681,74.358387,31.01,72.92,16.926537,100.61,21.29,71.96536,22.0,21.685306,37.78369,58.11,19.414792,17.519313,39.2759,,
2012-04-27,,,28.036924,55.444313,51.255552,23.057256,27.045631,30.237265,10.886232,35.445118,12.983483,56.7615,34.360321,46.6485,23.88,51.355608,13.542865,31.65402,61.111726,53.445204,44.629375,36.87371,36.87371,,34.023445,,,53.243081,53.243081,23.629289,38.970624,36.87371,80.111364,51.61654,65.53,65.53,26.647702,,,58.923015,75.416449,30.0,72.98,16.918183,99.96,21.22,71.938228,22.03,21.507476,37.638533,58.34,19.431541,17.480951,39.489,,
2012-04-30,,,27.8114,55.269083,51.231784,22.968314,27.391238,30.219458,10.993662,36.221599,12.923238,56.5821,34.32505,47.4762,23.65,51.500477,13.561536,31.668389,61.349774,52.515682,44.824416,37.313583,37.313583,,33.885814,,,53.887702,53.887702,23.484111,38.855726,37.313583,79.729337,51.552001,64.96,64.96,26.714045,,,58.833863,75.164555,29.75,72.81,17.022422,103.32,20.96,72.173864,22.04,21.339526,37.720178,57.51,19.865346,17.509674,39.0797,,
2012-05-01,,,29.786971,55.483221,51.534397,23.003945,27.182052,30.031844,10.993662,36.16807,12.44729,56.8014,34.360321,48.4404,23.795,51.674379,13.519525,31.65402,61.029353,52.165975,44.319185,37.210594,37.210594,,34.156665,,,53.631532,53.631532,23.447792,38.358864,37.210594,78.806766,51.542781,66.78,66.78,26.888238,,,59.270663,75.576009,29.75,72.95,16.997401,105.42,21.2,72.22822,22.03,21.4482,38.046758,57.88,19.373139,17.605677,38.8921,,
2012-05-02,,,29.723788,56.15484,52.068318,22.941658,26.936531,30.013946,10.939947,36.882178,12.368966,57.489,34.148514,48.2261,24.06,51.645346,13.505522,32.070709,61.340611,51.834639,44.806652,37.154478,37.154478,,34.25883,,,54.019893,54.019893,23.59297,38.479565,37.154478,79.719957,51.450583,68.67,68.67,26.846731,,,59.57369,75.836361,29.28,73.49,16.947402,109.01,20.55,71.593787,22.32,21.240732,38.210147,58.04,19.039389,17.586496,38.8495,,
2012-05-03,,,29.371989,58.325524,51.753867,22.923888,26.800109,30.049742,10.975757,35.802126,11.929176,59.7112,33.954298,25.1941,23.655,51.558444,13.407543,31.783337,61.642707,51.310031,44.983929,37.051489,37.051489,,34.383138,,,53.714185,53.714185,23.075693,38.476663,37.051489,79.030469,51.376824,67.07,67.07,26.996003,,,59.645012,75.54244,29.84,71.91,16.901516,110.65,20.27,70.134534,22.12,21.329647,38.527611,56.2,18.839103,17.500132,38.6108,,
2012-05-04,,,29.092321,57.264536,51.320756,22.906027,26.536374,30.210463,11.065282,35.632513,11.941188,58.625,33.821918,24.4442,25.135,51.500477,13.398208,31.55344,61.239913,51.015531,44.664903,36.733278,36.733278,,34.187719,,,53.474527,53.474527,23.030368,38.09751,36.733278,78.61111,51.441363,66.74,66.74,26.896488,,,58.744711,74.845436,29.96,71.67,16.830653,109.42,20.2,68.87468,21.96,20.559053,38.101254,55.09,18.705638,17.308223,38.1673,,
2012-05-07,,,29.399107,57.982413,51.694582,22.861601,26.436381,30.442777,11.029472,35.543238,11.965273,59.36,34.007249,23.6651,25.455,51.935183,13.500854,31.625283,61.377263,50.297652,44.780052,36.742615,36.742615,,34.312028,,,53.697582,53.697582,23.311619,37.500169,36.742615,78.284984,51.874789,67.56,67.56,26.705795,,,59.386516,74.13169,30.76,71.47,16.788966,109.27,20.2,69.05596,22.01,20.480018,38.137518,55.06,18.722299,17.874311,38.6363,,
2012-05-08,,,29.750906,58.314548,51.409728,22.772659,26.536374,30.335569,11.387572,36.230535,12.0075,59.7,34.263213,25.6907,25.485,52.244309,13.561536,31.481597,62.018104,50.66573,44.983929,36.658394,36.658394,,34.249918,,,54.490907,54.490907,23.620185,37.546146,36.658394,77.72587,52.068405,65.49,65.49,26.755552,,,59.297364,73.661469,31.02,71.09,16.976579,107.17,20.55,69.028736,21.91,20.341706,37.584136,55.5,18.872513,18.459579,39.0542,,
2012-05-09,,,29.462199,57.074017,50.893565,22.719257,26.436381,30.398077,12.667779,36.551888,11.959268,58.43,34.342641,25.5836,26.165,52.109085,13.66885,31.079276,62.201176,50.481644,44.992856,36.377626,36.377626,,34.090055,,,54.143873,54.143873,23.701829,36.615539,36.377626,77.129426,51.920888,65.31,65.31,26.332573,,,58.780371,71.914772,30.82,71.5,16.693081,106.11,20.53,69.129085,21.63,20.035444,37.175911,57.83,18.371887,18.709032,38.9348,,
2012-05-10,,,30.219941,57.11312,51.368202,22.82597,27.072952,30.755406,13.097498,36.757156,12.067744,58.47,34.64276,25.4083,26.55,52.959207,13.645558,31.395385,62.869506,50.96951,45.143533,36.555499,36.555499,,34.369816,,,54.656213,54.656213,23.629289,36.796546,36.555499,77.343748,52.446418,71.17,71.17,26.315987,,,59.53803,72.351425,31.05,71.22,16.914027,106.56,20.1,70.232747,21.85,19.926771,37.29382,57.79,18.722299,18.747394,38.8666,,
2012-05-11,,,29.633579,57.445255,51.433496,22.897142,26.718238,30.728604,13.025878,36.551888,12.013506,58.81,34.660441,24.5026,27.055,52.959207,13.584875,30.777536,62.677272,50.720937,45.196734,36.536731,36.536731,,34.39646,,,54.143873,54.143873,23.847007,36.986077,36.536731,77.548785,52.188263,71.55,71.55,26.365744,,,59.54699,72.343054,30.74,71.1,16.88485,108.11,19.8,70.022941,21.42,19.709424,37.484358,58.09,18.605495,18.785757,38.3549,,
2012-05-14,,,29.813998,57.044714,51.249543,22.781544,26.218088,30.76431,12.981116,36.426959,12.049665,58.4,34.563333,24.4734,26.75,53.055852,13.636222,30.490164,63.171694,50.619709,45.170133,36.536731,36.536731,,34.130021,,,54.119059,54.119059,23.838001,37.037767,36.536731,76.989671,52.280461,70.84,70.84,26.282815,,,59.858978,71.704904,30.19,70.4,16.87234,108.75,20.05,70.287475,21.22,19.087021,37.13053,57.57,18.488691,18.622668,38.3123,,
2012-05-15,,,29.446768,56.751683,52.086166,22.745913,25.790702,30.603589,13.294453,36.087732,12.043597,58.1,34.933995,23.8404,26.55,53.007529,13.7342,30.31774,62.713923,50.610523,45.187807,36.330847,36.330847,,33.996801,,,54.375229,54.375229,24.31886,36.351374,36.330847,77.586021,52.437198,71.59,71.59,26.332573,,,60.482953,71.14226,30.14,70.9,16.834808,107.12,19.54,70.132397,21.1,18.830156,36.704173,57.8,18.672316,18.497942,38.0139,,
2012-05-16,,,29.292553,56.077711,52.394698,22.861601,26.136217,30.514189,13.160166,36.67691,12.254483,57.41,34.986947,24.2445,27.085,53.393912,13.832226,30.403952,62.668109,49.892644,45.143533,36.1343,36.1343,,33.890225,,,54.50742,54.50742,24.391499,36.598309,36.1343,78.517877,52.925943,71.5,71.5,26.423752,,,61.285232,71.578913,29.99,71.44,16.955714,104.5,20.41,70.816541,21.16,18.909192,36.441106,58.82,18.839103,18.670669,38.2015,,
2012-05-17,,,29.210927,54.788375,51.451344,22.576914,25.326888,30.192656,12.882638,36.444832,12.09183,56.09,34.589809,23.4703,26.42,52.833627,13.738868,29.886682,62.576573,48.245243,44.948492,35.890974,35.890974,,33.353025,,,53.168729,53.168729,23.992185,36.012485,35.890974,76.905818,52.289681,69.73,69.73,26.241308,,,61.303063,70.705608,29.26,69.98,16.955714,102.51,20.18,70.49728,20.8,18.622689,36.277816,58.42,18.847522,18.430759,37.8007,,
2012-05-18,,,28.857301,54.729769,50.852039,22.336742,24.708439,29.835326,12.649874,35.927056,11.8207,56.03,34.378002,23.4216,25.95,52.263697,13.706193,29.671154,61.716009,47.352464,44.647139,36.022068,36.022068,,32.877934,,,52.813393,52.813393,23.729043,35.929145,36.022068,75.480036,52.031526,68.6,68.6,26.27448,,,60.723618,70.789573,29.54,68.99,16.964068,102.99,20.2,69.603424,20.65,18.563412,36.141774,56.58,18.680647,18.344396,37.7666,,
2012-05-21,,,29.174678,54.592955,51.27923,22.372374,25.090382,29.254677,12.811019,36.212754,11.8207,55.89,34.02493,23.9378,26.725,52.138118,13.664182,29.944157,61.935732,47.877071,44.647139,36.115626,36.115626,,33.082175,,,52.937373,52.937373,23.683422,36.242189,36.115626,76.533076,52.35422,69.53,69.53,26.415501,,,60.598805,71.159001,29.61,69.46,17.130817,105.98,20.19,69.849652,20.84,18.780759,36.114526,56.46,18.739049,18.344396,37.8092,,
2012-05-22,,,29.165639,55.589261,51.344524,22.461316,24.917625,29.183266,12.999021,36.516234,11.88695,56.91,34.051406,25.0675,26.84,52.22502,13.622218,29.944157,62.164617,48.236058,44.673739,36.32151,36.32151,,32.940133,,,52.47457,52.47457,23.473423,35.972221,36.32151,76.523696,52.391099,69.92,69.92,26.340823,,,60.687958,71.427724,29.16,69.42,17.185014,105.91,19.93,70.260157,20.84,18.543653,36.2687,56.24,18.739049,18.584306,38.0224,,
2012-05-23,,,28.947967,55.052103,51.178419,22.550258,24.753974,28.959946,13.097498,36.703628,11.80262,56.36,34.060201,25.3791,27.17,52.031828,13.771543,29.656785,61.888344,47.729821,44.407824,35.937753,35.937753,,33.099997,,,52.515897,52.515897,23.363872,36.121579,35.937753,75.75026,52.215922,70.01,70.01,26.307651,,,60.616636,70.814771,28.94,65.7,17.24341,105.59,19.71,70.323991,20.64,18.77088,35.606524,55.61,18.655567,18.363577,38.1759,,
2012-05-24,,,29.111221,56.204724,51.836919,22.470201,24.990389,29.084962,13.491408,36.382275,12.646102,57.54,34.404477,24.4344,27.52,51.732346,13.855518,29.929788,62.606468,48.12555,44.496462,36.209184,36.209184,,33.548354,,,53.590206,53.590206,23.50994,36.813776,36.209184,76.588978,52.391099,72.95,72.95,26.755552,,,61.338724,71.662878,28.0,65.69,17.464356,106.54,19.88,70.634053,20.83,18.919071,35.842343,55.73,18.713968,18.267671,39.0201,,
2012-05-25,,,29.247175,56.644271,52.038631,22.461316,25.07226,29.10286,13.401883,36.67691,12.597931,57.99,34.4927,24.6487,27.975,51.684024,14.070193,30.447058,62.348706,48.070343,44.5585,36.096858,36.096858,,33.401902,,,54.31739,54.31739,23.409493,35.854512,36.096858,77.362413,52.437198,71.58,71.58,26.631116,,,61.18721,71.696446,29.75,65.59,17.497689,105.22,20.36,70.761813,21.19,19.10678,36.087278,56.13,18.780701,18.536304,38.9092,,
2012-05-29,,,29.473977,58.324348,52.299717,22.470201,25.372332,28.959946,13.724173,36.685755,12.748511,59.71,34.483905,25.1259,28.4,51.771024,14.121539,30.863747,62.385543,48.134736,44.744614,36.171742,36.171742,,33.503977,,,54.821519,54.821519,23.966455,35.83438,36.171742,77.772392,52.870531,73.04,73.04,26.647702,,,61.802225,71.872834,31.25,65.79,17.647814,107.19,20.47,71.299892,21.48,19.27473,35.923988,57.36,19.022728,18.670669,38.9348,,
2012-05-30,,,29.156509,58.451263,51.902213,22.354513,25.01771,28.504313,13.93008,36.67691,12.549699,59.84,33.998454,24.2494,28.12,51.394187,14.018893,30.245897,62.247452,47.196028,44.127751,35.947184,35.947184,,33.326381,,,54.871057,54.871057,23.747352,36.064175,35.947184,76.085766,52.160603,73.64,73.64,26.556438,,,61.287948,71.276622,30.39,64.87,17.481022,105.36,19.81,70.533703,21.05,19.126539,35.649625,57.18,18.847522,18.545654,38.2782,,
2012-05-31,,,28.911628,59.154635,51.72418,22.372374,24.881289,28.31679,14.0017,36.82865,13.266687,60.56,33.786647,22.9834,27.745,51.278253,13.958211,30.030368,61.556909,47.021128,43.609265,35.81609,35.81609,,33.179839,,,55.631357,55.631357,23.546458,35.944925,35.81609,75.237763,51.966987,72.6,72.6,26.697459,,,60.955505,70.965873,30.07,63.55,17.443491,104.85,19.67,69.831441,20.9,19.057383,35.164908,57.01,18.647236,18.622572,38.517,,
2012-06-01,,,28.041032,57.972711,50.122326,21.87417,23.962768,27.986262,13.75103,36.266282,13.772726,59.35,33.451256,21.8342,26.88,50.727612,13.696857,29.369413,60.673114,46.063956,43.108633,35.160996,35.160996,,32.451721,,,54.961921,54.961921,23.382081,34.892164,35.160996,72.824318,50.897393,70.54,70.54,26.282815,,,60.650124,69.521554,29.31,61.94,17.118306,104.58,19.34,68.244335,20.44,18.533774,35.055222,56.65,18.321816,17.959229,37.6131,,
2012-06-04,,,28.004784,57.328042,50.044834,21.66963,23.87179,28.18278,13.768935,36.444832,13.881203,58.69,33.398304,22.8665,26.755,50.833902,13.715529,29.369413,60.774368,45.566999,43.144341,35.23588,35.23588,,32.695927,,,54.871057,54.871057,23.564766,34.996815,35.23588,73.63499,51.008031,73.11,73.11,26.481844,,,60.623152,68.782611,29.39,62.52,16.993245,104.0,19.09,68.791613,20.44,18.464618,35.009445,58.58,18.513771,17.872672,37.5875,,
2012-06-05,,,28.394749,57.621073,50.485748,21.883055,23.935447,28.120272,13.777888,36.453677,13.911294,58.99,33.362943,22.3601,26.935,50.940192,13.664182,29.49873,60.700695,45.714249,43.108633,35.189101,35.189101,,32.518331,,,54.970223,54.970223,23.455115,34.938686,35.189101,73.989067,50.878953,72.83,72.83,26.357409,,,60.191873,68.782611,30.47,62.67,16.905715,104.43,19.16,68.107562,20.53,18.889433,35.027776,57.81,18.538763,17.853394,37.6728,,
2012-06-06,,,29.192848,59.369459,52.815162,22.203284,24.521056,28.388201,14.234465,36.944643,13.995686,60.78,33.477732,23.8988,27.285,51.684024,13.832226,29.527468,61.501655,46.744999,43.242718,35.544753,35.544753,,33.126551,,,55.842681,55.842681,23.582975,35.235316,35.544753,75.89011,51.450583,74.01,74.01,27.020924,,,60.632113,69.756708,30.98,63.81,17.205879,108.2,19.48,69.366208,20.55,19.235212,35.494163,58.76,18.805781,18.132245,38.0224,,
2012-06-07,,,29.13843,59.193641,52.64242,22.132112,24.402112,28.209582,14.297133,37.364208,13.971539,60.6,33.557159,23.6651,26.78,51.616412,13.790215,29.153884,61.381983,46.744999,43.269499,35.703858,35.703858,,32.980099,,,55.202842,55.202842,23.336459,35.601773,35.703858,75.59184,51.192428,74.5,74.5,27.161946,,,60.802815,70.201731,30.85,63.85,17.400433,108.89,19.54,69.402724,20.29,18.879553,35.430155,58.43,18.805781,18.151523,38.227,,
2012-06-08,,,28.884419,59.828607,53.142887,22.363398,24.649198,28.334597,14.341895,38.06035,14.05593,61.25,33.716015,22.5257,26.955,51.771024,13.888193,28.923986,62.210616,46.634585,43.47518,35.788079,35.788079,,33.406313,,,56.440833,56.440833,23.555562,35.816968,35.788079,75.899395,51.450583,76.1,76.1,27.294632,,,61.368773,70.51248,30.99,64.42,17.396192,110.05,19.36,69.092569,20.13,18.919071,35.649625,58.31,19.022728,18.314901,38.7472,,
2012-06-11,,,28.739335,59.125332,52.326624,22.123227,24.182532,28.209582,14.234465,37.890829,14.001692,60.53,33.460051,20.7629,26.68,51.577734,13.813554,27.975659,61.952854,45.935077,43.376803,35.694427,35.694427,,33.148785,,,55.917394,55.917394,23.263425,35.793662,35.694427,75.60122,51.496682,74.79,74.79,27.336054,,,61.135257,70.85671,30.83,64.1,17.430038,107.6,19.25,68.91928,19.47,18.484377,35.20147,57.97,18.822442,18.113064,39.165,,
2012-06-12,,,28.957007,59.515975,52.946288,22.238915,24.383806,28.13808,14.171798,38.961944,13.989618,60.93,33.486527,20.7143,26.88,51.732346,13.827558,27.343441,62.210616,46.137628,43.260572,35.928416,35.928416,,33.38858,,,56.158405,56.158405,23.363872,35.755847,35.928416,76.020579,51.847129,75.39,75.39,27.725861,,,61.449689,71.385785,30.87,64.08,17.485007,109.73,19.23,69.11998,19.03,18.780759,35.357031,57.94,18.814111,18.180343,38.7983,,
2012-06-13,,,28.34937,59.672291,52.690045,22.078801,24.05439,28.04877,14.21656,38.578126,13.989618,61.09,33.565955,20.7532,26.735,51.925538,13.776211,27.271598,63.389102,46.008749,43.251645,35.975195,35.975195,,33.38858,,,56.017101,56.017101,23.546458,35.86349,35.975195,76.570312,51.884008,74.77,74.77,27.935778,,,61.584367,71.965169,30.95,64.0,17.654197,112.48,19.57,69.110874,18.98,18.879553,35.393593,58.19,18.805781,18.045689,39.0201,,
2012-06-14,,,28.34937,61.381671,54.227143,22.105456,24.026977,28.307795,14.458277,38.569098,13.965347,62.84,33.618906,19.6235,26.695,52.485823,13.752872,27.386547,63.45352,46.128348,43.92216,36.237289,36.237289,,33.85791,,,56.515636,56.515636,23.519045,36.369511,36.237289,79.878377,52.225142,76.31,76.31,28.280081,,,62.231241,73.34235,31.14,64.02,17.971413,111.11,18.46,69.04704,19.06,19.343886,36.015442,59.07,18.981607,18.00723,39.1309,,
2012-06-15,,,28.521663,60.903021,54.525092,22.212259,24.566775,28.388201,14.628375,38.407131,13.971415,62.35,33.945502,19.3021,26.96,52.698403,13.855518,27.156649,63.978299,46.073141,44.029464,36.162405,36.162405,,34.014353,,,57.005869,57.005869,23.31825,36.983084,36.162405,79.505634,53.257857,78.64,78.64,28.35561,,,62.419955,73.66984,32.39,64.35,18.051788,111.1,19.22,69.110874,18.9,19.422921,36.061219,59.39,19.056936,18.036146,38.8751,,
2012-06-18,,,28.376579,61.176549,54.864656,22.194399,24.585081,28.566911,14.82533,38.596092,14.001754,62.63,34.113153,20.1591,27.03,53.123464,14.051521,26.768697,64.190062,46.05477,44.163549,36.480615,36.480615,,33.965206,,,57.171987,57.171987,23.208698,37.329138,36.480615,80.856849,53.801827,78.72,78.72,28.422804,,,62.527752,74.005699,32.7,65.51,18.18289,113.69,20.67,69.493968,18.63,19.4328,36.171004,58.93,19.29976,18.305262,39.1394,,
2012-06-19,,,27.34273,61.684502,55.508088,22.274456,25.25302,28.986748,14.780567,38.524138,14.044228,63.15,34.245532,20.6461,27.185,53.3263,14.116871,26.73996,64.678005,46.404477,44.342359,36.499289,36.499289,,33.85791,,,57.803525,57.803525,23.162978,37.207076,36.499289,80.456156,54.290571,76.15,76.15,28.481577,,,62.267174,74.333276,31.86,65.7,18.314036,116.05,20.96,69.813136,18.61,19.650147,36.244128,59.62,19.584414,18.430277,39.7534,,
2012-06-20,,,27.097849,62.03614,55.400819,21.883055,25.024333,28.897439,15.058094,38.380137,13.904731,63.51,34.17499,20.909,26.715,52.794851,13.892861,27.630813,65.027951,46.165184,44.199257,36.518057,36.518057,,33.777438,,,57.279996,57.279996,22.9987,37.241899,36.518057,79.822475,54.133834,75.3,75.3,28.473156,,,61.90785,74.324818,31.26,66.31,18.360521,115.91,21.48,69.767607,19.23,19.60075,36.280689,58.67,19.567665,18.661031,39.5658,,
2012-06-21,,,26.644427,60.99093,55.359114,22.470201,24.667412,28.691927,14.923807,37.984342,13.813715,62.44,33.857189,19.2437,25.885,52.083005,13.650226,27.602075,64.042809,45.43812,43.636046,36.312173,36.312173,,33.379579,,,56.24972,56.24972,22.578703,37.468792,36.312173,80.299441,53.239417,74.74,74.74,28.4564,,,61.539474,71.881204,31.71,65.55,18.280189,112.91,20.95,69.174707,19.21,19.26485,35.475932,58.4,19.199263,18.141884,39.5914,,
2012-06-22,,,26.553761,60.268153,55.275703,22.550258,24.658305,28.638323,14.798472,38.596092,13.789444,61.7,33.927822,19.7793,25.51,52.229251,13.654846,27.55897,63.987555,45.327706,43.779148,36.358952,36.358952,,33.500287,,,57.379703,57.379703,22.441739,37.631662,36.358952,82.889688,53.359275,73.61,73.61,28.439645,,,61.719137,72.225521,32.49,66.02,18.326717,115.11,20.98,68.955796,19.18,19.136418,35.631394,59.29,19.341679,18.199524,39.6425,,
2012-06-25,,,26.109378,59.486672,55.388891,22.425685,24.274062,28.584719,14.852187,38.380137,13.831918,60.9,33.919026,19.5261,25.11,51.907429,13.589543,27.099175,62.983995,44.444112,43.56454,36.1343,36.1343,,33.424316,,,57.263393,57.263393,22.322983,37.433879,36.1343,81.356081,52.852091,73.86,73.86,28.313678,,,61.638311,71.166325,31.55,65.45,18.314036,114.79,21.0,67.624118,18.86,21.596391,35.786856,58.9,19.123934,17.863033,39.4464,,
2012-06-26,,,25.964294,60.375565,57.039177,22.443455,24.23745,28.799135,14.78952,38.254194,13.807647,,33.671858,19.5261,25.65,51.634422,13.566204,26.984226,64.447917,44.39809,43.305297,22.947536,22.947536,,33.562936,,,57.338196,57.338196,22.304774,37.282616,22.947536,80.795073,52.944382,74.6,74.6,28.26324,,,61.934822,71.200242,31.77,66.12,18.478984,117.37,20.9,67.313963,18.78,21.922412,36.024657,59.39,19.098854,17.863033,39.0968,,
2012-06-27,,,26.181966,59.613684,55.984698,22.514627,24.328888,28.942048,14.708947,38.497143,13.904731,,33.14234,19.9157,26.51,51.790412,13.766875,26.768697,63.877045,44.683405,43.537759,22.916884,22.916884,,34.12615,,,58.30197,58.30197,22.405221,37.904986,22.916884,80.991393,54.484188,71.09,71.09,28.54877,,,62.66243,71.937442,30.89,66.81,18.62701,119.01,21.19,67.17719,18.63,21.487718,36.335582,61.41,19.149103,17.776573,39.1991,,
2012-06-28,,,26.426755,59.779703,56.419602,22.710372,24.347194,29.049256,14.82533,39.108893,14.026025,,33.362943,20.1299,26.935,51.995217,13.85085,26.581905,64.236154,44.960658,43.707552,23.094474,23.094474,,34.228945,,,59.174429,59.174429,22.396117,38.26564,23.094474,80.093646,54.456528,68.64,68.64,28.573947,,,62.527752,72.547517,30.85,66.35,18.665055,117.96,21.43,67.724468,18.5,21.497597,36.363028,61.88,19.517505,17.661196,39.5999,,
2012-06-29,,,26.771433,61.039834,57.700547,23.066232,25.655569,29.817428,15.246097,39.36078,14.09277,,34.016134,21.2109,27.52,53.028886,14.196225,27.9652,66.316853,45.764675,44.10097,23.658085,23.658085,,34.953193,,,59.166127,59.166127,23.035217,38.373192,23.658085,75.287127,55.922575,71.2,71.2,29.01062,,,63.480006,73.93708,30.75,66.74,18.978072,121.0,21.63,68.882857,,26.733685,38.054981,62.29,19.977985,18.103425,39.5061,,
2012-07-02,,,26.336089,61.743109,57.754181,22.959429,25.911761,29.826423,15.013332,39.171911,14.238397,,34.404477,20.8409,27.865,53.360451,14.317543,28.69839,66.372108,45.866373,44.208274,23.82964,23.82964,,35.279492,,,59.157826,59.157826,23.245216,39.391038,23.82964,75.586345,56.19917,74.78,74.78,29.354838,,,63.569882,75.411392,32.21,68.03,19.252959,123.42,21.62,69.676363,,28.462581,37.926866,62.88,20.413385,17.843852,39.9836,,
2012-07-03,,,26.29071,61.254658,57.462242,23.003945,26.314402,29.862128,15.201334,39.495752,14.4143,,34.439749,21.8829,27.695,53.613972,14.266196,28.929851,66.823215,46.134347,44.288707,24.019491,24.019491,,35.386788,,,59.905583,59.905583,23.199495,39.818527,24.019491,76.427999,56.881531,74.88,74.88,29.380015,,,63.569882,75.826596,32.61,67.79,19.320652,127.01,21.58,69.338891,,27.909334,38.109874,63.22,20.706459,17.728475,40.0774,,
2012-07-05,,,25.846419,60.424469,56.616201,22.923888,25.939266,29.907192,14.950665,39.513717,14.438571,,34.457429,22.9152,28.005,53.409167,14.144879,28.679036,66.501035,44.923729,44.243982,23.933761,23.933761,,35.0694,,,59.697868,59.697868,23.213251,39.370725,23.933761,75.18423,57.15021,74.07,74.07,29.296065,,,63.039766,75.394477,32.92,67.68,19.227595,127.98,20.72,69.275057,,28.245234,37.862858,61.77,20.438465,17.093952,40.3101,,
2012-07-06,,,25.746622,59.584381,56.074029,22.879372,25.747099,29.726937,15.00438,38.964985,14.383961,,34.501945,23.8599,28.16,53.487211,13.976882,28.515019,66.510198,44.41543,43.913233,23.878588,23.878588,,34.93528,,,59.764369,59.764369,23.236012,39.565516,23.878588,74.828922,56.464496,73.47,73.47,29.363259,,,63.08475,75.792678,32.33,67.7,19.244518,124.39,20.08,68.691263,,28.116802,37.497041,61.14,20.379886,16.911297,40.1636,,
2012-07-09,,,24.984863,58.685785,55.877429,22.656971,25.756298,29.483721,14.234465,38.89303,14.135245,,34.234852,22.9055,28.125,53.009399,13.710861,27.752995,66.69438,43.509716,43.493034,23.909239,23.909239,,34.859309,,,59.664662,59.664662,23.071734,39.472473,23.909239,73.594532,55.908419,72.51,72.51,29.522737,,,62.878116,76.775582,31.96,66.95,19.261442,116.27,19.15,68.244335,,27.385726,36.911754,60.35,20.471965,16.430513,40.0343,,
2012-07-10,,,25.002941,59.252247,56.044252,22.6392,25.573238,29.384599,14.368752,39.441763,13.989618,,34.404029,21.3765,28.1,53.711503,13.500854,27.415381,66.510198,43.685366,43.788075,24.142003,24.142003,,34.859309,,,59.581558,59.581558,22.879945,39.553908,24.142003,70.405757,56.399585,72.66,72.66,29.749494,,,62.770318,76.851874,31.9,67.05,19.379862,113.71,19.36,68.545384,,27.336329,36.655721,60.09,20.430135,16.411332,40.1894,,
2012-07-11,,,25.084568,60.316959,56.008555,22.594684,24.960216,29.609826,13.419788,39.252894,13.704495,,34.831233,21.1428,27.965,53.682273,13.570872,27.010226,66.270854,43.260206,44.235055,24.117576,24.117576,,34.626805,,,58.95011,58.95011,22.058259,40.054126,24.117576,73.201798,56.390365,71.78,71.78,29.657124,,,63.003834,76.716293,30.9,65.83,19.329092,114.0,19.54,68.189607,,27.286932,37.012324,60.1,20.555712,16.401693,40.2842,,
2012-07-12,,,24.767191,59.799303,56.997471,22.390144,24.749835,29.528693,13.231786,39.31582,13.431507,,34.555345,20.7143,28.085,53.311735,13.365533,26.585717,66.252436,42.65949,43.92216,23.958282,23.958282,,34.26027,,,58.268764,58.268764,22.140398,39.88255,23.958282,72.509752,56.121593,71.83,71.83,29.489225,,,62.752307,76.173965,30.2,63.78,19.286805,114.11,18.81,68.563596,,28.393426,37.250124,59.88,20.455215,15.632612,39.974,,
2012-07-13,,,24.839687,60.502578,57.492019,22.487971,24.996828,30.051377,12.999021,39.666747,13.407236,,34.751177,19.1853,28.37,53.848006,13.45889,26.759411,66.786378,43.768505,44.252909,24.325817,24.325817,,34.546333,,,60.146504,60.146504,22.204327,40.324548,24.325817,72.0235,56.43665,73.73,73.73,29.909058,,,63.255451,76.436671,31.18,61.97,19.498283,114.14,18.9,69.703681,,28.936793,37.369025,60.14,20.739958,15.526778,40.155,,
2012-07-16,,,24.404435,60.072832,57.146445,22.007629,24.932803,29.826059,12.014247,39.036939,13.079638,,34.51083,17.3544,28.36,53.613972,13.370201,26.29639,66.114346,42.502398,43.224864,24.246218,24.246218,,34.188709,,,58.509685,58.509685,21.84826,40.446701,24.246218,68.264336,55.954798,72.36,72.36,29.883796,,,63.201507,76.970454,30.32,60.8,19.523689,114.3,18.19,69.922592,,28.768843,37.268455,59.27,20.497133,15.026909,39.8706,,
2012-07-17,,,24.712773,60.942124,57.48009,21.980973,24.667412,29.799075,11.906817,39.261831,12.739905,,34.582001,17.4226,28.705,53.779804,13.346861,25.630743,65.921001,42.132726,43.251645,24.380896,24.380896,,34.7296,,,58.576187,58.576187,21.820847,40.35656,24.380896,68.816059,56.075308,71.815,71.815,30.068536,,,63.183496,76.250257,30.62,60.87,19.582899,114.94,17.85,69.302374,,28.82812,37.423917,58.32,20.698039,14.853796,39.8965,,
2012-07-18,,,25.03015,61.410974,57.617136,22.034284,24.877885,29.970245,11.620337,39.666747,12.661024,,34.724432,17.5102,28.63,53.848006,13.440219,25.756151,66.086672,43.066185,42.965621,24.485111,24.485111,,34.617893,,,58.966713,58.966713,21.483088,40.60957,24.485111,68.273716,56.427431,71.9,71.9,30.160906,,,63.228479,75.758848,30.99,62.83,19.688638,113.6,18.55,69.284163,,28.99607,37.936081,58.31,20.899034,15.065368,39.8792,,
2012-07-19,,,24.749021,61.508684,57.194071,21.865285,25.106664,30.258616,11.280142,39.540712,12.582205,,34.697776,17.2765,28.34,53.877334,13.435504,25.312386,65.921001,43.722296,42.974548,24.626014,24.626014,,34.667041,,,57.770229,57.770229,21.154335,40.170475,24.626014,70.069114,56.779554,67.83,67.83,30.177747,,,63.264412,75.877428,29.96,61.91,19.557493,114.81,18.52,70.187125,,28.798481,37.835412,57.97,20.631041,14.767336,39.9223,,
2012-07-20,,,24.486062,60.434171,56.896212,21.465,24.557668,29.907192,10.859375,39.387774,12.424443,,34.519715,17.0817,27.17,53.604229,13.275994,25.457147,65.607892,43.731575,42.590057,24.601493,24.601493,,34.434626,,,58.044446,58.044446,20.948987,40.036714,24.601493,69.274265,56.418118,64.97,64.97,30.152571,,,62.7972,75.318185,30.01,61.53,19.506766,111.34,18.41,69.831441,,28.097043,37.808065,57.17,20.530632,14.507763,40.1463,,
2012-07-23,,,24.368187,59.154635,55.603428,21.358196,25.188995,29.600832,11.298047,39.135888,12.533663,,34.012365,17.033,26.57,53.360451,13.168115,25.177399,65.202877,43.056906,42.152004,24.01336,24.01336,,34.367566,,,57.612413,57.612413,20.652199,39.635343,24.01336,68.208245,55.463632,66.16,66.16,29.799847,,,62.294146,74.555613,29.63,60.45,19.346016,113.14,18.17,69.211223,,27.958731,37.286686,55.91,20.455215,14.353927,39.4484,,
2012-07-24,,,24.204933,58.91041,55.222068,21.180312,25.243913,29.303466,10.930995,38.991979,12.673159,,33.745273,17.1012,26.28,52.989913,13.093051,24.685446,64.806932,43.297136,41.59772,23.872458,23.872458,,34.269181,,,56.615343,56.615343,20.862197,39.33291,23.872458,68.367139,55.463632,65.45,65.45,29.867041,,,61.800052,74.301451,29.46,59.87,19.181067,110.25,18.17,68.390307,,28.106923,37.030654,56.37,20.070063,14.20973,38.9314,,
2012-07-25,,,24.223012,58.832301,54.942058,21.431907,25.646462,29.366519,10.778802,39.378837,12.75204,,33.789788,17.4323,26.835,53.019142,13.074286,24.560038,64.751678,43.648343,41.579866,23.792858,23.792858,,34.430125,,,57.13048,57.13048,20.95354,37.454192,23.792858,68.245576,55.268991,66.57,66.57,29.724318,,,63.156614,73.623541,29.45,59.56,19.206473,108.4,18.01,68.42673,,27.425243,36.783737,55.74,20.254309,14.113535,38.0869,,
2012-07-26,,,24.649316,59.779703,55.728545,21.647599,26.616313,29.510704,10.966805,40.179548,12.903735,,33.994505,17.4713,27.77,53.662786,13.125868,24.44421,65.764493,45.071541,41.669316,24.129742,24.129742,,35.248167,39.39,,57.612413,57.612413,21.099608,36.942367,24.129742,66.104155,56.177191,67.72,67.72,29.917393,,,63.98306,75.072481,29.87,59.71,19.261442,110.63,18.2,69.247647,,28.363787,37.771404,56.26,20.388305,14.123174,37.9404,,
2012-07-27,,,24.975732,61.57709,56.473236,21.836363,27.174417,29.844139,10.98471,41.01619,13.025028,,34.288253,17.5686,28.625,53.896821,13.322909,24.637159,66.445781,46.513298,42.187802,24.148133,24.148133,,35.766734,40.0,,58.169057,58.169057,21.364333,37.064519,24.148133,67.347924,56.779554,68.16,68.16,30.093713,,,64.917394,76.521421,30.45,59.89,19.519447,112.96,18.36,69.648953,,28.670049,38.667715,56.66,20.840366,14.488485,38.9055,,
2012-07-30,,,24.930445,61.225355,56.419602,22.249704,27.147004,29.979239,11.002615,41.007254,13.043232,,34.484085,17.7245,28.4,54.111369,13.238463,24.59855,66.445781,46.476275,42.375539,24.197175,24.197175,,36.262978,40.0,,58.326964,58.326964,21.410054,37.122739,24.197175,67.890267,56.872218,68.2,68.2,30.362487,,,65.357634,77.258533,30.29,59.39,19.659033,110.53,18.49,70.451658,,28.304511,38.951194,56.5,20.798537,14.325011,38.9831,,
2012-07-31,,,23.660754,61.420774,55.740473,22.186783,26.826786,29.835145,11.074235,41.007254,12.964351,,34.448544,17.7829,27.845,53.838263,13.093051,24.704702,66.049836,47.982705,42.643709,24.325817,24.325817,,36.119857,40.94,,57.570815,57.570815,21.391746,37.410573,24.325817,68.22691,56.418118,66.47,66.47,30.202923,,,65.339622,77.478865,29.6,59.67,19.570217,107.72,18.5,70.050352,,27.869817,38.704277,55.99,20.497133,14.430845,39.2416,,
2012-08-01,,,23.288959,60.111837,55.877429,21.917236,26.652925,29.699954,10.859375,40.890247,12.891599,,34.208197,17.442,27.41,53.67253,12.975789,24.270614,65.699983,47.345059,42.742086,24.129742,24.129742,,36.213741,40.51,,56.897861,56.897861,20.862197,36.907453,24.129742,67.619096,56.065995,64.89,64.89,30.253276,,,65.043202,76.801042,28.58,60.38,19.675956,106.62,18.4,69.04704,,28.709567,39.161548,54.02,20.061733,14.536583,38.5264,,
2012-08-02,,,22.790158,59.017822,54.91829,21.845339,26.085623,29.258402,10.689278,40.575343,12.903735,,33.843189,22.0679,27.46,53.370194,12.891343,23.595387,65.948582,46.67039,44.199257,23.854161,23.854161,,35.650527,39.85,,57.13048,57.13048,20.780058,36.477063,23.854161,67.404016,55.64896,64.14,64.14,29.85862,,,64.504125,76.318091,28.62,61.91,19.540569,109.42,18.5,68.335579,,28.729325,37.606826,53.49,19.969655,14.565403,38.1214,,
2012-08-03,,,23.161953,60.502578,56.449379,22.078982,26.845093,29.546773,10.930995,41.025219,12.928006,,34.288253,21.0648,27.975,54.160085,13.135251,24.531105,66.445781,48.343098,45.012874,24.815865,24.815865,,36.133269,40.4,,58.061049,58.061049,20.917022,36.791195,24.815865,69.049805,55.593362,66.78,66.78,30.160906,,,65.465431,77.894068,29.05,63.82,19.714001,110.34,18.77,69.092569,,29.559196,38.484807,54.77,20.488714,14.805795,39.0434,,
2012-08-06,,,23.24358,59.958657,55.448534,22.051964,27.000648,29.528693,10.939947,40.818293,12.952277,,34.261597,20.909,27.865,54.004095,13.01332,24.376667,65.967,48.324633,44.762558,24.871038,24.871038,,36.048386,40.49,,57.861635,57.861635,21.346124,36.648639,24.871038,67.974404,55.445099,66.02,66.02,30.05178,,,65.115067,78.14823,29.62,64.08,19.705561,113.54,18.38,69.849652,,29.549317,38.704277,55.22,20.555712,13.623209,39.0692,,
2012-08-07,,,23.316168,59.870454,55.520017,22.195758,27.211029,29.519699,11.118997,40.69235,12.934074,,34.128051,22.6912,27.58,53.98451,13.027371,24.347735,65.939419,47.825614,44.923424,25.048628,25.048628,,35.659438,40.21,,58.30197,58.30197,22.076567,35.694816,25.048628,68.283002,55.417347,68.86,68.86,29.346418,,,64.944365,77.3772,31.34,64.26,19.324894,114.31,17.82,70.050352,,29.312211,39.253003,55.52,20.513883,14.200092,39.1985,,
2012-08-08,,,24.01447,59.723449,54.936138,22.177807,27.220228,29.970245,15.631054,40.917242,12.921938,,34.181452,23.9767,27.52,53.896821,13.215029,24.270614,66.07751,48.075123,45.289971,25.17727,25.17727,,35.565554,39.5,,58.24386,58.24386,21.163538,35.808172,25.17727,68.470036,55.760157,67.77,67.77,29.396856,,,65.195892,77.758486,31.55,64.23,19.36718,113.51,18.83,70.555446,,29.430764,40.204206,50.77,20.379886,15.353761,39.9654,,
2012-08-09,,,24.005431,59.331434,54.548859,22.249704,27.037168,29.880117,14.959617,40.494452,12.788447,,34.297138,23.7917,27.685,53.750476,13.257229,24.839786,66.049836,48.574142,45.370404,25.158974,25.158974,,35.422523,39.61,,57.969643,57.969643,21.181747,35.895501,25.158974,68.460656,55.574829,61.2,61.2,29.153343,,,64.809596,77.428032,31.76,64.05,19.19799,111.05,18.42,70.555446,,29.49004,40.268214,48.47,20.388305,15.209564,40.2239,,
2012-08-10,,,23.524709,59.164828,54.912281,22.312626,26.927424,30.015308,14.887997,40.512418,12.764176,,34.386169,23.7917,26.88,53.692016,13.275994,24.424954,66.501035,48.45398,45.576085,25.067019,25.067019,,35.221343,,,57.986246,57.986246,20.880505,36.003054,25.067019,68.264336,55.750937,54.27,54.27,29.354838,,,64.800636,78.131315,31.0,63.82,19.460237,111.15,18.89,70.436048,,29.578955,40.39623,48.42,20.564131,15.42104,40.4393,,
2012-08-13,,,23.51567,58.772813,54.942058,22.240728,26.689537,30.952469,14.986475,40.206543,12.667092,,34.270482,23.8306,25.86,53.701759,13.233795,23.990866,66.62987,48.712769,45.325769,25.116061,25.116061,,35.13646,,,57.944739,57.944739,20.770954,36.244457,25.116061,68.22691,55.630427,53.27,53.27,29.564754,,,64.674827,78.317729,29.7,64.72,19.481359,108.35,19.08,71.547236,,29.391246,39.948075,48.66,20.488714,15.026909,40.3618,,
2012-08-14,,,23.575018,58.635608,55.147626,22.069916,26.726149,31.123638,14.744757,40.458429,12.127184,,34.199222,22.253,26.355,54.121112,13.318241,24.550361,67.034978,48.925349,45.424056,25.054758,25.054758,,35.207931,,,57.53761,57.53761,20.497025,36.305487,25.054758,68.264336,55.408034,58.59,58.59,29.757915,,,64.899473,78.919347,29.5,64.59,19.70976,108.44,19.1,71.482937,,30.310031,39.719489,48.73,20.455215,15.113369,40.2842,,
2012-08-15,,,23.967631,58.214192,55.388891,22.150789,26.735256,31.213766,14.735805,40.521355,12.16359,,34.136936,23.48,26.965,54.442836,13.393304,24.849365,66.860051,49.387439,45.567068,24.932246,24.932246,,35.181107,,,57.379703,57.379703,20.606577,36.337499,24.932246,68.189484,55.389501,58.78,58.78,29.497561,,,65.240876,78.775308,30.01,65.66,19.705561,109.75,19.34,72.520628,,31.268334,40.066975,49.04,20.605961,15.065368,40.3445,,
2012-08-16,,,24.031544,58.910018,55.406829,22.159855,26.900011,31.357951,14.664185,40.40444,12.078642,,34.261597,24.2202,27.185,54.160085,13.318241,24.59855,66.519453,49.840249,45.692316,24.932246,24.932246,,35.359964,,,57.504404,57.504404,20.780058,37.515314,24.932246,68.339093,55.454412,60.26,60.26,29.724318,,,66.103254,79.046384,30.1,67.06,19.743607,108.8,19.4,72.520628,,31.544957,40.487685,49.91,20.756707,14.67114,41.1201,,
2012-08-17,,,23.894587,58.998221,55.558763,22.222686,27.147004,31.357951,14.601517,40.629332,12.072574,,34.270482,24.2981,27.595,54.257616,13.435504,24.656415,66.2156,49.988155,45.683299,24.809735,24.809735,,35.342051,,,57.620714,57.620714,21.035679,38.271444,24.809735,68.198865,55.713871,60.84,60.84,29.732738,,,65.932643,79.122676,30.07,67.5,19.70132,109.22,19.53,76.184788,,32.108084,40.542577,49.8,20.991113,14.863435,41.7491,,
2012-08-20,,,24.205024,57.243955,55.406829,22.25868,27.082979,31.412009,14.50304,40.872282,11.890603,,34.54646,23.704,27.97,54.228386,13.355773,24.878298,66.602289,50.135968,45.933615,24.975159,24.975159,,35.288403,,,57.437903,57.437903,21.100004,37.823551,24.975159,67.656522,55.945578,60.42,60.42,29.539578,,,65.878699,78.94472,30.17,68.0,19.578658,106.46,19.12,77.369472,,31.574596,40.460239,49.7,21.032942,14.69996,41.5423,,
2012-08-21,,,24.031544,56.655933,55.120809,22.339553,27.238534,31.366946,14.3598,40.773333,12.066506,,34.386169,25.1551,28.375,54.111369,13.374538,24.955517,66.721961,50.126782,45.942632,25.1834,25.1834,,35.100635,,,58.169057,58.169057,21.155225,37.189574,25.1834,66.328615,55.880667,60.68,60.68,28.901409,,,65.59124,77.707654,30.55,68.2,19.371422,105.59,19.27,77.250075,,31.811702,40.469354,50.29,21.183688,14.728877,41.6888,,
2012-08-22,,,23.985892,57.185153,55.272743,22.330577,27.147004,31.22276,14.53885,40.78227,12.157523,,34.234852,24.8435,28.455,54.111369,13.332292,24.714378,67.129197,50.404036,45.656518,25.109931,25.109931,,34.66254,,,57.620714,57.620714,21.311487,37.273911,25.109931,67.057993,55.964111,61.31,61.31,28.481577,,,65.483442,76.995914,30.23,68.37,19.227595,103.54,18.94,77.05718,,31.84134,40.350553,50.5,21.11669,14.546221,40.6978,,
2012-08-23,,,23.931109,56.744136,55.156595,22.186783,26.780975,31.267824,14.565707,40.188485,12.224268,,34.119166,24.6,33.885,54.130855,13.51995,24.936163,67.20324,49.951132,45.736951,25.287616,25.287616,,34.072502,,,60.104997,60.104997,21.228755,37.233193,25.287616,67.478773,56.056775,59.65,59.65,28.086921,,,65.276808,75.148773,29.87,69.82,19.049964,101.13,18.73,77.047982,,31.890737,40.359669,51.17,21.192107,14.555764,41.1631,,
2012-08-24,,,24.086328,57.038147,55.594459,22.330577,27.064673,31.52912,14.664185,40.656327,12.491188,,34.751177,24.9603,34.875,54.871932,13.501184,25.119534,67.20324,50.191456,46.023065,25.649021,25.649021,,34.39439,,,60.611833,60.611833,21.486156,37.335032,25.649021,68.086682,56.622072,59.75,59.75,28.615964,,,65.636132,76.055385,30.45,70.0,19.2572,101.12,19.24,77.507175,,32.325431,40.487685,51.24,21.326015,14.565403,41.2321,,
2012-08-27,,,24.12285,56.83234,56.032323,22.492323,27.320865,31.880544,14.68209,40.791299,12.545798,,35.080465,24.4344,34.72,55.05725,13.435504,25.119534,67.397603,49.784855,46.175004,25.563197,25.563197,,34.12615,,,60.603532,60.603532,21.62411,37.288511,25.563197,68.198865,56.872218,60.03,60.03,28.767107,,,65.734969,76.335006,31.26,70.1,19.265683,100.96,18.82,78.021467,,32.058687,40.560808,51.76,21.55209,14.363469,41.1459,,
2012-08-28,,,24.077197,57.214554,56.103895,22.663045,27.421502,31.970672,14.592565,40.476395,12.764176,,35.10721,24.4637,34.8,55.983645,13.496516,25.109857,67.092176,49.877273,46.183931,25.642891,25.642891,,33.974117,,,60.636738,60.636738,21.697639,37.745018,25.642891,68.572933,56.853685,59.48,59.48,28.977023,,,65.690076,77.004372,30.88,70.81,19.451754,101.7,18.97,77.672473,,32.048807,40.442007,52.4,21.694417,15.01727,41.594,,
2012-08-29,,,24.268938,57.655571,57.372822,22.680997,27.403196,31.853561,14.619422,40.539412,12.654151,,35.222897,24.2981,34.27,54.725685,13.473035,25.148466,66.888558,49.683157,45.969413,25.526509,25.526509,,33.491376,,,60.636738,60.636738,21.532174,37.256499,25.526509,67.740659,56.900064,59.28,59.28,29.044132,,,65.384605,76.919622,30.82,71.12,19.519447,103.35,19.26,78.085765,,32.453863,40.607774,52.52,21.677668,15.075103,41.5768,,
2012-08-30,,,24.223285,56.940144,56.979623,22.456329,26.900011,31.619248,14.377705,40.12556,12.648022,,35.01818,23.48,34.255,54.462421,13.374538,25.05639,66.231426,49.350509,45.590693,25.330434,25.330434,,33.205313,,,60.345918,60.345918,21.39422,37.235823,25.330434,67.619096,56.492249,58.57,58.57,28.91825,,,64.845529,76.72475,29.85,70.64,19.481359,102.92,19.1,77.534771,,32.424225,40.524841,52.15,21.434932,14.901604,41.077,,
2012-08-31,,,24.424157,57.194953,57.283491,22.564221,27.018954,31.664311,14.699995,40.314428,12.623565,,35.009294,23.6748,34.495,54.335562,13.473035,25.269573,66.472066,49.747831,45.671847,25.440685,25.440685,,33.437728,,,60.188101,60.188101,21.504563,36.941551,25.440685,68.572933,56.937129,58.93,58.93,28.515174,,,65.070174,75.665641,29.85,70.96,19.498283,103.03,19.32,78.030666,,32.542778,41.031555,51.95,21.242268,15.094381,40.8702,,
2012-09-04,,,24.542854,57.959382,57.783958,23.049459,27.284253,31.646322,14.986475,40.422406,12.629694,,35.009294,23.3632,35.905,54.569695,13.566864,25.473177,67.119942,50.487175,45.671847,25.63063,25.63063,,33.330432,,,60.703239,60.703239,20.649527,37.256499,25.63063,68.816059,57.743352,57.2,57.2,28.884653,,,65.115067,75.945263,30.69,71.72,19.65055,103.13,19.96,79.013257,,32.819401,41.013126,52.84,21.510261,15.316073,41.6802,,
2012-09-05,,,24.314591,58.15539,58.208458,22.851719,27.31185,31.276818,14.870092,40.296463,12.58691,,34.706662,23.2074,35.655,54.111369,13.41207,25.618525,66.833025,50.773708,45.257059,25.526509,25.526509,,33.536112,,,60.260648,60.260648,20.686341,36.735515,25.526509,71.022951,57.826797,55.56,55.56,28.758687,,,64.750765,75.487684,30.04,71.91,19.502524,102.15,19.85,78.967356,,32.760125,41.335544,52.46,21.259017,15.007631,41.9818,,
2012-09-06,,,24.981119,60.115463,59.903589,23.238133,28.194955,31.700381,14.86114,40.881311,12.635824,,35.000409,23.928,36.575,54.881675,13.590298,25.812452,67.712286,51.494492,45.446419,25.930826,25.930826,,34.108237,,,60.995502,60.995502,23.113496,36.523584,25.930826,70.789206,58.762749,58.07,58.07,29.044132,,,65.302875,75.818138,30.05,73.19,19.378277,102.69,20.34,79.545854,,33.649272,42.127817,52.16,21.912162,15.18113,42.3695,,
2012-09-07,,,24.917205,59.566643,59.849775,22.986538,28.259348,31.574184,14.691042,40.431435,12.599108,,34.929149,27.1028,35.735,54.374633,13.623161,25.599171,66.934834,51.152565,45.437402,24.509538,24.509538,,33.884734,,,60.987111,60.987111,23.45373,36.391094,24.509538,71.050997,58.38278,58.22,58.22,28.775442,,,65.25762,75.267353,29.9,72.16,19.048379,103.46,20.38,79.068357,,33.244216,41.952736,52.38,22.037739,15.132936,41.6457,,
2012-09-10,,,24.871553,59.076624,59.589676,23.049459,28.020174,31.276818,14.547802,40.098565,12.544126,,34.973664,29.5667,35.775,54.754915,13.627829,25.521659,66.536854,51.004752,45.329196,24.632144,24.632144,,33.670142,,,60.686546,60.686546,23.609992,36.367606,24.632144,70.863963,58.364248,57.22,57.22,28.926585,,,65.022294,75.089396,29.82,73.01,19.022673,104.33,20.66,78.83876,,32.364948,41.648748,52.0,22.071238,15.354629,41.6112,,
2012-09-11,,,24.953728,58.929619,58.764533,23.085362,28.102965,31.168702,14.798472,40.332486,12.415713,,34.973664,31.3197,34.895,54.696455,13.637212,25.095097,65.842701,50.967729,45.47347,24.362599,24.362599,,33.768527,,,60.76171,60.76171,23.380101,35.614106,24.362599,69.863414,58.38278,56.36,56.36,28.876233,,,64.786969,74.886067,30.15,72.2,18.864151,104.43,20.71,78.985661,,32.404466,41.777755,51.87,22.029409,15.547405,41.8439,,
2012-09-12,,,24.8259,58.282794,57.930421,22.968586,28.24095,31.213766,14.386657,40.341423,12.385188,,34.982549,30.0634,33.9,54.852445,13.618446,24.746146,65.648338,51.161844,45.419367,24.246218,24.246218,,33.800031,,,61.020497,61.020497,23.416916,34.07183,24.246218,69.723091,57.780418,50.78,50.78,28.323374,,,63.411219,73.437127,30.26,72.26,18.508547,104.53,20.62,79.09586,,32.098204,41.694822,51.38,22.171736,15.634154,41.8094,,
2012-09-13,,,25.008511,58.214192,58.208458,23.327981,28.572114,31.24084,14.628375,41.157335,12.562454,,35.124981,30.6575,34.505,55.782481,13.698225,25.676683,66.666429,51.55926,45.825139,24.564711,24.564711,,34.520139,,,60.987111,60.987111,23.646806,34.307247,24.564711,70.924886,58.586641,53.41,53.41,28.757156,,,64.1534,76.385839,31.87,72.77,18.821307,104.97,20.27,79.93155,,32.364948,42.376517,51.4,22.43964,15.759459,42.2058,,
2012-09-14,,,24.8259,57.792776,57.571663,22.995513,28.673303,31.132633,14.440372,39.960737,12.580781,,34.617631,30.2777,33.975,55.310082,13.595013,26.219465,64.870887,51.300471,45.257059,24.46059,24.46059,,34.313108,,,60.911947,60.911947,23.003153,33.912859,24.46059,70.568157,58.373467,53.77,53.77,28.017175,,,63.773258,75.818138,30.58,72.85,18.83416,109.19,20.59,79.077555,,31.801822,42.256824,50.69,22.355893,15.865486,41.8697,,
2012-09-17,,,24.835031,56.920543,57.42816,23.004489,28.470925,31.195777,14.807425,39.915409,12.550194,,34.679916,30.0439,34.1,55.251032,13.688842,26.238916,65.093016,51.023217,45.509539,24.49756,24.49756,,34.520139,,41.116621,60.828482,60.828482,22.754955,34.463225,24.49756,69.497778,58.327182,53.22,53.22,28.246824,,,63.709901,76.843417,30.26,72.14,18.735619,109.15,20.12,79.913246,,32.542778,42.044884,50.62,22.397811,15.634154,41.9731,,
2012-09-18,,,24.862422,56.548129,58.172583,23.040483,28.581313,31.466068,14.726852,40.223587,12.476886,,34.991524,29.1772,33.575,55.270715,13.712275,26.267946,65.731636,50.903055,45.356247,24.929511,24.929511,,34.763175,,41.636277,60.895254,60.895254,22.718141,35.066642,24.929511,71.093918,58.938764,52.39,52.39,28.314869,,,64.017635,77.538155,30.51,72.28,18.6585,110.95,20.2,79.545854,,32.404466,42.238395,51.05,22.43131,15.82693,42.4212,,
2012-09-19,,,24.807639,56.655933,58.181551,23.049459,28.866482,31.664311,14.834282,40.513708,12.751979,,35.623535,30.005,33.74,55.59549,13.777956,26.209788,65.981531,51.836514,45.933345,25.201037,25.201037,,34.673161,,42.082999,61.053883,61.053883,22.598693,34.93125,25.201037,72.342709,58.651553,53.75,53.75,28.195791,,,64.126247,77.648364,30.65,72.61,18.684206,109.3,20.02,79.509152,,32.760125,42.173891,52.27,22.364312,15.971513,42.6625,,
2012-09-20,,,24.670681,56.361922,58.002173,24.478247,28.894079,31.664311,14.529897,40.305215,12.599108,,35.997339,27.1126,33.14,55.575807,13.806104,26.287398,66.58313,51.577725,46.23091,25.670053,25.670053,,34.781178,,42.347385,61.579939,61.579939,22.635408,35.569943,25.670053,71.854468,58.725684,55.52,55.52,28.587045,,,64.479235,78.063568,30.51,72.39,18.829876,108.38,20.05,79.949948,,33.323251,42.054099,51.88,22.163317,15.961874,43.55,,
2012-09-21,,,24.679812,56.606931,57.777949,24.720866,28.802089,31.628242,13.939033,39.679645,12.51354,,35.872767,26.09,32.63,55.35929,13.71699,26.500581,66.342491,51.531516,46.393219,25.707023,25.707023,,34.232096,,42.228867,61.254289,61.254289,22.690629,36.037967,25.707023,72.830856,58.531043,54.7,54.7,28.969793,,,63.854717,78.072025,30.4,72.3,18.847013,107.79,19.66,79.013257,,32.858919,42.008025,51.95,22.43964,15.846208,43.7224,,
2012-09-24,,,25.118077,56.557929,57.643415,24.738818,28.7009,31.709375,13.813698,39.770302,12.59304,,35.810392,25.1843,32.175,55.447865,13.768573,26.17108,66.4443,51.300471,46.645699,25.688538,25.688538,,34.313108,,41.93713,62.147772,62.147772,23.168717,35.010689,25.688538,70.201952,58.864633,54.4,54.4,29.097376,,,63.945227,78.063568,29.66,73.42,18.7956,108.0,19.56,80.161147,,32.463743,41.722466,52.27,22.581967,15.740181,43.6707,,
2012-09-25,,,25.255035,56.146314,57.948359,24.613065,28.323741,31.384935,13.777888,39.607138,12.452429,,35.703591,23.2561,31.535,54.936099,13.618446,25.773647,65.657593,50.570407,46.744888,25.497272,25.497272,,33.917049,,41.253373,61.346146,61.346146,23.067578,34.737003,25.497272,69.140953,58.531043,53.99,53.99,28.927266,,,63.673697,77.037243,28.82,73.0,18.679922,107.88,19.39,79.059158,,31.782063,41.621103,52.38,22.347562,15.34499,43.4553,,
2012-09-26,,,25.090685,55.626894,57.804856,24.738818,28.010975,31.412009,14.529897,39.85193,12.476886,,35.56116,22.9249,31.415,54.965624,13.637212,25.579818,65.407698,49.960411,46.618648,25.454077,25.454077,,33.98906,,40.797535,61.362839,61.362839,22.865298,34.943039,25.454077,68.8875,58.280803,53.31,53.31,29.063354,,,63.737054,77.31948,29.49,72.18,18.705628,109.39,19.5,78.866263,,31.791943,41.5566,52.99,22.48147,15.653432,43.9378,,
2012-09-27,,,25.16373,56.352122,58.342992,24.783787,28.7009,31.312888,14.816377,40.250766,12.458497,,35.507759,24.1033,32.065,55.004991,13.707608,25.996605,65.56504,50.866125,46.573562,25.435592,25.435592,,34.484133,,40.824885,61.738568,61.738568,23.141107,34.895883,25.435592,69.816987,57.224434,53.42,53.42,28.833705,,,63.936176,77.533272,30.63,73.12,18.6585,113.7,19.6,78.930561,,32.206878,41.777755,52.82,22.741842,15.769098,44.0326,,
2012-09-28,,,24.81677,56.391323,58.522371,24.792763,28.765293,31.37594,14.637327,40.368693,12.336274,,35.472129,23.1295,31.5,55.064041,13.71699,25.9578,65.611317,50.977008,46.582579,25.515757,25.515757,,34.142082,,40.706367,61.162433,61.162433,22.984845,34.274873,25.515757,68.802984,57.493113,54.16,54.16,28.399924,,,64.053839,76.917529,30.06,73.0,18.568528,111.97,19.65,79.279556,,31.959893,41.50141,52.5,22.657917,15.441378,43.8775,,
2012-10-01,,,25.355471,56.940144,58.737626,24.954509,29.078059,31.574184,14.556755,40.45935,12.091768,,35.57902,22.7107,32.785,55.408499,13.857734,25.948123,66.06483,50.977008,46.826042,26.225364,26.225364,,34.547143,,40.204945,60.678154,60.678154,23.45373,33.962917,26.225364,68.502535,57.956526,55.03,55.03,28.612562,,,63.945227,77.576083,30.1,72.9,18.615656,109.08,20.15,80.014246,,32.276034,39.447009,52.99,22.649497,16.106456,44.3428,,
2012-10-02,,,25.455906,57.547767,59.392359,24.972461,29.216044,31.700381,14.350847,40.477408,12.036725,,35.712476,23.3632,32.7,55.467548,13.956231,26.083794,66.06483,51.93343,46.798991,26.407482,26.407482,,34.511137,,41.408358,61.062274,61.062274,23.380101,34.292556,26.407482,68.023674,58.345715,54.69,54.69,28.689111,,,63.918074,78.550965,30.05,73.65,18.581381,107.85,20.27,80.041749,,33.00711,39.87079,54.01,22.733423,15.942596,44.6875,,
2012-10-03,,,25.528951,58.557205,60.244409,24.909539,29.16085,31.862555,14.189703,40.160109,11.883916,,35.756992,22.7789,32.34,55.674223,13.867117,25.502208,66.286959,51.924151,46.717836,26.24715,26.24715,,34.421124,,40.906936,60.669853,60.669853,23.22384,34.692839,26.24715,68.173946,58.476096,54.38,54.38,28.961288,,,63.990482,79.337777,30.1,73.32,18.829876,105.19,20.3,80.179544,,33.886378,40.340644,54.09,22.708254,15.74982,45.0235,,
2012-10-04,,,25.702431,58.233792,59.670396,25.008455,29.262039,31.907982,13.78684,39.661588,11.865527,,35.890538,23.0028,31.885,55.900581,13.787339,25.531336,66.000042,52.6948,46.780956,26.4735,26.4735,,34.502136,,42.511487,61.078967,61.078967,23.1227,34.472112,26.4735,68.211466,58.401593,55.38,55.38,28.91876,,,64.144349,79.799627,30.52,73.95,18.966976,105.74,20.73,80.326445,,34.301313,41.086844,54.29,23.002213,15.846208,45.3715,,
2012-10-05,,,25.757214,58.086787,59.795962,24.972461,29.400025,32.089691,13.78684,39.906288,11.718848,,35.944387,21.5518,32.025,56.185989,13.815487,25.570043,66.166639,52.8712,46.844076,26.228288,26.228288,,34.72717,,43.368463,60.903646,60.903646,23.02156,34.831134,26.228288,68.164566,58.336402,57.03,57.03,28.91876,,,64.352521,80.167312,30.5,74.64,18.94127,106.68,20.61,79.389754,,35.763466,41.123703,54.35,23.018963,15.778736,44.9974,,
2012-10-08,,,25.85765,58.027985,59.598645,25.035382,29.528811,32.089691,13.518266,39.933558,11.798286,,35.72899,21.9803,32.1,56.097414,13.75919,25.715488,66.342491,52.806245,46.780956,25.983076,25.983076,,34.72717,,42.47502,61.329453,61.329453,23.361793,34.201327,25.983076,67.75146,58.401593,56.99,56.99,28.901749,,,64.43398,79.833806,30.46,74.46,18.872719,107.42,20.72,78.517362,,35.911657,41.261826,54.54,23.04422,15.691987,44.7191,,
2012-10-09,,,25.839389,57.38116,59.374421,24.981437,29.289636,31.889811,13.455598,39.806602,11.669934,,35.459744,22.2335,31.435,55.861215,13.623161,25.415019,66.037064,51.970548,46.510442,25.803882,25.803882,,34.709167,,42.848807,60.778403,60.778403,23.012357,34.230709,25.803882,67.3195,57.861441,56.74,56.74,28.510496,,,64.361572,78.251638,30.11,73.55,18.375731,106.16,20.49,77.185777,,34.360589,40.810499,54.45,22.380707,15.720903,44.0319,,
2012-10-10,,,25.647647,56.165915,58.387837,25.053334,29.004467,31.798957,13.410836,39.190153,11.559909,,35.522568,21.5031,31.425,55.605332,13.618446,25.259896,65.44472,51.367019,46.375185,25.700138,25.700138,,34.286104,,42.256217,61.062274,61.062274,23.25145,33.809841,25.700138,66.727982,57.619304,53.63,53.63,28.357396,,,63.619391,77.635896,30.4,73.41,18.272905,106.39,20.38,76.790882,,34.894078,40.690707,54.9,22.355538,15.479933,44.0319,,
2012-10-11,,,25.592864,55.401486,58.459589,25.026407,29.151651,31.689932,13.115403,39.353317,11.54765,,35.450769,21.6881,30.525,55.71359,13.660693,25.68636,65.148548,51.766216,46.528476,25.690707,25.690707,,34.304107,,42.356502,60.736625,60.736625,23.260654,33.483104,25.690707,66.671701,57.740372,54.44,54.44,27.821549,,,63.193995,77.687251,30.52,73.44,18.075824,105.32,20.54,76.735782,,34.775525,40.819714,55.53,22.531896,15.528127,44.0319,,
2012-10-12,,,25.611125,55.666096,58.710719,25.10728,28.967671,31.508224,13.392931,39.398646,11.54765,,35.172547,21.4252,29.405,55.447865,13.524617,25.521659,64.352586,51.12557,46.645699,25.671845,25.671845,,34.412123,,42.939975,60.202268,60.202268,23.039967,33.477209,25.671845,66.296116,57.516861,57.08,57.08,28.170275,,,63.402168,78.422707,30.67,72.91,17.985852,106.85,20.45,76.634782,,34.577936,40.718352,55.45,22.338788,15.441378,43.9101,,
2012-10-15,,,25.656778,55.911105,59.715241,25.529597,29.35403,31.644505,13.473503,39.57996,11.54765,,35.271271,21.4544,29.77,56.087573,13.632544,25.637976,65.074505,51.162688,46.618648,25.671845,25.671845,,34.322109,,42.81234,60.770011,60.770011,23.527259,33.98051,25.671845,66.446294,57.591365,58.31,58.31,28.212802,,,63.664646,78.730579,30.95,73.61,18.178649,106.81,20.51,76.845981,,35.131183,40.994696,56.6,22.641078,15.547405,44.4842,,
2012-10-16,,,26.232001,56.156114,59.98431,25.520621,29.492015,31.798957,13.464551,40.414022,11.535452,,35.630266,21.6784,29.955,56.294247,13.777956,25.996605,65.407698,52.499842,46.952282,25.624688,25.624688,,34.115078,,43.085843,61.03719,61.03719,23.508852,34.545658,25.624688,67.009671,57.861441,58.42,58.42,28.289352,,,63.628442,79.123984,30.84,74.23,18.290043,107.17,20.64,77.05718,,35.34853,41.096059,56.57,22.666247,15.711265,44.78,,
2012-10-17,,,26.569831,56.342321,60.190595,25.628512,29.565607,31.97158,15.183429,40.513708,11.712718,,35.962337,23.0321,29.775,56.658388,13.909316,26.248593,65.639083,53.781226,47.65562,25.888763,25.888763,,33.971057,,42.52972,61.797038,61.797038,23.931818,34.922453,25.888763,67.385255,58.420219,57.18,57.18,28.493484,,,63.447423,78.550965,31.1,74.26,18.478556,110.0,20.93,78.241865,,36.474783,41.621103,56.73,22.666247,15.894402,44.7626,,
2012-10-18,,,26.542439,55.7739,59.275763,25.844113,29.657597,32.216886,16.060774,41.0395,11.773829,,36.348257,24.1812,29.975,57.494929,13.909316,26.461874,65.990787,53.381936,47.340019,25.851038,25.851038,,34.06107,,42.301801,62.022529,62.022529,23.839882,34.781166,25.851038,67.075426,58.522661,56.03,56.03,28.144758,,,64.044788,75.258459,31.73,73.77,18.324318,109.9,21.03,78.397964,,35.86226,41.086844,55.52,22.649497,16.019707,44.3451,,
2012-10-19,,,26.04026,54.19604,57.813825,25.394869,28.7009,31.998836,16.383064,40.305215,11.724977,,35.890538,23.3242,29.86,56.796171,13.626415,25.754293,65.093016,52.741197,46.970316,25.464357,25.464357,,33.665011,,41.955364,60.577996,60.577996,23.205433,34.519178,25.464357,65.929912,57.405106,53.28,53.28,27.753504,,,63.248301,75.361083,31.19,73.17,17.972998,109.16,20.31,77.837771,,35.220098,40.5617,54.15,22.414294,15.846208,43.4752,,
2012-10-22,,,25.601995,55.107475,58.163614,25.41282,28.857283,31.808043,16.687448,40.18738,11.553779,,35.737965,23.4021,29.78,56.796171,13.64056,25.482854,65.296634,52.769128,46.898179,25.464357,25.464357,,33.511989,,42.50237,60.402584,60.402584,23.389305,34.619294,25.464357,65.507426,57.45167,45.73,45.73,28.000164,,,62.994873,76.284697,31.91,72.77,18.217208,106.9,20.48,77.938771,,35.111425,40.497197,54.03,22.405964,16.019707,43.5361,,
2012-10-23,,,24.917205,54.686059,57.150123,25.269026,28.682502,31.526395,16.562113,39.933558,11.639347,,35.432819,23.1587,29.215,56.176147,13.499109,25.434372,64.94493,51.53414,46.573562,25.18142,25.18142,,32.953906,,42.128583,60.461055,60.461055,23.02156,34.077724,25.18142,65.713979,57.172281,40.99,40.99,27.51535,,,62.017367,75.18147,31.79,72.1,17.960145,107.34,20.34,78.195964,,34.844681,40.478767,54.37,22.557065,15.557044,43.3795,,
2012-10-24,,,24.588506,54.852665,56.872085,25.06231,28.369736,31.426455,16.803831,38.628062,11.578236,,35.522568,23.6261,29.33,56.018681,13.484964,25.201738,64.898653,51.051242,46.726853,25.021089,25.021089,,33.196942,,41.526876,59.910005,59.910005,23.058374,32.876785,25.021089,65.263353,57.609991,47.95,47.95,27.328229,,,61.908755,75.027578,31.11,71.63,17.595972,105.68,20.28,78.085765,,34.577936,40.08273,53.46,22.044829,15.807653,42.8315,,
2012-10-25,,,24.64329,55.352484,57.356408,25.448724,28.51692,31.571822,16.821736,38.909153,11.602693,,35.818739,23.7722,29.115,56.451714,13.810301,24.910945,64.648758,55.090449,47.394122,24.964501,24.964501,,33.38597,,41.85508,60.953725,60.953725,23.22384,33.859899,24.964501,59.648626,57.684494,47.09,47.09,27.302712,,,62.352253,75.027578,31.16,72.39,17.715935,105.32,20.73,78.756064,,35.378169,40.349859,54.29,22.573903,15.778736,43.3795,,
2012-10-26,,,24.698073,54.578255,57.042495,25.349899,28.489323,31.544566,14.986475,38.764047,11.724977,,35.764889,23.7235,28.73,56.294247,13.833876,24.697664,64.167479,56.492558,47.700705,25.087107,25.087107,,33.340963,,41.298957,60.744926,60.744926,23.22384,33.721514,25.087107,58.212137,57.284037,45.86,45.86,27.013524,,,62.433712,75.497886,31.37,72.48,17.694513,105.75,20.54,78.085765,,35.121304,40.036656,54.37,22.372376,15.942596,43.1795,16.75,
2012-10-31,,,24.506332,54.45085,57.455067,25.241101,28.921676,32.044264,15.075999,38.845675,12.036725,,35.971312,23.5287,28.9,56.599338,13.923461,25.211415,63.723221,57.068248,47.177711,25.03052,25.03052,,33.466982,,41.463059,60.770011,60.770011,23.297369,34.145375,25.03052,57.892928,57.38648,44.67,44.67,27.047546,,,62.669038,75.737399,31.55,72.19,17.840182,107.58,20.47,78.645865,,34.913836,39.741783,53.55,22.380707,16.202844,43.1099,16.47,
2012-11-01,,,24.743725,54.470451,57.876607,25.47683,29.188447,31.998836,14.96857,39.235482,12.103965,,36.06106,25.681,29.47,56.776488,14.168642,26.655703,64.528438,57.857456,48.241734,25.275732,25.275732,,33.602002,,41.153088,62.481723,62.481723,23.775457,34.274873,25.275732,59.827038,56.995335,44.99,44.99,27.19214,,,62.850057,74.907777,32.01,73.77,17.887311,108.0,21.37,78.434666,,35.34853,39.797071,54.75,22.90978,16.569119,44.1711,16.75,
2012-11-02,,,24.515462,56.009109,57.822794,25.44963,28.783691,32.007922,14.771615,38.927211,12.036725,,35.72899,24.9993,28.625,56.37298,14.027192,26.345556,64.315565,57.857456,48.41306,24.785308,24.785308,,33.376969,,40.624316,61.688488,61.688488,22.975642,33.951128,24.785308,61.000693,57.256098,44.03,44.03,26.962491,,,62.497069,74.34339,32.28,71.96,17.600257,116.58,21.18,78.113268,,35.378169,39.898434,53.11,22.414294,16.511286,42.6401,16.75,
2012-11-05,,,24.287199,56.151727,57.795887,25.458697,28.323741,31.826214,14.57466,39.24451,11.957224,,35.69309,24.4929,28.9,56.304089,14.083772,26.539386,63.963861,58.377471,48.683574,24.907914,24.907914,,33.097927,,40.815768,61.387924,61.387924,22.745752,33.936437,24.907914,61.610971,57.125717,45.04,45.04,27.115591,,,62.451814,74.223677,32.91,71.98,17.810192,117.42,21.14,77.929573,,35.289254,39.557586,52.82,22.363957,16.453453,42.9011,16.5,
2012-11-06,,,24.314591,56.48614,57.93939,25.721625,28.627308,32.07152,14.64628,39.634317,12.067311,,35.720015,24.6195,29.875,57.170154,14.178072,26.801051,64.334076,59.101724,49.377895,25.002226,25.002226,,33.683014,,40.751951,62.606966,62.606966,23.518055,34.130684,25.002226,62.221249,57.675181,45.09,45.09,27.166624,,,62.768599,74.736796,33.87,72.29,17.900164,117.19,21.48,78.765263,,35.921536,39.797071,53.15,22.733423,16.636591,43.9623,16.3,
2012-11-07,,,23.739368,54.991121,57.760011,25.349899,27.974179,31.989751,14.39561,39.471153,11.9267,,35.648216,24.0936,30.515,56.746963,14.027192,26.025635,64.408119,58.934603,48.845883,24.747583,24.747583,,33.05292,,40.578732,61.03719,61.03719,22.249256,33.109301,24.747583,62.193108,57.367854,45.04,45.04,26.707326,,,62.442763,73.84736,33.18,71.25,17.668807,115.04,20.78,77.681672,,35.338651,38.323102,51.86,22.086836,16.405259,41.9617,15.46,
2012-11-08,,,23.25545,53.604294,57.876607,25.105104,27.661412,32.216886,14.68209,39.199182,11.718848,,35.280246,23.4508,30.215,56.363139,13.951751,25.511884,64.695035,58.405309,48.395026,24.634408,24.634408,,32.728872,,39.904091,61.03719,61.03719,21.52297,33.141675,24.634408,61.507695,57.600678,44.4,44.4,26.60526,,,62.261743,73.163173,33.2,70.87,17.557413,113.04,20.71,76.974578,,34.439625,37.678265,51.28,21.851633,16.106456,41.8051,16.05,
2012-11-09,,,23.182405,53.604294,57.535787,25.177636,27.900587,32.235057,14.986475,39.443974,11.743304,,35.334095,23.1879,30.44,56.559972,13.961181,25.366537,65.111527,58.906765,48.2237,24.540095,24.540095,,32.665863,,39.803807,61.053883,61.053883,21.49536,33.138773,24.540095,61.686107,57.740372,45.26,45.26,26.77537,,,62.316049,73.052004,33.58,70.98,17.733073,112.83,20.76,77.442876,,34.992872,37.93618,51.0,21.927228,16.202844,41.8573,15.71,
2012-11-12,,,23.063709,53.633801,57.490943,25.241101,28.066169,32.498534,15.156572,39.85193,12.042854,,35.181522,24.1812,30.355,56.766647,14.116777,25.395567,65.833445,58.488916,48.395026,24.50237,24.50237,,32.476835,,40.068193,60.811789,60.811789,22.028669,33.138773,24.50237,61.826904,58.131517,45.16,45.16,26.45216,,,62.098825,72.675688,34.61,70.94,17.424597,111.55,21.12,78.388766,,34.498901,37.558473,51.48,22.053248,16.299232,41.3963,15.55,
2012-11-13,,,22.884422,53.653472,57.894545,25.222968,27.689009,33.234453,15.228192,39.389617,12.097836,,35.316146,23.8696,30.675,57.150471,14.277088,25.541013,66.462811,58.488916,48.530283,24.276021,24.276021,,32.548845,,40.068193,60.728233,60.728233,22.05618,33.703921,24.276021,63.563936,58.857928,46.39,46.39,26.520204,,,62.071673,72.196748,34.41,71.24,17.514569,112.12,21.17,79.940749,,33.876498,37.236055,50.39,22.103586,16.492009,41.144,15.27,
2012-11-14,,,22.55343,52.964977,57.562694,25.096037,27.339447,33.052745,14.950665,38.990689,11.889984,,35.773864,23.3145,29.385,56.865063,14.267658,25.482854,66.231426,57.671777,48.404043,23.719577,23.719577,,32.413825,,40.423747,60.477748,60.477748,21.789575,33.185839,23.719577,62.568693,58.420219,44.74,44.74,26.188489,,,61.700582,70.460688,34.07,70.81,17.167534,111.82,20.61,79.174003,,33.422045,36.471426,50.11,21.935647,16.135372,39.961,15.04,
2012-11-15,,,22.507459,52.768264,58.064955,25.11417,27.357845,32.934634,14.93276,38.619033,12.385188,,35.782839,22.8665,29.57,56.993004,14.432684,25.628202,66.231426,57.671777,48.593403,23.681852,23.681852,,32.791881,,40.040843,60.085326,60.085326,21.357505,33.297744,23.681852,62.596834,59.100065,44.81,44.81,25.933324,,,61.718684,71.811974,33.9,70.03,17.128974,111.6,20.5,78.878342,,33.155301,36.572788,50.69,21.792877,16.15465,39.6826,15.0,
2012-11-16,,,22.948782,52.561715,58.576185,25.150436,27.265855,33.288966,14.86114,38.845675,13.644498,,35.71104,23.9183,29.945,57.150471,14.555274,25.9578,66.398023,58.071067,48.809814,24.096827,24.096827,,32.908899,,40.259645,59.200235,59.200235,21.301888,33.930543,24.096827,61.93956,59.183882,45.47,45.47,26.571237,,,61.827296,72.632964,33.91,70.37,17.531707,112.57,20.83,77.474096,,33.728307,36.69258,49.97,21.89364,16.270316,41.518,14.94,
2012-11-19,,,23.491241,53.407581,59.939465,25.259234,27.689009,33.570614,15.084952,39.389617,13.840091,,36.312357,26.5964,30.95,57.790178,14.75802,26.06444,67.193985,58.368192,49.35986,24.370333,24.370333,,33.52099,,40.934286,61.195819,61.195819,21.727823,35.09022,24.370333,62.737631,60.124491,45.23,45.23,27.693966,,,62.252692,74.28349,33.89,71.12,17.990136,112.17,22.0,78.056125,,34.202519,37.107147,51.88,22.380707,18.043857,41.8051,14.62,
2012-11-20,,,24.217585,53.781336,60.352036,25.349899,27.883221,32.898293,15.040189,39.770302,13.516084,,36.276458,27.1418,31.0,56.520605,14.168642,25.996605,67.361549,57.931784,49.431997,24.087396,24.087396,,33.529991,,40.916052,61.655102,61.655102,21.570373,35.240303,24.087396,62.080452,60.916093,44.91,44.91,27.940626,,,62.370355,75.343994,33.84,71.08,18.127236,114.47,22.0,78.222352,,34.251916,36.996569,51.95,22.263194,18.381216,41.8225,14.31,
2012-11-21,,,24.263556,53.810843,60.06503,25.504029,28.068184,33.116343,15.084952,39.915409,13.974573,,36.312357,27.0444,30.755,56.707597,14.352528,26.306751,66.970562,58.44252,49.639392,23.964789,23.964789,,33.65601,,40.578732,61.387924,61.387924,21.940691,35.717124,23.964789,62.080452,60.934719,45.74,45.74,27.949131,,,62.732395,75.874202,33.95,71.78,18.23863,114.16,21.73,78.129993,,33.975292,36.922851,51.88,22.363957,18.304105,42.1791,15.11,
2012-11-23,,,24.585354,54.597695,61.365527,25.757891,28.262396,33.343478,15.210287,40.622514,13.77285,,36.590578,27.395,31.1,57.50477,14.446829,26.529709,67.398786,58.860369,49.828752,24.162846,24.162846,,34.142082,,41.280723,61.838816,61.838816,21.811149,36.282181,24.162846,63.282247,61.810137,45.94,45.94,28.476473,,,63.528882,77.31948,34.39,71.42,18.457134,115.49,22.0,79.497352,,34.68661,37.318988,52.29,22.47314,18.554714,42.962,16.0,
2012-11-26,,,24.557771,53.535444,60.970894,25.649093,28.234651,33.134514,15.084952,40.105751,14.011227,,36.303382,27.8625,30.1,56.628863,14.376103,26.529709,67.640826,58.878927,49.945975,24.049671,24.049671,,33.629006,,40.396397,62.156074,62.156074,21.857365,35.852517,24.049671,63.216492,60.636704,45.86,45.86,28.246824,,,63.356913,76.857716,34.1,70.23,18.392868,114.1,22.39,79.478861,,33.985172,37.300558,51.87,22.456301,18.660741,42.8663,15.41,
2012-11-27,,,24.300333,52.286317,62.145825,26.864002,28.225403,33.252624,14.941712,40.096723,14.029616,,36.455955,28.1838,30.405,56.914271,14.404394,26.578191,67.277766,60.410946,50.000078,23.832752,23.832752,,33.683014,,41.326307,62.448337,62.448337,21.959197,35.79067,23.832752,63.103835,60.348002,51.96,51.96,28.195791,,,63.456474,76.224797,34.72,88.8,18.388584,112.95,21.99,79.57122,,34.400107,37.061073,52.92,22.489889,18.419771,43.5187,15.24,
2012-11-28,,,24.456635,53.269882,62.199639,26.882135,28.669315,33.189026,15.308764,40.486529,14.374364,,36.48288,35.8969,30.335,57.140629,14.479834,26.96585,67.510497,59.983818,50.297644,24.200571,24.200571,,34.041004,,41.773029,62.673738,62.673738,22.162862,35.901033,24.200571,64.164834,60.124491,51.36,51.36,28.416935,,,63.673697,76.891895,34.6,88.86,18.69706,113.25,22.29,80.522778,,34.933595,37.469595,51.7,22.62424,18.536353,43.8057,15.43,
2012-11-29,,,24.603742,54.686216,62.908186,26.836803,28.919015,33.207197,15.317717,40.658722,14.380494,,36.617503,35.4197,30.285,57.573662,14.541129,27.155769,67.538424,60.420319,50.533952,24.313745,24.313745,,34.412591,,41.88243,62.924314,62.924314,22.320311,35.89804,24.313745,64.192974,60.161743,51.69,51.69,28.553023,,,63.637493,77.251122,34.43,88.94,18.615656,114.0,22.06,80.947777,,35.328772,38.119683,52.16,22.935038,18.643219,43.884,15.6,
2012-11-30,,,24.548577,55.187834,62.944062,27.072531,28.835782,33.388905,15.344574,40.658722,14.491324,,36.788026,35.7119,30.135,57.534295,14.621285,27.116769,68.208689,60.308874,50.406708,24.417489,24.417489,,34.367276,,41.226023,63.241571,63.241571,22.292503,36.121579,24.417489,64.023942,60.124491,52.05,52.05,28.757156,,,63.546983,76.866261,34.44,89.14,18.731335,112.97,22.37,81.723815,,35.447325,38.500363,52.44,22.825855,18.623789,43.4056,15.17,
2012-12-03,,,24.631325,55.640274,62.759525,27.036265,28.882023,33.288966,15.693722,40.649693,14.374364,,36.330307,36.8416,30.38,57.465404,14.621285,27.184897,67.668754,60.318153,50.224932,24.219433,24.219433,,33.877868,,41.654511,64.185133,64.185133,22.644315,36.073878,24.219433,63.892525,60.226933,51.92,51.92,28.629573,,,63.23925,76.84054,34.57,89.12,18.808454,113.0,22.23,81.973203,,35.496722,38.556147,52.82,24.018354,18.672364,43.3186,15.73,
2012-12-04,,,24.557771,55.827151,61.877363,26.79147,29.020745,33.207197,15.362479,40.803828,14.503583,,36.46493,39.7145,30.32,57.56382,14.607139,27.038866,67.398786,60.754561,50.179487,24.257158,24.257158,,33.669417,,41.663627,64.285292,64.285292,22.986824,35.853333,24.257158,63.47942,60.115178,51.61,51.61,28.484979,,,63.230199,76.070905,34.73,89.45,18.877004,113.0,22.53,82.148722,,35.427566,38.769672,52.86,23.79157,18.730655,43.6666,15.64,
2012-12-05,,,24.566965,56.791045,61.598312,26.918401,29.325935,33.325307,15.308764,41.202664,14.497453,,36.734176,40.1527,29.83,57.573662,14.626,27.194672,67.324312,61.228086,50.579396,24.068533,24.068533,,33.814427,,41.718328,64.327069,64.327069,22.727641,35.77879,24.068533,63.441805,59.817163,51.63,51.63,28.323374,,,63.583643,75.711678,34.29,89.38,18.619941,112.89,22.9,81.566694,,35.200339,39.37329,53.15,23.119726,19.041537,43.423,15.94,
2012-12-06,,,24.566965,57.863131,61.310259,26.882135,29.279694,33.098172,15.514672,41.247992,14.528226,,36.554679,36.8513,29.095,57.642554,14.626,27.554962,67.063654,61.042406,50.661196,24.068533,24.068533,,33.877868,,41.162205,64.362982,64.362982,22.199973,35.677404,24.068533,62.747011,59.686782,51.83,51.83,28.221308,,,63.866399,75.831391,34.05,89.48,18.650344,113.0,22.98,81.261835,,35.565877,39.466132,52.5,22.90145,19.119258,43.1708,15.88,
2012-12-07,,,24.9899,58.748339,61.724335,26.9728,29.594131,33.27988,15.317717,41.257113,14.534417,,36.743151,36.861,29.1,57.836168,14.630715,27.360253,67.277766,60.243825,50.870239,24.134552,24.134552,,34.176951,,40.7246,64.380938,64.380938,22.459156,36.216979,24.134552,62.737631,59.789224,52.76,52.76,28.467968,,,64.085307,76.515579,34.35,89.17,18.689434,112.94,22.93,81.114005,,35.565877,39.939752,52.65,23.010632,19.070682,43.2925,15.83,
2012-12-10,,,24.796821,58.915545,62.642027,26.963734,29.492402,33.27988,15.201334,41.619741,14.552868,,36.797,37.5428,28.73,57.736878,14.541129,27.126543,67.771155,60.531671,51.015661,24.464645,24.464645,,34.113509,,40.405514,64.021812,64.021812,22.635012,35.865213,24.464645,62.409041,59.789224,52.84,52.84,28.42544,,,64.039701,76.173529,34.59,89.39,18.589537,113.0,22.66,81.095607,,35.318892,40.301903,52.24,22.800598,19.002677,42.9794,15.54,
2012-12-11,,,24.980705,60.548263,62.594231,26.936534,29.631124,33.098172,15.049142,41.284292,14.70673,,37.147021,38.4095,28.76,58.134036,14.64486,27.593865,68.245926,60.076705,51.497369,24.643839,24.643839,,34.312897,,40.870469,63.644821,63.644821,22.662821,35.757932,24.643839,62.474797,59.994109,54.9,54.9,28.034187,,,64.231245,75.651865,34.62,89.32,18.593881,113.0,22.75,81.049335,,35.328772,40.515527,52.23,23.212159,19.148403,43.2925,15.72,
2012-12-12,,,25.026676,60.381057,61.179456,27.453324,29.113227,33.116638,15.129714,40.957872,14.546677,,37.048297,39.4126,28.65,58.243255,14.640145,27.515962,68.329709,59.640297,51.442836,24.558958,24.558958,,34.113509,,41.663627,62.917727,62.917727,22.635012,35.710232,24.558958,62.005316,60.320063,56.8,56.8,28.280847,,,64.067064,75.92547,34.47,89.25,18.619941,114.23,22.56,81.141787,,35.200339,40.032593,51.79,23.018963,19.148403,42.8576,15.87,
2012-12-13,,,24.962317,60.410564,60.45295,27.353593,28.789541,33.070476,14.995427,40.583451,14.725243,,37.236769,39.0036,28.125,58.441834,14.69201,27.691219,68.692768,59.584621,51.579169,24.615545,24.615545,,34.077256,,41.946247,62.370105,62.370105,22.375829,35.659539,24.615545,61.901566,60.236246,54.69,54.69,28.289352,,,64.039701,75.429441,34.44,89.36,18.689434,131.94,22.4,80.689098,,34.775525,40.06975,50.78,22.82169,19.041537,42.5793,15.83,
2012-12-14,,,24.907152,60.056481,60.491187,27.33546,28.64157,32.848899,14.735805,40.766055,14.731372,,37.20087,39.286,28.05,58.699987,14.66372,27.623091,68.90688,59.658856,51.551902,24.549527,24.549527,,34.131635,,42.50237,61.40958,61.40958,22.06103,35.602861,24.549527,62.118541,59.994109,53.42,53.42,28.204297,,,63.994095,75.044667,34.22,89.2,18.580851,132.38,22.37,80.337967,,34.874319,39.967594,50.52,22.744412,19.090112,43.1534,15.62,
2012-12-17,,,25.182978,60.843333,60.787525,27.48959,28.752548,33.384378,14.887997,40.729571,14.854523,,37.452167,37.9128,28.185,59.434729,14.800455,27.847026,69.484052,59.723904,51.679146,24.57782,24.57782,,33.986625,,42.237984,62.720208,62.720208,22.218479,35.412061,24.57782,62.250526,61.446932,52.76,52.76,28.059703,,,64.18564,74.736796,35.0,89.19,18.624284,138.87,22.12,80.855325,,35.121304,40.385529,51.39,22.916073,19.138688,43.1621,15.53,
2012-12-18,,,25.81738,60.626948,61.189015,27.389858,29.60338,33.46747,14.762662,40.820873,14.743694,,37.488066,39.9287,27.985,59.226221,14.871181,27.652317,68.981354,60.596719,51.442836,24.398627,24.398627,,33.787237,,42.438553,62.343216,62.343216,22.218479,34.610044,24.398627,62.439171,60.841589,53.5,53.5,27.719482,,,64.331578,73.984163,35.13,89.17,18.216009,139.24,22.12,80.698297,,35.309013,40.729053,51.32,22.993262,19.226123,43.1012,15.25,
2012-12-19,,,25.642689,60.154837,60.424272,27.163196,29.362927,33.218195,14.78952,40.629056,14.756015,,37.039322,40.7078,28.585,58.620555,14.772165,27.477059,68.571748,60.76384,51.033838,24.455214,24.455214,,33.334082,,42.283568,61.589142,61.589142,22.190671,35.018488,24.455214,62.090211,60.124491,53.02,53.02,27.549372,,,63.738702,72.393451,34.52,89.2,18.259443,137.91,22.06,79.414192,,35.01263,40.348373,52.2,22.804497,19.041537,43.8144,15.13,
2012-12-20,,,25.771409,60.518756,60.844881,27.344526,29.566387,33.135103,15.031237,40.93963,14.602092,,37.308568,41.4675,27.96,59.067358,14.781595,27.710769,68.860334,61.831708,51.433747,24.587252,24.587252,,33.578786,,42.329151,61.69688,61.69688,22.199973,35.265967,24.587252,62.505211,60.348002,52.07,52.07,27.779021,,,63.948489,73.120449,34.95,89.24,18.285503,137.41,22.02,80.310278,,35.457204,40.404058,51.57,22.718711,19.138688,44.3972,15.64,
2012-12-21,,,25.541553,60.272865,60.519865,27.018132,29.288942,32.775039,14.82533,40.811752,14.534417,,36.886749,40.0359,27.33,58.2929,14.611855,27.49651,68.301781,61.488093,51.061105,24.294883,24.294883,,33.433776,,41.508642,61.292909,61.292909,22.218479,34.848636,24.294883,61.995841,59.668156,52.09,52.09,27.460018,,,63.510673,72.650054,34.69,89.29,18.129142,137.88,21.97,80.01471,,34.775525,40.264746,52.74,23.104749,18.915241,44.5364,15.81,
2012-12-24,,,25.504776,60.4204,60.701491,26.999999,29.446161,32.645786,14.494087,40.829994,14.540547,,36.797,40.776,26.97,57.945386,14.640145,27.399156,67.966649,61.17241,51.02475,24.210002,24.210002,,33.288767,,41.435708,62.002047,62.002047,22.144356,34.809823,24.210002,62.373131,59.826476,52.42,52.42,27.296206,,,63.32825,72.339044,35.03,89.3,18.090052,137.75,21.78,79.756031,,34.647092,40.190434,52.44,22.701519,19.022107,43.8405,15.51,
2012-12-26,,,25.256532,59.663055,59.955867,26.709872,29.214957,32.350349,14.341895,40.44636,14.362043,,36.527754,40.591,26.64,57.498583,14.479834,27.155769,67.166055,59.788859,50.688462,23.945927,23.945927,,33.007811,,40.715484,60.628617,60.628617,21.931488,34.565336,23.945927,61.929896,59.100065,51.98,51.98,27.00307,,,62.790101,71.6566,34.57,89.31,17.920661,135.73,21.05,78.795182,,34.370469,40.11622,51.71,22.324077,18.74037,43.4404,15.53,
2012-12-27,,,25.27492,59.938453,60.18529,26.646406,29.224205,32.193398,14.43142,40.382421,14.288177,,36.420056,40.3183,26.535,57.448938,14.484549,27.029189,67.082272,60.310936,50.661196,24.040724,24.040724,,33.007811,,40.927543,60.870981,60.870981,21.949994,34.168862,24.040724,61.845001,59.090702,52.22,52.22,27.072043,,,62.635041,72.364939,34.05,89.38,17.898945,134.85,21.02,79.016881,,34.419866,40.079063,51.07,22.06663,18.81809,43.3795,15.52,
2012-12-28,,,24.879569,59.06308,59.315394,26.474143,28.937512,31.907193,14.43142,40.08106,14.121933,,35.953362,39.2957,26.34,56.813485,14.465689,26.766253,66.505101,59.583778,50.288553,23.945926,23.945926,,32.599971,,40.945983,61.131302,61.131302,21.922185,34.389498,23.945926,61.411145,58.650635,51.88,51.88,26.804771,,,62.042166,71.397468,33.71,89.33,17.803391,132.98,20.96,78.758201,,33.955534,39.661128,50.7,21.980844,18.633504,42.875,15.58,
2012-12-31,,,25.182978,60.085988,60.462509,26.746138,29.344431,32.211863,14.780567,40.355058,14.325079,,36.267483,40.2793,27.11,57.270217,14.715585,27.399156,67.23122,60.06855,50.761173,24.145002,24.145002,,32.853738,,41.923303,62.109784,62.109784,22.320311,34.78298,24.145002,62.146776,59.483953,52.88,52.88,27.089286,,,62.416134,72.252637,34.25,89.65,17.994498,134.45,21.57,79.672871,,34.963233,39.735441,52.13,22.238291,18.847236,43.4143,15.54,
2013-01-02,,,26.359839,61.531828,61.102981,27.281061,30.250751,33.1628,15.505719,41.652079,14.645185,,37.084197,42.3537,28.24,58.471621,15.092787,28.567606,69.195466,62.464573,51.72459,25.292055,25.292055,,34.077256,,42.190682,63.546106,63.546106,23.079453,35.993441,25.292055,64.900938,61.075685,54.23,54.23,28.054913,,,63.237038,74.930621,36.05,89.72,18.624284,139.44,22.44,82.832401,,37.107065,40.431901,53.83,22.950369,19.41071,45.8238,15.93,
2013-01-03,,,26.148372,59.928617,59.745562,27.217595,30.001051,33.227427,15.362479,41.487717,15.273138,,37.102146,41.7694,28.28,58.203539,15.653874,27.847026,68.43211,62.408617,51.370125,25.254136,25.254136,,34.077256,,42.033942,64.120527,64.120527,23.236804,35.447881,25.254136,65.976149,60.869696,52.21,52.21,28.072157,,,63.264402,74.170403,35.74,89.76,18.567821,141.25,22.89,82.389004,,36.247557,39.874753,54.35,22.787305,19.770167,45.7194,16.12,
2013-01-04,,,26.865521,60.085988,59.965426,27.417058,30.398722,32.941223,15.720579,41.725231,15.420869,,37.488066,40.9805,28.26,58.263113,16.177242,28.402025,69.39096,62.259492,51.479192,25.358414,25.358414,,34.131635,,41.849543,63.84225,63.84225,23.171983,35.140732,25.358414,66.013859,61.094411,51.89,51.89,28.063535,,,63.355614,74.740545,35.54,89.72,18.585194,137.37,22.8,83.33127,,36.306833,39.698285,54.16,22.813094,19.760452,45.2323,15.98,
2013-01-07,,,25.743826,59.751575,58.990378,27.353593,30.398722,32.775039,15.648959,41.323263,15.43932,,37.344468,39.2276,26.77,57.915599,16.101802,28.49938,69.316486,61.084772,51.497369,25.273096,25.273096,,33.805363,,42.439622,62.971596,62.971596,23.171983,34.475921,25.273096,65.778029,60.935238,50.06,50.06,27.98594,,,63.346492,74.507309,34.7,89.7,18.311563,135.84,22.99,83.044901,,35.970933,38.964669,53.09,22.564243,19.643871,44.6147,16.23,
2013-01-08,,,26.056429,59.692562,60.118375,27.33546,30.398722,32.304187,15.398289,41.451141,15.340812,,37.335423,39.1399,27.065,57.637588,16.177242,28.314445,68.571748,61.42042,51.670057,25.282575,25.282575,,33.569723,,42.024722,63.222893,63.222893,22.94051,33.969084,25.282575,65.183859,60.897786,50.73,50.73,27.710046,,,63.538037,74.369111,35.17,89.73,18.094395,134.72,22.59,82.305844,,35.625154,38.843985,53.72,22.384074,19.741022,45.2671,16.0,
2013-01-09,,,26.185149,58.915545,59.573495,27.562122,30.472707,32.5073,15.613149,41.743473,15.310039,,37.299237,38.7601,27.18,57.836168,16.271542,28.703863,69.316486,62.837526,51.797301,25.642807,25.642807,,33.56066,,42.771542,63.572996,63.572996,23.153477,34.288113,25.642807,64.363333,61.3004,50.33,50.33,27.503126,,,63.857278,74.144507,35.34,89.71,18.176919,136.0,22.8,82.767732,,35.388048,39.103981,53.3,22.435564,19.702162,45.4237,16.19,
2013-01-10,,,26.056429,59.259793,60.089697,27.761584,30.666919,32.599624,15.792199,41.798291,15.316231,,37.633962,38.5945,26.95,58.163823,16.266827,28.509154,70.684942,62.837526,52.088144,25.889281,25.889281,,33.497218,,42.421182,63.806427,63.806427,22.986824,34.610044,25.889281,64.316148,60.560713,48.76,48.76,28.19286,,,64.586971,75.405725,35.35,89.62,18.354996,137.0,22.82,82.998722,,35.249736,39.317605,53.07,22.41846,19.585581,45.4325,16.38,
2013-01-11,,,26.056429,58.718832,60.166171,27.924781,30.972108,32.516532,15.935439,41.177143,15.285397,,36.747392,40.1527,26.66,58.044676,16.262112,28.801218,70.861818,63.275714,51.824567,25.993559,25.993559,,33.451903,,42.753102,63.860206,63.860206,23.051645,34.887358,25.993559,65.231044,60.925875,50.92,50.92,28.391158,,,64.650819,77.081623,35.27,89.87,18.511357,137.57,22.65,81.502024,,35.200339,39.6426,52.61,22.44416,19.741022,45.4764,16.27,
2013-01-14,,,26.258702,59.889275,60.806643,28.13331,31.110831,32.802737,15.890676,41.277658,16.756708,,37.027838,38.3121,26.265,58.48155,16.200817,29.034928,71.262114,63.69525,52.151766,26.050438,26.050438,,33.524407,,43.177221,63.653754,63.653754,23.384951,34.899238,26.050438,65.542294,61.141227,50.77,50.77,28.442888,,,65.024787,76.943425,34.83,89.88,18.546104,138.56,22.69,81.575985,,34.903957,39.837596,52.67,22.607136,19.867318,45.6432,16.18,
2013-01-15,,,26.129983,60.213851,60.978711,28.169576,31.268049,32.922758,15.971249,41.359839,16.362736,,36.928325,38.3316,26.865,58.789347,16.243252,29.210185,70.926982,64.152091,51.915456,26.268472,26.268472,,33.82349,,43.066582,63.797404,63.797404,23.755269,34.994638,26.268472,65.306464,61.206769,51.05,51.05,28.261833,,,65.307543,76.813859,34.09,89.89,18.45055,139.83,22.87,81.631364,,35.970933,40.004751,52.38,22.744412,19.828458,45.7311,16.19,
2013-01-16,,,26.102401,60.026974,60.797084,28.260241,31.305042,32.96892,16.293539,41.049266,16.516659,,36.946418,38.2245,26.68,58.799276,16.229107,29.268637,71.252805,64.310588,51.833656,26.37275,26.37275,,33.82349,,42.882182,64.201375,64.201375,23.440469,34.720407,26.37275,63.156042,61.272311,50.55,50.55,28.261833,,,65.198089,76.312773,33.93,89.9,18.341966,139.68,22.8,81.843863,,38.183921,40.385529,52.48,22.778797,19.877033,45.6959,16.2,
2013-01-17,,,26.460975,60.597441,61.341964,28.568502,31.600983,33.347448,16.454684,41.168022,16.682842,,37.226864,39.8119,28.065,59.077287,16.33809,29.317315,72.63057,65.503867,52.497142,26.600265,26.600265,,33.995689,,43.260201,64.201375,64.201375,23.764472,35.29281,26.600265,62.741042,62.068177,49.84,49.84,28.442888,,,66.0646,77.003848,34.83,89.91,18.433177,142.06,22.93,82.767732,,38.085127,41.054047,52.44,23.190624,20.625093,46.1878,16.21,
2013-01-18,,,26.332256,60.715469,61.772132,28.740765,31.702713,33.504399,16.445731,41.378081,16.658199,,37.425889,39.5392,27.52,59.603522,16.437597,29.21996,72.87261,64.98179,52.906139,26.619224,26.619224,,34.167887,,43.389281,64.219332,64.219332,23.745966,35.337518,26.619224,63.005107,62.405249,47.82,47.82,28.684295,,,66.110205,77.729539,35.82,89.91,18.472267,142.85,23.37,82.740042,,38.272836,41.639137,52.97,23.327899,21.227428,46.6708,16.25,
2013-01-22,,,26.764385,60.479414,61.533149,28.958361,31.906173,33.642885,16.454684,41.286779,16.762899,,37.534449,40.0553,27.645,59.71274,16.527627,29.404895,73.347381,65.009815,52.887962,26.126276,26.126276,,33.651291,,43.416941,64.2732,64.2732,23.505289,35.462753,26.126276,63.929383,62.264802,48.54,48.54,28.580835,,,65.854813,77.772698,36.52,89.94,18.493984,143.78,23.43,83.03561,,37.640554,42.047758,53.11,23.242025,21.51888,47.189,16.5,
2013-01-23,,,26.350645,60.381057,61.25593,28.858629,31.86918,33.569026,16.436779,40.44636,16.966046,,37.552542,40.0066,27.16,59.851746,16.546581,29.794411,73.35669,65.522519,52.869784,26.344311,26.344311,,33.651291,,43.094241,64.219332,64.219332,23.440469,35.087137,26.344311,64.608543,62.34907,48.06,48.06,28.460132,,,65.499087,76.744717,36.66,89.95,18.363683,144.15,23.55,82.92476,,37.433086,41.657665,52.65,23.164835,21.635461,46.8992,16.33,
2013-01-24,,,26.690831,60.381057,61.628742,29.375419,31.758202,33.624421,16.463636,40.683874,16.984497,,37.724428,42.6361,27.625,60.209188,16.712426,29.784636,72.695735,65.33609,53.251515,26.38223,26.38223,,33.633165,,43.250981,65.04514,65.04514,23.940329,35.400181,26.38223,65.589479,58.39783,47.27,47.27,28.804998,,,65.882176,77.539463,36.98,89.95,18.871855,145.77,23.77,83.275892,,37.314533,42.224127,53.01,23.310707,21.664606,47.593,16.43,
2013-01-25,,,26.635666,60.96136,62.221418,29.311954,31.887677,33.725977,16.571066,40.702116,16.732065,,37.769661,45.1,28.755,60.28862,16.745595,29.969668,72.472313,65.261481,53.478736,26.334831,26.334831,,33.578786,,43.463041,65.637607,65.637607,24.032957,35.471731,26.334831,66.051569,57.929674,46.71,46.71,28.839485,,,66.119327,77.245716,36.88,89.96,19.045589,144.17,23.73,82.462873,,38.03573,41.899132,53.56,23.387897,21.800617,47.4261,16.75,
2013-01-28,,,26.332256,61.93509,61.504472,29.583948,31.86918,33.46747,16.302491,40.784389,16.615106,,37.760614,44.0774,27.76,60.179401,16.655565,29.774959,71.876523,62.231467,53.087916,26.36327,26.36327,,33.542534,,43.333961,65.494047,65.494047,24.069969,35.534304,26.36327,64.636778,57.330434,47.45,47.45,29.055027,,,66.228781,76.882914,37.64,89.98,19.089023,142.05,23.76,82.037873,,38.193801,41.917661,53.91,23.43079,21.625746,47.9531,16.33,
2013-01-29,,,26.313868,61.600678,62.030233,29.510856,32.081888,33.384378,16.221919,41.113204,16.664391,,37.968687,42.1492,27.485,60.318406,16.589227,29.697056,72.416458,63.1638,53.460559,26.38223,26.38223,,33.914121,,43.380061,65.745345,65.745345,24.218116,35.507461,26.38223,64.806568,57.929674,47.24,47.24,29.055027,,,66.529779,76.805227,37.76,89.98,19.17589,140.8,23.69,81.899335,,38.944636,42.270597,53.13,23.293514,21.858907,48.3044,16.14,
2013-01-30,,,26.378227,61.236759,62.250096,29.894589,32.109633,33.73521,16.186109,41.378081,16.528919,,38.032013,43.3957,27.485,60.119827,16.532366,29.463346,72.87261,61.793372,53.360581,26.287432,26.287432,,33.986625,,43.075801,65.879972,65.879972,23.66264,34.997631,26.287432,64.278438,58.369741,48.18,48.18,29.055027,,,66.776051,75.716735,37.49,,19.24104,141.51,23.39,82.111834,,38.697651,42.335596,52.83,23.362196,21.57717,47.8125,16.13,
2013-01-31,,,26.23112,60.331879,61.848606,29.86718,32.248355,33.89216,16.392016,41.168022,16.547431,,37.941547,44.3404,28.495,60.199259,16.39969,30.164378,73.961789,61.59757,53.169716,26.344311,26.344311,,33.750985,,42.614802,64.147506,64.147506,23.542301,34.944036,26.344311,71.682404,58.379104,47.9,47.9,29.037784,,,66.447689,76.157311,37.99,,19.102053,140.34,23.31,81.880844,,31.969772,41.954817,52.93,23.250621,21.489735,47.7598,16.19,
2013-02-01,,,26.359839,59.948288,62.555993,30.214366,32.710763,33.96602,16.329349,41.323263,16.867537,,38.113433,45.6941,28.66,60.417696,16.783502,30.719377,74.604126,60.693168,53.306048,26.751941,26.751941,,34.022878,,42.965162,65.125988,65.125988,23.829293,35.346495,26.751941,70.786458,59.343506,47.65,47.65,29.48611,,,66.283508,76.131415,37.79,,19.314877,140.75,23.66,82.952542,,32.285913,42.131285,52.23,23.576662,22.150359,48.7172,16.4,
2013-02-04,,,26.148372,59.538599,61.819928,29.976817,32.146625,33.744442,16.544208,41.487717,17.083005,,37.769661,45.4798,28.72,60.159543,16.631872,30.894635,74.185211,59.621082,52.806162,26.429629,26.429629,,33.850679,,42.780762,64.309113,64.309113,23.607122,35.069181,26.429629,70.795838,58.781719,47.6,47.6,29.218839,,,66.082842,75.44034,37.45,,18.967409,140.06,23.6,82.093344,,31.16954,40.989048,53.58,23.413686,22.179505,47.9179,16.49,
2013-02-05,,,27.012629,60.515936,62.116266,30.141274,32.035647,34.039879,16.642686,41.926169,17.052233,,38.113433,46.2589,29.7,60.467341,16.788241,30.982312,74.492415,61.59757,53.169716,26.495987,26.495987,,34.566664,,43.352401,64.605346,64.605346,23.718158,35.525326,26.495987,71.833339,59.343506,48.33,48.33,29.468867,,,66.721324,75.984499,37.89,,19.049932,141.0,23.76,82.666081,,30.537258,41.39767,54.22,23.319303,22.402951,47.5578,16.72,
2013-02-06,,,27.922857,60.91082,61.953758,30.196093,32.2761,34.242992,16.938118,42.054047,17.169192,,38.321505,47.6613,29.02,60.338264,16.840363,31.235473,74.79962,61.336531,53.615069,26.543386,26.543386,,34.720737,,43.343181,64.964382,64.964382,24.032957,35.525326,26.543386,72.814275,58.753629,49.45,49.45,29.417137,,,66.374719,75.751263,37.99,,19.006499,139.07,23.95,82.305844,,30.99171,40.961206,54.14,23.550961,22.723548,48.0672,16.75,
2013-02-07,,,27.840109,60.703506,62.2023,30.406232,32.294596,34.510732,16.785926,41.999229,17.38466,,38.421018,45.1097,30.34,60.56663,16.859317,31.361956,74.781001,60.488086,53.624158,26.581305,26.581305,,35.264523,,43.020482,64.650192,64.650192,24.088475,35.829483,26.581305,72.48417,59.334143,48.15,48.15,29.839599,,,66.411204,77.591254,38.04,,19.219323,139.57,23.73,82.130325,,31.209057,41.146988,53.96,23.490875,23.092721,49.1563,16.86,
2013-02-08,,,27.784943,60.733122,62.211859,30.497597,32.72926,35.018514,16.848593,41.770836,17.353826,,38.538624,44.019,30.01,60.47727,16.977778,31.410731,74.66929,60.879691,53.542358,26.315871,26.315871,,35.137639,,43.241761,65.233726,65.233726,23.931125,35.981471,26.315871,73.10667,59.577585,46.84,46.84,29.908572,,,66.219659,78.1355,37.78,,19.24104,139.7,23.71,82.370514,,31.465922,41.239829,54.01,23.542365,23.102436,49.5076,16.73,
2013-02-11,,,27.840109,60.436959,61.275049,30.488461,32.784749,35.19393,16.427826,41.487717,17.360017,,38.601951,41.9933,29.815,60.516986,16.883009,31.361956,74.827547,60.88897,53.733224,26.306392,26.306392,,34.99263,,43.601341,65.350397,65.350397,24.162598,35.829483,26.306392,72.93688,59.867842,47.45,47.45,29.960302,,,66.000751,78.049094,37.7,,19.206293,141.5,23.68,81.991693,,30.942313,40.905521,53.84,23.422193,22.966425,49.6657,16.46,
2013-02-12,,,28.327403,60.703506,61.370641,30.424505,32.821741,35.323183,16.463636,41.396323,17.261509,,38.873349,42.5192,30.2,60.447483,16.883009,31.430183,75.190607,60.376266,53.851379,26.240033,26.240033,,34.041004,,43.555241,65.449111,65.449111,23.375648,35.525326,26.240033,73.23875,60.008288,46.76,46.76,29.882707,,,65.827449,77.867737,38.15,,19.084679,142.82,23.53,83.996458,,31.110263,41.063361,53.3,23.585258,22.840129,48.8928,16.41,
2013-02-13,,,28.6492,59.834762,61.284608,30.588962,32.701515,35.249324,14.950665,38.994098,17.187643,,38.882396,43.162,30.33,60.050325,16.982516,31.371731,75.730542,60.683888,53.887734,26.306392,26.306392,,33.723796,,43.121901,65.64663,65.64663,23.551505,37.278354,26.306392,73.41792,60.008288,47.69,47.69,29.986167,,,65.216331,78.601972,38.06,,19.162859,142.59,23.67,83.931417,,31.49556,41.434826,53.01,23.602362,23.180157,48.805,15.7,
2013-02-14,,,28.869862,60.841715,61.494912,30.863057,33.219413,35.747874,14.798472,39.094521,17.243058,,40.085597,44.3599,30.285,71.98493,17.015685,31.439859,75.302318,61.06612,54.151311,25.187777,25.187777,,33.388461,,43.481481,66.068558,66.068558,23.634831,36.473436,25.187777,73.946146,60.289182,47.69,47.69,29.408515,,,65.927782,77.755435,39.09,,18.867512,146.16,23.47,85.631788,,43.222421,40.831208,52.88,23.936999,23.529899,48.6996,15.15,
2013-02-15,,,30.127889,60.713378,62.364808,30.817374,33.53385,36.375677,14.628375,39.195036,17.039912,,40.338903,43.2594,29.83,71.766493,17.096238,31.274376,75.339555,61.42042,54.323999,25.329974,25.329974,,33.914121,,43.490701,65.512003,65.512003,23.532999,37.081568,25.329974,74.464896,60.570076,51.08,51.08,29.6413,,,67.204745,77.738171,39.39,,18.928319,147.53,23.16,85.854787,,42.866762,40.422587,52.9,23.88551,23.325883,48.6381,15.16,
2013-02-19,,,30.599649,61.799308,63.55016,30.561553,33.755806,36.929622,14.556755,39.277217,17.267639,,41.098819,44.1651,29.745,71.687061,17.314206,31.459409,76.084293,62.306076,54.660286,25.576448,25.576448,,34.140698,,43.675101,66.050602,66.050602,23.801484,37.931285,25.576448,75.832502,60.869696,49.68,49.68,29.977546,,,68.864797,78.878454,39.69,,19.18892,157.72,23.71,85.25083,,42.758088,41.880604,53.3,23.971296,23.442464,48.8313,15.03,
2013-02-20,,,30.063138,60.67389,63.196466,30.744282,33.469113,36.938854,14.494087,38.793068,17.076813,,41.135006,44.5644,29.025,71.627487,17.115192,31.71257,75.265081,61.718763,54.323999,25.623847,25.623847,,34.195077,,43.546021,65.152878,65.152878,23.468277,37.806049,25.623847,74.559171,61.131864,50.67,50.67,30.081006,,,68.791828,79.552266,37.75,,19.349624,152.94,22.34,85.204372,,41.295935,41.416297,52.88,23.75683,22.888705,48.6996,15.09,
2013-02-21,,,29.70238,60.634401,62.947924,30.808238,32.840238,36.624952,14.18075,38.884462,16.861346,,41.008353,44.6715,28.825,71.677132,17.29999,31.683344,75.143427,60.618652,54.23311,25.424772,25.424772,,34.176951,,43.195661,64.865667,64.865667,23.542301,38.244329,25.424772,73.634801,61.188043,49.76,49.76,30.348277,,,68.737101,80.450682,38.12,,19.492954,149.93,22.73,85.390205,,42.441947,41.314142,58.23,23.825512,22.733264,48.9279,15.0,
2013-02-22,,,29.69313,61.236599,63.922972,30.990968,33.247157,37.049643,14.18075,39.185915,17.039912,,41.315938,44.3404,27.47,72.143793,17.593773,31.829375,76.013706,60.702541,54.542131,25.377373,25.377373,,34.911062,,43.758081,66.068558,66.068558,23.66264,36.804345,25.377373,74.474276,61.983908,50.69,50.69,30.451737,,,68.928645,80.701182,38.29,,19.514671,152.97,23.01,86.402994,,43.429888,43.162053,58.7,24.117168,23.121866,49.6305,14.97,
2013-02-25,,,29.323122,59.706424,62.900128,30.625508,32.488807,36.911157,13.813698,39.021461,17.107586,,41.089773,42.8601,26.515,71.766493,17.323683,31.537312,75.43352,59.387976,53.651424,25.111939,25.111939,,34.186014,,43.094241,64.58739,64.58739,22.973266,36.491301,25.111939,71.041049,61.253584,49.64,49.64,29.874086,,,68.582041,79.094427,37.87,,19.297503,157.73,22.85,85.027831,,43.439768,42.790588,57.76,23.576662,22.597253,48.3132,14.85,
2013-02-26,,,29.443374,59.420134,62.756739,30.899603,32.340837,37.280453,13.82265,39.0854,17.14455,,41.623523,44.2138,27.03,71.955143,17.532173,31.449634,76.378662,59.807512,54.487598,25.548009,25.548009,,34.539475,,43.582901,65.233726,65.233726,23.243434,35.820505,25.548009,70.192193,62.367797,48.95,48.95,29.572327,,,68.974251,79.128954,38.2,,19.071649,157.85,22.81,86.55166,,44.170844,41.787663,58.2,23.75683,21.761757,48.6996,14.98,
2013-02-27,,,29.600628,60.288878,62.689824,31.146288,32.683019,37.502031,14.485135,39.459913,17.534621,,41.867782,45.5577,27.04,71.994859,17.698018,31.933474,77.29573,61.224618,54.978395,26.135756,26.135756,,34.84762,,43.951701,65.386309,65.386309,23.401774,35.221985,26.135756,70.409168,63.032579,49.62,49.62,29.374029,,,69.339419,78.982125,38.31,,19.045589,155.96,22.36,88.382114,,44.111567,41.592666,58.73,23.894106,21.946755,48.9982,15.32,
2013-02-28,,,29.471125,60.24939,62.728061,31.164561,33.089938,38.000581,14.86114,39.843546,17.447938,,41.840642,46.5121,27.375,71.915427,17.726449,31.669561,77.98821,61.718763,55.390392,26.211594,26.211594,,35.092324,,44.6893,65.682543,65.682543,23.06639,34.949931,26.211594,70.654378,62.985763,50.43,50.43,28.925702,,,69.605826,79.25852,38.66,,18.971752,155.43,22.24,88.549364,,43.706512,41.349515,58.39,24.091467,22.073334,48.9982,15.64,
2013-03-01,,,29.572877,60.24939,62.708942,31.338154,32.895727,38.877659,15.147619,39.989666,17.615111,,41.967295,47.6321,27.47,71.955143,17.754879,31.913925,78.091146,62.082342,55.463635,26.36327,26.36327,,35.074197,,44.77228,65.664587,65.664587,23.327255,34.641602,26.36327,70.993958,64.034434,50.66,50.66,28.873972,,,69.75281,78.990756,38.59,,18.832765,155.47,22.54,89.450653,,43.311335,42.312906,58.97,24.424243,22.569911,48.6381,16.36,
2013-03-04,,,29.619128,60.091436,64.247988,31.694477,33.006705,38.563758,15.093904,40.026242,17.57177,,42.021575,46.6777,27.815,71.965072,17.996539,32.001896,79.148581,61.77472,55.893941,26.79934,26.79934,,35.182955,,45.316259,65.081053,65.081053,23.075693,34.641602,26.79934,70.937298,64.811573,49.81,49.81,29.253325,,,70.368303,79.785502,39.26,,19.136799,155.36,22.53,89.794444,,43.913979,42.294179,58.51,24.707834,22.599121,49.5778,16.74,
2013-03-05,,,29.794882,60.782483,65.03185,31.731023,33.311894,38.489898,15.138667,40.44636,17.720369,,42.057761,47.1451,28.135,71.945214,18.086569,32.295133,79.728767,62.641723,56.232692,27.026855,27.026855,,35.056071,,45.353139,66.113403,66.113403,23.271342,34.913657,27.026855,71.163654,65.448266,49.05,49.05,29.520597,,,70.643896,79.71636,40.36,,19.336593,159.09,22.29,90.22186,,43.607718,43.930943,58.26,24.867353,22.715963,49.6745,16.67,
2013-03-06,,,29.896634,60.427087,65.132597,31.822388,33.042201,38.231391,15.487814,40.355058,17.701794,,42.003482,47.895,28.04,71.965072,18.043923,32.256035,79.055003,63.555405,56.232692,27.036335,27.036335,,35.364217,,45.353139,65.74345,65.74345,23.15031,34.71415,27.036335,71.295734,65.326545,48.68,48.68,29.425759,,,70.552032,79.128954,40.52,,19.085698,157.44,22.3,89.868777,,42.72845,43.566216,57.98,24.672385,22.949646,49.7711,16.27,
2013-03-07,,,30.127889,59.913738,64.652834,31.657931,33.395593,38.231391,15.460957,40.053605,17.819434,,42.030622,50.2128,28.06,71.915427,18.133953,32.705664,79.092434,63.005303,56.278469,27.064774,27.064774,,35.454848,,45.21484,65.842706,65.842706,23.243434,34.677876,27.064774,70.484588,65.682344,47.75,47.75,29.27919,,,70.864372,79.310399,39.88,,18.975656,156.19,24.68,90.212568,,43.518803,43.566216,58.0,24.761007,23.144382,49.7623,15.98,
2013-03-08,,,30.100138,59.736041,64.748787,31.767569,33.730386,38.203694,15.962296,40.190604,17.794668,,41.913015,51.4886,28.41,72.004787,18.266629,32.852283,78.905278,64.124065,56.324246,27.093213,27.093213,,35.545479,,45.832579,66.302892,66.302892,23.448386,35.022479,27.093213,70.673233,65.72916,47.34,47.34,29.313677,,,70.91949,78.705642,40.16,,18.980057,157.03,25.79,90.351943,,43.459526,44.305083,58.22,25.018011,23.368328,50.0785,16.3,
2013-03-11,,,30.026137,60.67389,65.43005,31.731023,33.54439,38.314483,15.792199,40.318482,17.664644,,41.343078,52.5793,28.3,71.994859,18.257152,32.500399,78.811699,62.184883,56.424956,26.951017,26.951017,,35.627047,,46.090739,65.608101,65.608101,23.178218,34.83204,26.951017,68.901428,65.682344,47.09,47.09,29.53784,,,70.597964,78.792048,40.03,,19.098903,158.14,25.96,90.491317,,42.945797,45.41809,57.97,24.823042,23.163856,50.3419,16.08,
2013-03-12,,,30.118639,60.585041,65.41086,31.703614,33.55369,38.332947,15.944391,40.546875,17.751327,,41.858736,53.1734,28.56,71.98493,18.280844,32.627468,78.877204,62.651096,56.516511,26.732982,26.732982,,35.309838,,46.607058,66.086334,66.086334,23.206125,35.475903,26.732982,67.934989,65.869607,46.19,46.19,29.451624,,,70.63471,78.515653,40.24,,18.922835,157.64,26.41,90.565651,,42.758088,44.978456,58.15,25.328188,23.232013,50.3156,16.42,
2013-03-13,,,30.460896,60.802227,65.708312,32.014254,33.609489,38.628384,16.293539,40.279695,17.862776,,42.048715,53.1831,28.7,72.024645,18.678872,33.028225,78.942709,63.639293,56.763707,26.998416,26.998416,,35.227679,,46.782238,66.320938,66.320938,23.280644,35.149437,26.998416,66.798002,65.860244,47.09,47.09,29.63504,,,70.689829,78.221906,40.25,,19.037279,158.2,26.35,90.667859,,43.360732,45.642515,58.54,25.310464,23.572801,50.3332,16.7,
2013-03-14,,,30.442396,62.194192,66.044146,32.069073,33.55369,38.665314,16.472588,40.334973,18.023757,,41.994435,52.2677,28.89,72.034574,18.470381,33.194392,79.073719,64.664795,56.974282,27.055294,27.055294,,35.620213,,46.551738,66.564566,66.564566,23.373867,35.965601,27.055294,68.882478,66.487573,47.13,47.13,29.521496,,,70.910304,78.878454,40.31,,19.054886,159.12,26.23,90.909441,,44.170844,45.240334,61.15,25.434535,23.718853,50.9479,17.4,
2013-03-15,,,30.525647,62.006622,66.063337,31.950299,33.628088,38.416039,16.472588,40.602154,17.875159,,41.831596,52.8228,29.08,71.98493,18.612534,33.008676,78.512248,63.583336,56.946816,26.922577,26.922577,,35.446768,,46.348899,66.826241,66.826241,23.420379,35.720752,26.922577,69.498346,66.244132,48.38,48.38,29.416686,,,70.772507,78.930246,40.71,,18.958049,159.83,26.38,90.500609,,45.198303,45.324555,61.53,25.718125,23.767537,51.2553,17.39,
2013-03-18,,,30.238891,62.174448,65.286121,32.005118,33.739686,38.591455,16.651638,40.86012,18.079482,,41.913015,53.6214,28.565,71.975001,18.479858,33.008676,78.811699,62.893483,57.02006,26.837259,26.837259,,35.382867,,46.708478,66.781124,66.781124,23.317953,35.566587,26.837259,70.398461,66.103685,48.12,48.12,29.233268,,,70.441794,78.057813,41.22,,18.781981,160.61,26.48,89.552861,,46.532023,44.894334,61.52,25.647228,23.640959,48.5591,17.36,
2013-03-19,,,30.248142,62.18432,65.909813,32.215257,33.869883,38.951519,16.956023,41.440546,18.327146,,41.994435,54.7219,30.47,72.034574,18.730995,33.145519,79.962713,64.180022,57.194013,26.865699,26.865699,,35.903203,,46.634718,67.223264,67.223264,23.485596,35.693546,26.865699,69.630995,66.487573,49.71,49.71,29.42542,,,70.432608,78.44651,41.6,,18.834802,163.49,26.41,89.571445,,46.630817,44.735304,62.31,26.063751,23.533854,48.9367,17.5,
2013-03-20,,,30.534898,62.60882,66.149694,32.507625,34.50227,39.653181,16.785926,42.177594,19.175396,,43.070984,54.3907,30.335,71.975001,18.854194,33.458305,80.402531,65.177592,57.908137,27.197491,27.197491,,36.396153,,47.492178,67.827822,67.827822,23.532207,36.382751,27.197491,70.606909,67.142992,51.0,51.0,29.731116,,,70.111082,78.973493,42.2,,19.063689,162.75,26.43,89.905944,,46.304797,45.745463,62.79,26.054889,23.446223,48.8752,17.61,
2013-03-21,,,30.16489,62.13496,65.449241,32.096483,34.297674,39.422371,16.275634,42.011759,19.466401,,43.297149,54.1375,30.66,72.0,18.650442,33.008676,79.756841,64.823292,57.395433,27.074254,27.074254,,36.578727,,47.630477,66.411171,66.411171,23.34586,36.337408,27.074254,71.743896,66.721651,50.35,50.35,29.573901,,,69.954912,78.65385,42.01,,19.112108,161.47,26.03,89.199779,,45.702153,45.41809,63.1,25.789023,23.319644,48.7259,17.49,
2013-03-22,,,30.322143,61.99675,66.149694,32.096483,34.576668,40.022478,16.392016,42.767233,20.15986,,43.559501,53.9817,30.95,71.99,18.792594,33.321461,80.393174,65.699669,58.036313,28.183388,28.183388,,36.551341,,47.197138,67.68345,67.68345,23.308651,36.355545,28.183388,71.82917,67.592422,48.5,48.5,29.617572,,,72.242341,79.146218,42.04,,19.208945,159.55,26.22,89.608611,,46.028173,45.792131,64.2,26.356204,23.494907,48.8138,17.64,
2013-03-25,,,30.127889,61.927646,66.427957,32.133029,34.372072,40.253288,16.311444,42.711955,19.980304,,43.496175,54.1667,30.76,71.99,18.792594,33.477854,80.000144,66.081901,58.008847,28.325585,28.325585,,36.624371,,47.252458,67.936101,67.936101,23.243434,36.292066,28.325585,72.956683,67.217897,48.38,48.38,29.591369,,,71.498237,79.46586,42.66,,19.292577,159.53,26.85,89.552861,,46.225761,45.446131,63.75,26.267582,23.407276,48.8313,17.2,
2013-03-26,,,30.368394,61.957262,67.49303,32.407123,34.399972,40.899556,16.248776,43.0252,20.104136,,43.993739,54.3713,31.085,72.04,19.024777,33.722218,81.357031,66.492157,58.594795,28.704776,28.704776,,37.144707,,47.820418,69.217404,69.217404,23.373867,36.672942,28.704776,72.861934,67.798411,48.83,48.83,30.010609,,,72.499562,80.006444,42.5,,19.547874,159.65,26.62,90.509901,,46.966717,46.082149,64.3,26.586622,23.572801,49.4373,16.93,
2013-03-27,,,30.497897,61.779564,67.349101,32.516761,34.49297,41.379641,16.186109,42.997561,20.221776,,44.138485,54.42,30.79,72.1,19.024777,33.995906,81.319599,67.738768,59.144121,28.89519,28.89519,,36.715658,,47.829729,70.03852,70.03852,23.429781,36.672942,28.89519,73.079856,68.023126,48.01,48.01,30.05428,,,71.920815,80.215703,42.48,,19.565481,159.96,26.24,90.416984,,46.838285,45.352596,64.42,26.373929,23.543591,49.5866,17.02,
2013-03-28,,,31.200912,62.727285,68.510127,32.717764,34.334873,41.878191,16.230871,43.255528,20.395141,,44.60891,55.277,30.54,72.27,19.579173,34.357564,81.909143,67.785633,58.988479,29.142727,29.142727,,36.916489,,47.978702,69.479078,69.479078,23.532207,36.591326,29.142727,73.383053,68.865808,47.74,47.74,30.036812,,,72.674105,80.834758,42.93,,19.583088,159.64,26.48,92.135938,,47.065511,45.76409,65.15,26.506862,24.166746,49.2178,17.07,
2013-04-01,,,31.163911,62.470611,68.174293,32.544171,33.841984,42.238255,16.436779,42.997561,20.308459,,44.038972,55.9684,30.395,72.31,19.294867,33.741767,81.441251,67.720022,58.530707,29.209372,29.209372,,36.925618,,48.313892,69.67759,69.67759,23.34586,36.573189,29.209372,72.899833,68.079305,47.66,47.66,29.958204,,,72.664918,80.895792,43.03,,19.569883,159.48,26.03,91.940814,,46.729611,48.542001,63.07,26.276444,24.001221,49.3056,16.91,
2013-04-02,,,31.552419,63.477564,68.951509,32.471079,34.232575,42.469065,16.257729,42.969921,20.265118,,44.156579,56.1047,30.73,72.29,19.422805,33.047774,80.879781,68.36676,58.860302,29.32362,29.32362,,37.172093,,48.760812,69.876102,69.876102,23.06639,37.380284,29.32362,72.767185,67.995037,48.34,48.61,30.74428,,,73.252852,82.317005,42.04,,19.69313,159.9,25.91,92.14523,,48.201643,48.897415,63.12,26.249858,24.098589,49.086,16.99,
2013-04-03,,,30.738402,61.641355,67.49303,31.840661,33.702487,41.98898,15.774294,42.647463,19.813131,,43.668061,52.7254,29.97,72.26,19.16693,32.871832,80.337027,68.319895,58.072935,28.838066,28.838066,,36.670014,,48.099743,69.280567,69.280567,22.721704,36.935928,28.838066,71.819695,67.039998,,48.28,30.412381,,,72.536308,82.27341,42.35,,19.477447,156.53,25.42,90.918733,,47.766949,47.718913,62.29,25.966267,23.816221,48.6645,16.17,
2013-04-04,,,31.071409,60.762738,67.233958,31.639658,33.683887,41.748937,15.693722,42.840938,20.141286,,44.346558,53.5337,30.175,72.28,19.16693,32.568821,80.271522,68.7698,58.60395,28.819025,28.819025,,37.007776,,48.267338,69.812939,69.812939,23.094397,37.253325,28.819025,71.535448,67.114903,,50.28,30.709343,,,73.059936,82.421634,43.1,,19.701933,156.17,25.69,91.968689,,47.668155,47.718913,62.52,26.196685,24.049905,48.9038,16.01,
2013-04-05,,,30.682901,59.765657,66.619862,31.447792,33.479291,41.333479,15.541529,42.49084,20.060795,,44.093252,51.8392,30.045,72.27,18.996347,32.451526,79.953355,68.657323,58.265199,28.590529,28.590529,,36.587856,,47.708688,69.668567,69.668567,22.898748,36.790833,28.590529,71.781796,66.384579,,49.68,30.42985,,,72.196409,80.843478,42.85,,19.455439,154.24,26.24,91.169607,,47.263099,46.914551,61.64,26.25872,23.397539,48.6556,15.92,
2013-04-08,,,30.821654,60.357983,66.859743,31.612249,34.148877,41.72124,15.899629,43.006774,20.097944,,44.357394,53.3876,30.38,72.29,19.095854,33.155294,79.775556,69.350926,58.567328,28.704777,28.704777,,37.299895,,48.164919,69.894148,69.894148,23.057088,37.325873,28.704777,72.615586,66.581204,,52.01,30.796685,,,73.032377,82.343162,43.06,,19.66672,155.48,25.56,91.336857,,47.984296,47.064168,61.51,26.365066,23.144382,48.2568,16.0,
2013-04-09,,,30.275892,60.348111,66.581481,31.3747,34.260475,41.471965,15.801151,42.702741,19.621191,,44.348286,53.8162,30.495,72.38,19.038992,33.663571,80.196659,68.376133,58.475774,28.685736,28.685736,,37.162964,,47.205904,69.894148,69.894148,22.90805,37.407489,28.685736,71.753371,66.375216,,52.67,30.988837,,,72.765969,82.430353,43.05,,20.023256,152.59,25.59,91.243941,,48.043573,46.736795,61.16,26.870212,23.056751,48.9392,16.14,
2013-04-10,,,30.682901,60.940436,67.531411,31.621385,34.790564,42.016677,16.195061,43.283167,19.714065,,44.657968,55.6178,31.05,72.3,19.25696,34.201171,81.179232,68.95726,59.162432,28.771422,28.771422,,37.491598,,47.820418,71.879265,71.879265,23.569516,37.87905,28.771422,73.023007,66.937003,,54.79,31.146052,,,73.546819,83.058129,43.51,,20.076076,154.52,25.83,91.987272,,48.181885,47.700186,61.72,27.499429,22.969119,50.9067,16.37,
2013-04-11,,,30.507147,61.364936,68.05915,31.804115,34.920761,41.887424,16.454684,43.863593,19.652149,,44.858351,56.6988,30.71,72.35,19.313821,34.45531,81.048222,69.369672,58.851147,28.89519,28.89519,,37.592014,,47.485228,71.888288,71.888288,23.290046,37.507243,28.89519,73.496752,67.031079,,55.85,31.111115,,,73.454954,83.354578,43.1,,20.146503,155.38,26.03,92.730603,,48.824046,48.130408,61.73,27.694398,23.124908,51.0308,16.5,
2013-04-12,,,30.19264,61.33532,67.934412,32.123892,34.660366,42.007445,16.499446,43.891232,19.497359,,44.949434,55.9392,30.695,72.32,19.394374,34.56283,80.964002,69.125974,59.235675,29.085603,29.085603,,37.500727,,48.481487,71.807079,71.807079,23.532207,37.688612,29.085603,73.439902,67.473248,,56.75,31.364406,,,73.482513,84.086982,43.51,,20.326972,157.5,25.98,93.938517,,48.59682,48.551315,61.75,28.048886,23.251487,51.2435,16.31,
2013-04-15,,,29.156618,59.963099,67.243553,31.758433,33.869883,41.785867,16.257729,43.052839,19.280653,,44.685293,53.2318,30.0,72.28,19.138499,34.00568,80.861065,67.167014,58.320132,28.74286,28.74286,,36.596985,,47.224525,70.01145,70.01145,22.814926,36.981271,28.74286,73.686249,66.36312,,55.32,30.403647,,,72.499562,82.055432,42.77,,19.631506,159.43,25.23,92.470437,,47.598999,47.326046,62.11,27.02087,22.647805,49.1076,16.05,
2013-04-16,,,29.767131,61.611739,68.836366,32.434533,34.771964,42.958383,16.660591,43.780675,19.918388,,45.413957,55.4912,30.255,72.33,19.455974,34.250044,83.453186,68.732308,59.455406,29.161769,29.161769,,38.67833,,47.941459,71.28373,71.28373,23.34586,37.52538,29.161769,76.519243,67.64259,,56.49,30.901495,,,73.4917,82.805275,43.58,,20.001248,160.97,25.57,95.007056,,47.529843,47.606651,64.44,27.552602,23.047014,49.6128,16.48,
2013-04-17,,,29.665379,61.029285,67.800078,32.279212,33.953581,42.358276,16.374111,43.237102,19.837897,,45.122491,53.9914,30.025,72.32,19.384898,33.917709,83.237956,67.804379,59.144121,28.409637,28.409637,,38.842646,,46.9452,70.164846,70.164846,22.609975,37.271462,28.409637,75.988649,67.181604,,55.68,30.691875,,,72.435257,81.994399,42.78,,19.869197,158.78,25.27,94.551766,,46.828405,46.923865,63.91,27.295598,22.920435,48.7885,16.54,
2013-04-18,,,29.517376,62.766774,67.838459,32.361441,34.00938,42.441368,16.615828,43.402937,19.794556,,45.413957,53.0371,30.025,72.29,19.384897,34.035004,83.724563,68.094943,59.418784,28.657174,28.657174,,38.431855,,46.637943,70.209962,70.209962,22.898748,37.062887,28.657174,76.424494,67.228644,,55.22,30.290103,,,74.640008,79.94541,42.65,,19.807574,159.51,25.38,94.338058,,46.769129,46.48433,64.18,27.286736,22.988593,48.2745,16.48,
2013-04-19,,,29.767131,64.040274,68.80758,32.946176,34.409272,42.893756,16.848593,44.287396,19.967921,,45.851155,53.5922,30.53,72.45,19.608532,33.927484,84.576126,68.319895,60.517436,30.161437,30.161437,,38.943062,,46.880025,71.328846,71.328846,23.113002,37.389352,30.161437,76.869814,68.018905,,55.72,30.587065,,,76.03635,80.172107,42.84,,19.979239,166.11,25.44,95.796846,,47.934899,49.243415,63.67,27.561464,23.446223,48.5758,16.96,
2013-04-22,,,29.804132,63.813215,68.087936,32.927903,34.260475,42.856826,17.117168,44.112347,20.048412,,45.951346,53.6798,32.04,72.44,19.579983,34.191397,84.538695,68.610458,60.599835,30.018628,30.018628,,38.997834,,47.150039,71.879265,71.879265,23.178218,37.634201,30.018628,77.428832,67.520288,,55.59,30.814153,,,76.596724,80.930669,42.82,,20.168512,166.48,25.24,95.759679,,47.213702,48.710345,64.41,27.54374,23.611748,48.567,17.03,
2013-04-23,,,30.109389,64.711576,68.44296,32.973585,34.381372,43.143031,17.072406,44.020215,20.184627,,46.160837,54.7219,32.03,72.46,19.913057,34.816969,85.390258,68.938514,60.892809,30.332809,30.332809,,38.979577,,47.662134,72.204102,72.204102,23.364564,37.924393,30.332809,76.613992,67.840155,,56.69,31.032507,,,77.258149,81.610758,43.7,,19.996846,168.76,25.44,97.562258,,48.300437,49.589514,66.03,27.70326,23.981747,49.4089,16.72,
2013-04-24,,,29.961385,63.813215,67.118815,32.41626,34.130278,42.515227,16.875451,44.397953,20.011262,,44.940325,55.423,31.54,72.4,19.622807,34.416212,83.602912,67.96372,59.904022,29.951983,29.951983,,38.477498,,47.187282,70.354334,70.354334,23.234132,39.130501,29.951983,76.737165,67.360354,,57.49,31.032507,,,75.641332,82.003118,43.25,,20.256545,167.25,25.92,95.248639,,47.460688,48.289437,64.41,27.224701,24.166746,49.6482,16.67,
2013-04-25,,,30.692151,63.378843,67.368292,32.41626,33.386293,42.653713,16.669543,44.333461,20.048412,,44.985867,55.0724,32.435,72.44,19.698938,34.856067,83.181809,68.226165,60.242773,30.161437,30.161437,,38.660072,,47.745932,70.354334,70.354334,23.06639,38.65894,30.161437,75.562278,67.492064,,56.86,31.390608,,,76.082282,82.517544,43.24,,20.586672,167.64,26.29,94.988473,,47.885502,47.990105,64.41,27.260149,24.225167,50.2066,16.56,
2013-04-26,,,30.960407,63.665134,67.358696,32.462266,33.479291,42.653713,16.973928,44.296609,20.060795,,45.250007,54.1083,32.64,72.45,19.608532,34.856067,81.946574,67.251371,60.151219,30.042429,30.042429,,38.431855,,47.410742,70.39945,70.39945,23.06639,38.84031,30.042429,75.770726,66.984039,,56.65,31.504153,,,75.797502,83.101724,43.27,,20.643893,168.77,25.93,94.700432,,47.213702,47.7095,64.0,27.277874,24.069378,50.3572,16.69,
2013-04-29,,,31.478418,63.803343,67.512221,32.563481,33.916382,42.819896,17.000786,44.342674,20.252735,,45.732747,54.9945,32.545,72.45,19.622807,34.728998,82.461255,67.026419,59.949799,30.104314,30.104314,,38.559656,,48.015946,70.922799,70.922799,23.271342,38.949131,30.104314,75.372781,67.397985,,56.5,31.975798,,,75.926112,83.668465,43.52,,20.907994,170.57,25.69,94.997765,,47.174185,48.177175,64.12,27.339909,23.855169,51.2346,16.64,
2013-04-30,,,31.395166,63.88232,67.646554,32.545078,34.065179,42.847594,17.135073,44.987591,20.395141,,45.924021,55.9002,32.625,72.42,19.637081,35.100431,83.43447,67.49507,59.54696,29.942462,29.942462,,38.641815,,47.941459,71.220567,71.220567,23.457688,38.89472,29.942462,76.831914,67.680222,,56.4,31.888456,,,75.760756,83.345859,43.79,,20.872781,169.32,25.6,95.917637,,48.75489,48.261396,63.71,27.676673,23.981747,51.0042,16.91,
2013-05-01,,,31.062159,63.467692,67.118815,32.195428,33.851283,42.607551,16.866498,44.278182,19.943154,,45.905804,55.5983,32.3,72.4,19.589499,34.768096,82.348961,66.520276,59.153276,29.951983,29.951983,,38.53227,,47.550404,69.659543,69.659543,22.74971,38.695214,29.951983,76.538192,67.539104,,55.92,31.722507,,,75.521908,83.415612,42.71,,20.806756,166.03,25.29,94.876973,,48.636337,47.672145,63.11,26.78159,23.72859,49.5773,16.79,
2013-05-02,,,31.080659,65.264413,68.049555,32.103415,34.204676,42.939918,17.188788,44.849395,20.221776,,45.951346,55.8515,32.75,72.4,19.993946,33.986131,83.546764,65.845419,58.063779,29.9139,29.9139,,38.304053,,47.04762,70.597962,70.597962,23.019878,39.039816,29.9139,75.609653,68.366996,,55.5,32.010734,,,75.843434,82.840151,43.69,,20.982823,146.72,25.59,95.601721,,49.308137,47.157703,63.7,27.029732,23.962273,50.499,17.73,
2013-05-03,,,31.635671,66.00482,68.702032,32.811917,34.613867,43.244587,17.349933,45.328476,20.525165,,46.19727,56.5625,31.705,72.44,19.860716,34.122975,83.808784,65.639213,58.28351,30.209041,30.209041,,38.559656,,49.449813,71.780009,71.780009,23.634732,38.749625,30.209041,76.481343,68.376404,,57.44,31.888456,,,76.091469,82.186219,44.38,,20.991626,149.12,25.62,96.224262,,49.60452,47.990105,64.27,27.579189,24.273851,51.0308,17.71,
2013-05-06,,,31.339665,66.108826,67.69453,32.600286,34.446471,42.736805,16.973928,45.439034,20.23416,,45.168033,57.2442,31.75,72.43,19.703696,33.819964,82.966579,65.273666,58.08209,29.656843,29.656843,,38.413597,,49.710517,71.067171,71.067171,23.560213,38.622666,29.656843,75.998123,67.962458,,56.18,31.512887,,,75.788315,81.183522,43.94,,20.797952,147.91,25.44,95.285805,,49.624278,47.672145,63.61,27.472842,23.465696,50.9865,17.68,
2013-05-07,,,31.765174,66.227691,68.452556,32.894728,34.93936,43.023009,16.678496,45.595656,20.314651,,46.233703,57.0299,31.49,72.38,19.836925,34.289142,83.528049,65.404888,58.50324,29.90438,29.90438,,38.979577,,51.069898,72.546986,72.546986,24.631483,39.166775,29.90438,75.969699,68.799758,,57.15,31.853519,,,76.559978,81.619477,45.46,,21.022438,150.99,25.77,96.512302,,49.545243,47.438308,63.69,27.836193,23.952537,51.7486,17.64,
2013-05-08,,,31.820675,66.564476,68.337413,32.692299,34.892861,42.94915,17.009738,45.512738,20.302267,,45.486823,57.9259,31.435,72.43,19.69418,34.259819,83.209882,66.248459,58.796214,29.437868,29.437868,,38.760488,,51.228182,72.691358,72.691358,24.706002,39.203049,29.437868,75.638078,68.668048,,56.97,31.89719,,,76.4773,82.404196,45.5,,21.018036,149.05,25.89,96.484428,,49.298258,46.48433,63.94,27.54374,24.351746,52.0854,17.75,
2013-05-09,,,31.367415,66.366367,67.598578,32.250636,34.558069,42.52446,17.063453,44.794116,20.073178,,45.204466,74.0532,31.16,72.44,19.632323,34.230495,82.115015,66.117237,58.512396,29.114165,29.114165,,38.450112,,51.256114,72.565032,72.565032,24.808527,38.785899,29.114165,74.775862,68.517522,,54.01,31.748709,,,76.109842,81.706668,45.64,,20.894789,145.22,25.61,94.988473,,48.211523,46.287847,63.79,27.189252,24.225167,51.7752,18.28,
2013-05-10,,,31.506168,66.871544,67.723316,32.075811,34.651067,42.736805,16.991833,45.144214,20.15986,,45.459498,75.2024,31.015,72.45,19.737003,34.396663,82.255383,66.042253,58.860302,29.161769,29.161769,,38.477498,,51.414398,72.664288,72.664288,24.855138,39.067022,29.161769,74.823237,68.752719,,54.23,32.036937,,,76.247639,81.366623,47.12,,21.031242,145.53,26.01,96.289303,,48.75489,46.839743,63.92,27.286736,24.098589,52.5374,17.93,
2013-05-13,,,31.441417,66.950787,67.636959,32.62789,34.762664,42.847594,17.144026,45.070509,20.339417,,45.623447,75.3582,31.135,72.43,20.012979,34.953812,82.919789,65.967269,58.979323,29.352182,29.352182,,38.514013,,50.65091,73.052288,73.052288,24.752613,39.266528,29.352182,75.183283,69.307783,,53.83,32.246557,,,76.275198,81.994399,44.45,,21.114873,146.48,25.93,96.744594,,48.76477,47.036127,64.29,27.472842,23.952537,52.8831,17.96,
2013-05-14,,,31.683276,67.782843,69.037866,32.839521,35.45085,43.98318,17.797558,45.420607,20.834745,,46.115295,76.3418,31.925,72.42,20.407909,35.354569,84.061445,66.9983,59.766691,29.685405,29.685405,,38.81526,,50.995411,73.458335,73.458335,24.883046,39.429761,29.685405,76.424494,70.314425,,56.42,32.368835,,,76.706962,82.796556,44.51,,21.396581,150.27,26.8,97.125551,,49.525484,47.784407,65.29,27.738709,24.273851,54.372,18.92,
2013-05-15,,,32.287919,67.980952,70.035773,33.271983,36.39943,44.4448,18.4869,46.397197,21.311499,,46.388544,77.491,32.52,72.47,20.474524,35.823748,84.519979,67.354475,60.334328,29.999586,29.999586,,39.180409,,51.405088,74.44187,74.44187,24.668792,39.955733,29.999586,77.011937,70.333241,,57.8,32.718202,,,77.395946,83.964915,44.48,,21.695896,152.14,26.62,97.125548,,49.634158,47.756268,66.16,27.78302,24.371219,54.1415,18.97,
2013-05-16,,,31.776298,68.000763,69.815082,32.922332,35.943739,44.17706,18.433185,45.687787,20.915236,,45.969563,77.4228,33.15,72.42,20.284196,35.941042,84.164382,66.688991,60.261084,29.951983,29.951983,,39.335597,,51.693723,75.028381,75.028381,24.780521,40.109897,29.951983,76.291845,70.098044,,57.21,32.473645,,,76.927437,83.215072,44.2,,21.599059,153.79,26.34,96.481219,,51.135828,49.327636,66.26,27.853917,24.225167,53.7604,19.1,
2013-05-17,,,32.557683,68.28802,69.930225,33.051151,35.534548,43.973947,18.755474,45.374542,20.89047,,45.869371,77.5299,33.43,72.42,20.317503,35.774875,84.314107,67.879363,60.114597,29.990066,29.990066,,39.226052,,52.243062,75.109591,75.109591,24.892348,40.146171,29.990066,76.244471,70.257978,,56.91,32.700734,,,76.982556,83.424331,44.02,,21.880766,155.26,25.82,95.7902,,51.580402,49.870119,65.85,28.022299,24.293325,53.9022,19.19,
2013-05-20,,,31.999551,67.683789,69.229771,32.848722,35.664745,42.265952,18.110895,44.932313,20.66138,,44.749051,78.124,33.485,72.45,20.231856,35.168853,83.097588,67.223252,59.400473,29.32362,29.32362,,38.687458,,52.364103,74.721591,74.721591,24.920454,40.001075,29.32362,75.325406,69.956926,,56.27,32.613392,,,75.870994,82.831432,43.92,,21.805938,153.96,25.59,95.183224,,50.829567,49.477252,65.69,27.694398,24.108325,53.9997,18.41,
2013-05-21,,,32.287919,67.723411,68.884342,32.802715,35.599646,42.515227,18.227277,44.480871,20.556123,,44.958542,77.9195,33.925,72.45,20.27468,35.2275,82.770064,67.073284,59.904022,29.514033,29.514033,,38.650944,,52.708604,74.766707,74.766707,24.995467,39.883185,29.514033,76.604517,69.938111,,56.43,32.246557,,,75.907739,82.308286,44.38,,21.731109,153.33,25.79,95.351309,,51.264261,49.168607,65.54,27.880504,24.595166,53.8934,18.5,
2013-05-22,,,31.757694,67.000314,68.260651,32.379454,35.395051,42.385973,17.860225,44.462445,21.441522,,44.657968,74.2382,33.76,72.46,20.174757,34.680125,83.841945,66.31407,59.601893,30.247123,30.247123,,38.568785,,53.025172,74.505032,74.505032,24.573689,39.538583,30.247123,81.389338,69.618243,,56.88,32.229089,,,76.220079,81.933365,44.04,,21.673887,150.38,25.52,95.724833,,50.878964,48.345518,64.81,27.756433,24.64385,52.6349,17.79,
2013-05-23,,,31.776298,66.752679,68.279841,31.956194,35.209055,42.247487,18.27204,43.882019,21.522013,,44.494019,71.0245,34.52,72.4,19.632323,34.680125,83.89836,67.223252,59.22652,29.733008,29.733008,,38.276667,,52.978618,74.811823,74.811823,24.751821,39.511377,29.733008,79.939679,69.345415,,56.75,32.194152,,,75.43923,82.229814,45.32,,21.537435,152.37,25.76,95.687481,,51.254381,47.962064,65.28,27.942539,24.264114,52.2715,17.82,
2013-05-24,,,31.515837,66.623908,68.155103,31.992999,35.292753,42.136698,19.443665,44.305822,21.621079,,44.612427,70.0214,34.22,72.46,19.760794,34.611703,83.917165,66.257832,59.006789,29.46643,29.46643,,38.559656,,53.081037,75.055451,75.055451,24.770525,39.7925,29.46643,80.006004,69.458309,,55.91,32.395038,,,75.861807,82.064151,44.55,,21.682691,150.19,25.91,96.387838,,52.360875,48.223943,65.22,28.164095,24.21543,52.9274,18.55,
2013-05-28,,,31.757694,66.66353,68.60608,32.186227,35.385751,42.330579,20.329218,44.757264,21.645845,,44.730834,71.0926,34.59,72.45,19.832167,34.601928,84.735181,65.911031,59.253986,29.780611,29.780611,,38.842646,,53.574511,76.002893,76.002893,25.164099,39.602062,29.780611,81.66411,69.326599,,55.49,32.37757,,,75.72401,81.4015,44.73,,21.819143,151.49,25.97,97.601791,,52.825207,48.523275,66.58,28.474272,24.205693,52.8919,18.25,
2013-05-29,,,31.097238,66.009772,67.780888,31.634147,35.106757,41.231923,20.19446,43.725396,21.231008,,43.883763,72.31,34.06,72.43,19.42772,34.308692,84.227447,65.948523,58.237733,28.828546,28.828546,,37.792845,,52.801712,75.127637,75.127637,24.58309,39.106117,28.828546,80.555547,67.623774,,54.86,31.827317,,,74.520584,80.43368,43.58,,21.427393,149.83,33.35,96.201076,,52.904243,48.024487,65.57,28.217268,24.742298,52.2449,18.1,
2013-05-30,,,30.985612,65.999866,68.049555,31.643349,35.078857,40.770302,20.386972,43.264741,20.822362,,43.574081,71.7743,33.95,72.43,19.284975,34.401882,85.045463,65.142443,58.034912,28.181141,28.181141,,37.217737,,51.591304,75.145684,75.145684,24.751821,39.40001,28.181141,78.755318,66.955816,,54.82,31.818583,,,74.612448,80.581905,43.45,,21.374573,150.11,32.74,95.855567,,53.704475,48.043313,65.9,28.394512,24.869132,52.4222,18.0,
2013-05-31,,,29.980975,64.226795,66.034551,30.999256,34.558069,39.523928,20.19446,42.361857,20.66138,,42.881851,71.2192,33.31,72.36,18.947142,33.980074,83.785531,63.848968,57.205184,28.047852,28.047852,,36.505698,,51.330601,74.4148,74.4148,24.292536,38.977539,28.047852,76.812964,64.989571,,54.59,31.530355,,,74.199057,79.265321,42.19,,21.176497,152.84,32.94,94.277428,,52.370755,46.499886,65.48,27.845055,24.391067,51.9613,17.44,
2013-06-03,,,30.371667,64.464525,65.721543,30.778424,34.762664,39.819365,19.963446,43.320019,20.567257,,43.264399,71.3945,33.67,72.46,18.92811,34.186073,83.164967,63.961444,57.739898,28.31443,28.31443,,37.254251,,51.153695,75.326149,75.326149,24.967362,39.684719,28.31443,78.281573,65.384701,,53.96,31.844785,,,74.777805,80.547028,42.45,,21.519828,154.09,32.98,95.416676,,52.765931,46.669319,66.57,28.660378,24.234964,51.917,17.07,
2013-06-04,,,30.697244,64.771593,65.952686,30.852035,34.995159,40.188661,20.19446,43.218675,20.585926,,43.601406,71.7743,33.455,72.46,18.937626,34.117407,83.588078,63.970817,58.127104,28.152579,28.152579,,37.811103,,50.65091,75.055451,75.055451,24.939257,39.647982,28.152579,77.457257,65.356478,,59.6,31.626431,,,74.989093,80.119792,43.05,,21.519828,153.68,32.9,95.846229,,51.481608,47.412744,66.18,28.536307,24.586195,51.6246,17.1,
2013-06-05,,,30.325156,64.177267,65.683019,30.373566,34.43419,39.616252,20.0212,42.831725,20.032073,,42.982042,70.8492,32.55,72.45,18.585519,33.391504,82.638428,62.911666,56.965484,28.057373,28.057373,,37.108192,,49.626719,73.837311,73.837311,24.601794,38.867329,28.057373,75.723352,64.763782,,58.62,31.189722,,,75.116289,78.881681,41.88,,21.172095,153.44,33.01,95.5941,,51.323537,46.885718,65.39,27.951402,24.1374,51.2435,17.01,
2013-06-06,,,30.371667,63.592847,66.578697,30.511586,34.340695,39.874759,19.982698,42.453988,20.056965,,43.173316,72.7287,32.33,72.46,18.499872,33.136458,82.535,62.89292,57.195965,27.886001,27.886001,,37.235994,,50.036396,73.320461,73.320461,24.733019,39.592877,27.886001,75.590703,65.572859,,59.74,31.277064,,,75.541824,80.215703,42.88,,21.288057,153.04,32.88,91.868199,,51.708834,46.612842,65.66,28.075472,24.205695,52.5108,17.23,
2013-06-07,,,30.613524,64.563579,67.310648,31.054464,34.63053,41.241155,19.732433,42.684315,20.299665,,43.79268,74.1019,32.735,72.49,18.842462,34.254739,84.133422,63.192857,58.440558,28.428678,28.428678,,37.801974,,50.622978,73.819178,73.819178,24.976664,40.052085,28.428678,78.291048,66.720619,,61.62,31.574026,,,76.32814,80.294174,44.26,,21.328198,156.74,32.82,94.678966,,52.696775,47.676307,66.61,28.367925,24.439849,52.7944,17.54,
2013-06-10,,,30.790265,64.870647,67.291386,31.146477,34.742724,40.56719,19.828688,43.347659,20.399234,,43.90198,75.9523,33.195,,18.84722,33.254171,82.788867,63.942698,58.145543,28.1621,28.1621,,37.592014,,50.75333,73.719434,73.719434,25.154797,39.73064,28.1621,77.769929,66.588909,,62.2,31.643899,,,76.642667,79.893096,44.78,,21.408479,155.26,32.75,93.605085,,52.163287,48.165681,67.41,28.456547,24.830106,53.1844,17.26,
2013-06-11,,,30.80887,64.722066,67.387696,31.312101,33.583386,40.668746,19.52067,42.988348,20.623264,,44.020388,74.3551,33.16,,18.861495,33.116839,82.657233,64.102039,58.081008,28.371554,28.371554,,37.235994,,50.408829,73.393001,73.393001,25.079783,39.381642,28.371554,77.353033,66.795882,,61.37,31.58276,,,76.346642,79.544332,44.39,,21.198855,156.49,32.71,93.857214,,51.531005,47.601003,66.93,28.350201,24.878888,52.6792,16.85,
2013-06-12,,,30.594919,63.870199,66.424602,31.091269,33.564687,40.862627,18.69287,43.301593,20.424126,,44.138795,74.7252,33.12,,18.79488,32.89122,82.431573,63.717745,57.933501,28.114497,28.114497,,37.125695,,49.766382,72.975893,72.975893,25.267218,39.418378,28.114497,77.021412,67.143973,,61.9,31.476658,,,75.958109,79.910534,44.99,,21.207775,165.06,32.75,94.156033,,50.888843,46.678732,66.14,28.128646,24.800837,52.6526,17.05,
2013-06-13,,,31.060029,64.603201,67.599576,31.459322,33.901269,41.121134,19.174149,43.47807,20.753949,,44.64886,76.3515,33.635,,18.947142,32.498841,82.638428,64.523825,59.214971,28.533405,28.533405,,37.144078,,52.131332,74.045867,74.045867,25.510963,40.474556,28.533405,77.912052,67.858971,,62.0,31.618126,,,75.837849,80.72141,45.02,,21.479841,167.33,32.81,95.407338,,51.382814,46.904544,67.16,28.750568,25.083773,53.5212,17.22,
2013-06-14,,,30.771661,64.731971,67.358803,31.367309,33.789075,41.351944,19.559172,43.589529,20.660603,,44.894784,76.3321,33.64,,19.094647,32.567507,83.82314,64.083293,59.22419,28.381075,28.381075,,37.079736,,51.842697,72.839879,72.839879,25.539069,40.309241,28.381075,77.078261,67.971866,,59.26,31.458974,,,75.976611,80.320332,45.72,,21.595804,165.82,32.8,96.191738,,51.392693,46.669319,65.78,28.510683,24.937427,53.2996,17.09,
2013-06-17,,,30.948403,64.375376,67.975183,31.827375,33.835823,41.665846,19.847939,43.747428,21.226903,,45.359307,77.3352,33.665,,19.342073,32.547888,84.359082,64.533198,59.629835,28.88567,28.88567,,37.392257,,52.075467,73.891718,73.891718,25.913939,40.933763,28.88567,78.651094,68.489298,,59.61,31.644651,,,76.365143,80.6255,46.15,,21.836649,170.11,33.08,96.406514,,51.718713,47.045738,66.51,28.626183,25.025234,53.8313,16.8,
2013-06-18,,,31.469326,64.395187,68.032969,31.744563,34.116307,42.21979,20.252214,44.053939,21.513164,,45.459498,77.228,34.045,,18.647376,32.90103,84.255655,65.245547,59.851096,29.038,29.038,,37.622052,,52.745847,74.14561,74.14561,26.61687,41.255209,29.038,78.869016,69.016139,,59.63,31.962954,,,76.383645,80.782444,46.93,,21.992753,171.53,33.02,96.798714,,51.955819,46.904544,66.99,29.150375,25.249632,54.4695,16.83,
2013-06-19,,,30.939101,63.256063,66.453494,30.925645,33.461843,41.305782,19.732433,43.283018,21.314026,,44.794593,79.6432,33.56,,18.495114,32.753887,82.817075,63.848968,58.88308,28.114497,28.114497,,37.144078,,51.516817,71.833377,71.833377,26.223197,40.171479,28.114497,76.585567,67.755485,,58.36,31.114146,,,74.829515,78.698579,46.27,,21.238996,170.35,33.01,95.603438,,51.076552,46.245736,65.88,28.439607,24.908157,52.7678,16.92,
2013-06-20,,,30.334458,61.166017,64.045759,30.207942,32.330554,40.03171,19.02014,42.149857,20.555111,,43.911088,76.2736,32.245,,17.900339,31.674844,80.184379,61.871262,57.684583,26.981538,26.981538,,35.967528,,49.338083,69.847577,69.847577,25.745208,39.344905,26.981538,74.32102,65.855095,,56.04,30.362596,,,72.997861,75.533547,45.13,,20.641342,165.96,32.84,93.362295,,49.77247,44.815265,64.64,27.382339,24.605708,52.2006,16.05,
2013-06-21,,,30.780963,62.285331,65.721543,30.594398,32.246408,40.225591,19.231903,42.298469,20.116378,,44.302745,72.534,32.055,,18.033569,31.880843,81.481922,60.596532,58.311489,27.457571,27.457571,,36.546611,,49.812936,69.493941,69.493941,26.195091,40.171479,27.457571,74.454229,67.209828,,56.2,30.88426,,,74.126456,76.257232,45.71,,21.047211,168.5,32.94,94.043976,,49.881143,44.975285,65.14,28.075338,24.576439,52.6438,15.95,
2013-06-24,,,30.632128,62.245709,65.114794,30.474781,32.078118,40.253288,18.673619,41.973381,20.0417,,44.011279,71.414,31.905,,18.071634,31.615987,81.17164,59.631112,58.320708,27.257637,27.257637,,36.3352,,50.110882,69.87478,69.87478,26.223197,39.850033,27.257637,73.207775,66.984039,,56.82,30.619007,,,74.126456,75.725367,44.27,,21.221155,169.38,32.81,93.203547,,49.723073,45.078828,65.84,27.8088,24.361797,52.5285,15.78,
2013-06-25,,,30.855381,61.661289,65.220734,30.6128,31.84438,40.557957,19.212651,41.778329,20.107043,,44.020388,71.8717,32.21,,18.128733,32.096652,81.237458,59.396786,58.246954,27.248117,27.248117,,36.509844,,50.920924,70.192145,70.192145,26.18569,39.978612,27.248117,73.550312,66.955816,,57.18,30.88426,,,74.043199,76.165629,44.15,,21.41294,172.83,32.81,94.2214,,49.900902,45.2764,65.68,27.746608,24.430092,52.3867,16.11,
2013-06-26,,,31.236771,61.799965,65.422984,30.686411,32.545592,40.954951,19.270405,42.391351,20.069704,,43.810897,73.6344,32.55,,18.333335,32.165318,82.713647,60.821484,58.560407,27.467092,27.467092,,37.070544,,51.061876,70.146807,70.146807,26.148183,40.208215,27.467092,74.891915,67.764892,,57.75,31.18488,,,75.208797,77.081378,43.71,,21.653785,171.93,32.73,94.912419,,50.77029,45.615267,64.97,27.631108,24.527657,51.7752,16.38,
2013-06-27,,,31.357699,62.513156,65.904531,32.241435,33.069164,41.435036,19.443665,42.725726,20.144382,,44.029496,71.9107,32.705,,18.385675,32.341889,83.494054,61.849158,59.390136,27.878334,27.878334,,37.006201,,51.982756,71.461606,71.461606,26.504349,40.024532,27.878334,74.93949,66.410159,,59.65,31.344031,,,75.615831,77.292705,44.36,,21.662705,171.75,32.78,96.042329,,51.244502,45.699983,65.97,27.915415,24.615465,52.2538,16.18,
2013-06-28,,,31.543743,62.513156,65.057008,32.14022,32.872825,41.351944,19.289656,42.660708,20.583115,,44.202553,73.0988,32.485,,18.357126,32.449793,83.945373,61.868015,59.214971,27.285382,27.285382,,36.868324,,52.499576,70.718065,70.718065,26.626172,40.116374,27.285382,75.386691,66.193778,,60.77,30.937311,,,75.662085,76.271293,43.66,,21.573503,170.64,32.75,96.322471,,51.491487,45.041176,65.54,28.235261,25.054504,51.2701,16.25,
2013-07-01,,,31.95304,62.632021,64.960699,32.305844,33.097212,41.684311,19.847939,43.106542,20.76981,,44.439369,75.1245,32.925,,18.694958,32.51846,84.622352,63.206823,59.823439,27.777915,27.777915,,37.190037,,51.663267,71.815242,71.815242,26.61687,40.364346,27.777915,75.576989,66.36312,,60.82,31.282139,,,75.893354,77.072573,43.69,,21.765287,173.74,32.82,97.190914,,52.509066,45.323465,66.54,29.408028,25.415492,51.6777,16.91,
2013-07-02,,,32.436754,63.097576,65.239996,32.535877,32.882174,41.536592,19.963446,43.283018,20.741806,,44.785484,70.7128,32.975,,18.561728,32.224175,84.443704,63.225679,60.026261,27.524475,27.524475,,37.107311,,52.180087,72.177945,72.177945,26.869917,40.786817,27.524475,71.266732,65.949173,,60.4,31.352873,,,75.560326,77.098989,44.08,,21.716226,174.35,32.77,96.322471,,50.631978,45.238848,67.94,29.550182,25.688671,51.3321,17.22,
2013-07-03,,,32.380941,62.929183,64.941437,32.830319,32.321204,41.090562,19.443665,43.264441,20.620454,,44.585102,70.4986,32.9,,18.352368,32.145699,83.841945,63.612236,59.980165,27.3332,27.3332,,37.217613,,52.161294,72.513446,72.513446,26.982338,40.731712,27.3332,65.510207,65.3914,,60.25,31.379398,,,74.681502,77.266289,44.0,,21.676085,174.58,32.7,95.799538,,49.851505,44.74006,68.66,29.319182,25.395979,51.3053,16.71,
2013-07-05,,,32.446056,62.859845,64.989591,32.775111,32.695184,41.406501,19.482168,43.069389,21.003178,,44.657968,70.9271,33.165,,18.60931,32.390936,84.641157,63.451956,60.238303,27.524475,27.524475,,37.245188,,51.907582,73.24792,73.24792,27.15107,40.658239,27.524475,65.966923,65.87354,,60.59,31.379398,,,74.746258,77.054962,44.54,,21.769748,175.46,32.69,96.294457,,49.979937,44.843504,69.07,30.083258,25.678915,51.7165,17.05,
2013-07-08,,,32.892562,62.641926,66.453494,32.913131,33.013067,41.92687,19.443665,43.087966,21.460581,,45.254629,72.0081,33.845,,18.828188,32.400746,85.167696,63.414244,60.597852,27.48622,27.48622,,37.263572,,51.71025,74.07307,74.07307,27.507137,41.916468,27.48622,66.566363,66.327319,,60.62,31.865695,,,75.652834,77.988321,44.58,,22.3228,177.66,32.78,97.461719,,50.355355,45.37053,68.34,29.941104,25.922826,52.3781,17.15,
2013-07-09,,,33.227441,62.632021,67.089137,32.719903,33.424445,42.1313,19.828688,43.283018,21.581933,,45.465756,71.0537,34.25,,18.923352,32.881411,85.383953,64.92276,60.773017,27.763569,27.763569,,37.530134,,52.039136,75.088639,75.088639,27.74148,42.05423,27.763569,66.842295,66.459671,,59.8,32.069056,,,76.56866,78.525443,44.9,,22.389701,178.37,32.86,97.695172,,50.641858,47.36568,68.89,30.109912,25.678915,53.0038,17.42,
2013-07-10,,,33.39488,62.671642,68.110016,33.11556,33.639483,42.0105,19.828688,43.617393,21.441911,,45.814575,68.2587,34.295,,18.932868,32.950077,85.289928,64.526774,60.819113,27.878334,27.878334,,37.392257,,52.678114,75.152112,75.152112,27.928915,42.017493,27.878334,69.411323,66.639292,,59.6,32.272416,,,76.772177,77.865048,45.34,,22.519044,179.27,32.84,97.611129,,50.61222,47.36568,68.94,30.109912,26.117954,53.6743,17.36,
2013-07-11,,,33.664644,63.939537,69.390932,33.695244,34.331346,43.106992,20.444725,44.183973,21.684615,,46.842672,68.9014,35.355,,19.32304,33.568075,86.437031,65.196178,61.335389,28.844273,28.844273,,37.71397,,53.260712,75.995397,75.995397,28.659952,42.614463,28.844273,70.534083,68.104619,,60.45,32.590719,,,78.215298,79.546855,45.69,,23.009655,179.91,32.91,98.918462,,51.580402,48.843216,68.78,30.163219,26.352108,54.4521,17.38,
2013-07-12,,,33.77627,64.652728,69.496872,33.658438,34.490287,42.4937,20.367721,44.081803,21.983327,,46.897748,67.0803,35.315,,19.499093,33.67598,86.211371,65.488453,61.307731,29.035548,29.035548,,37.71397,,53.270109,76.140478,76.140478,28.500622,42.403228,29.035548,70.667292,67.717016,,59.86,32.64377,,,78.00253,78.983317,46.73,,22.902613,180.2,32.91,98.993167,,51.679196,48.278538,68.83,30.109912,26.527724,54.3001,17.51,
2013-07-15,,,33.69255,64.375376,69.564288,33.943679,34.733374,42.949023,19.963446,44.118956,21.983327,,47.017081,71.2777,35.885,,19.608532,33.970264,86.615678,58.992406,61.32617,28.863401,28.863401,,37.695587,,54.153402,75.977262,75.977262,28.54753,42.476701,28.863401,70.29621,68.180249,,60.8,32.758713,,,78.372561,78.90407,47.07,,22.960594,180.72,33.11,99.600144,,51.619919,48.66437,69.59,30.189873,26.800904,54.9706,17.38,
2013-07-16,,,33.218138,64.206984,69.853217,33.824062,34.593132,42.837515,20.309967,43.94248,22.067339,,46.952825,70.1285,37.025,,19.703696,33.85255,86.427628,58.17215,61.132566,28.557361,28.557361,,36.978626,,54.003055,76.09514,76.09514,28.54753,42.476701,28.557361,70.058337,68.114072,,60.63,32.917864,,,77.725007,79.203449,47.0,,23.179139,180.19,33.11,100.067048,,51.758231,48.071552,69.6,30.180988,26.537481,54.9348,18.09,
2013-07-17,,,33.199534,64.771593,70.70074,33.888471,34.658578,42.753885,20.52173,44.30472,22.291373,,46.943646,70.3428,37.28,,19.584741,34.038931,85.995114,59.510958,61.012716,29.169441,29.169441,,37.539326,,53.890294,75.623626,75.623626,28.641248,42.467517,29.169441,68.716734,68.142434,,62.72,32.732187,,,78.853602,78.992123,47.1,,23.415524,179.84,33.13,99.525439,,51.214864,47.836228,69.46,30.207642,26.361865,54.756,18.13,
2013-07-18,,,33.292556,64.870647,70.720001,33.87927,34.63053,43.0977,20.463976,44.499772,22.198026,,47.053799,71.9302,36.77,,19.646853,34.009502,86.73791,59.378963,61.4368,29.245951,29.245951,,37.511751,,53.730549,75.687099,75.687099,28.772373,42.733857,29.245951,68.526436,68.303147,,63.26,32.714504,,,80.296723,78.58708,48.26,,23.486886,178.54,33.04,100.281825,,51.264261,47.996248,69.36,30.323142,26.29357,55.3192,18.82,
2013-07-19,,,34.120451,64.771593,70.305871,34.063296,34.752073,43.924715,20.117456,44.852724,22.058005,,47.439335,71.6964,36.385,,19.766301,34.078169,87.132815,58.17215,62.063706,29.351152,29.351152,,37.769121,,54.181593,75.505748,75.505748,28.80988,42.706305,29.351152,69.744345,69.078352,,63.39,32.84713,,,79.935942,78.023542,48.76,,23.549327,179.72,33.14,101.000858,,51.392693,48.363254,69.51,30.198758,26.410647,55.5159,18.78,
2013-07-22,,,33.646039,65.019229,70.065097,33.888471,34.920364,43.999053,20.232963,44.416178,21.973992,,47.301644,73.6052,36.925,,19.7233,34.303787,87.264449,59.595812,62.192775,29.360716,29.360716,,37.539326,,54.773587,76.131411,76.131411,28.959808,42.384859,29.360716,69.201995,68.501675,,64.63,32.608403,,,79.926692,78.56947,49.14,,23.112238,180.0,33.27,101.589158,,51.550763,47.949184,69.38,30.607449,26.391134,55.2209,18.84,
2013-07-23,,,34.008825,64.454619,70.084359,33.989686,35.051257,43.980469,20.309967,44.286144,21.749958,,47.237388,72.4171,36.685,,19.785413,34.323406,87.997843,60.538635,61.980733,29.724138,29.724138,,37.649628,,53.749343,76.312762,76.312762,28.978611,40.48374,29.724138,68.136324,68.492221,,64.63,31.821486,,,79.741676,78.173232,48.6,,22.652847,179.87,33.3,102.420249,,50.878964,47.648068,69.04,30.536372,26.488698,55.0332,19.09,
2013-07-24,,,33.553017,63.582942,69.304253,33.796458,35.060606,43.125577,20.791246,43.022948,21.69395,,46.87021,72.6119,36.4,,19.665965,34.137026,87.320864,60.123793,61.648842,29.456353,29.456353,,37.55771,,53.035191,75.487612,75.487612,28.884894,40.786817,29.456353,67.241922,67.688655,,63.23,31.450133,,,79.223633,77.961906,48.17,,22.456603,179.35,33.19,102.261501,,50.286199,46.951609,69.05,30.180988,26.410647,54.9885,19.24,
2013-07-25,,,34.083243,64.613106,69.747276,33.962082,35.705722,43.3393,20.540981,42.827896,21.665945,,47.209849,71.862,37.395,,19.737634,34.460739,88.28932,61.424888,61.741034,29.781521,29.781521,,37.539326,,53.429854,76.176749,76.176749,29.194152,40.915395,29.781521,70.838561,68.265332,,63.3,31.750752,,,79.140376,78.560664,48.5,,22.715289,180.21,33.27,103.391411,,49.397052,46.895131,70.0,30.367565,26.439916,55.9003,19.08,
2013-07-26,,,34.111149,64.157457,69.419824,33.805659,35.387839,43.738869,20.598734,43.320171,21.665945,,47.283285,73.3618,37.26,,19.799747,34.401882,88.815859,61.302321,61.750253,30.202326,30.202326,,37.35549,,53.044587,76.185816,76.185816,29.362883,40.355162,30.202326,70.105912,68.019535,,62.88,31.741911,,,78.918357,78.261285,47.79,,22.492284,179.3,33.19,104.157135,,49.989817,46.857479,70.71,30.483065,26.488698,55.2745,19.22,
2013-07-29,,,33.822781,63.345211,69.419824,33.898303,35.088655,43.757453,20.752744,43.468782,21.516589,,47.577027,73.0696,37.345,,20.181981,34.401882,89.295386,62.132005,61.66728,30.231017,30.231017,,37.024585,,53.082174,75.551086,75.551086,29.100434,39.813297,30.231017,69.354233,67.924998,,60.61,31.53855,,,78.862853,78.076374,47.23,,22.233598,181.59,33.2,104.633378,,50.493667,46.932783,71.04,30.154335,26.371621,55.0332,18.79,
2013-07-30,,,33.506506,63.513604,68.899754,33.768602,34.976461,43.255669,20.848999,43.143695,21.404572,,47.632104,73.9753,37.045,,20.100757,34.264549,88.844067,61.010046,61.261635,29.695447,29.695447,,37.061352,,53.223125,75.49668,75.49668,29.18475,39.693903,29.695447,69.496957,67.688655,,60.27,31.441291,,,78.733342,78.516638,46.06,,22.104255,180.45,33.25,104.950873,,50.908602,46.942196,70.28,30.14545,26.644801,54.7381,18.79,
2013-07-31,,,33.925105,64.375376,69.833955,33.546257,35.098004,43.487977,20.983758,43.413053,21.432577,,47.733077,75.1634,36.48,,20.234539,34.539215,89.201361,63.357674,61.068032,29.905849,29.905849,,36.840749,,53.166745,75.288126,75.288126,29.662739,39.060196,29.905849,69.306659,67.698109,,60.99,30.999203,,,77.28097,78.525443,46.39,,22.046274,178.98,33.2,105.072268,,51.461849,47.111629,70.99,30.083258,26.947251,54.8007,18.69,
2013-08-01,,,34.585561,65.187621,70.209562,33.879774,35.649625,44.157022,21.311027,43.896039,22.254034,,48.403176,76.4392,36.675,,20.53077,35.078737,91.157078,67.04411,60.312057,30.336218,30.336218,,37.291147,,53.692962,77.582224,77.582224,29.962695,39.62043,30.336218,69.306659,68.577305,,62.52,31.423607,,,77.891521,78.992123,46.96,,22.416462,204.17,33.3,106.14615,,52.44979,47.911532,71.63,31.202717,27.76679,56.1059,18.94,
2013-08-02,,,34.948347,65.147999,69.939895,34.315199,35.640275,44.054807,21.657548,44.035362,22.216695,,48.054358,76.0691,36.945,,20.559438,34.333215,91.420347,66.487845,60.136892,30.556185,30.556185,,36.969434,,54.031245,77.799846,77.799846,29.971997,39.767376,30.556185,72.313373,68.766379,,63.37,31.547392,,,77.974778,78.886459,46.99,,22.594866,204.42,33.33,106.426293,,52.77581,47.798576,72.43,30.847333,27.815572,55.9897,18.99,
2013-08-05,,,35.21811,65.177716,70.180669,34.491222,35.715071,44.14773,21.850059,44.091091,22.356717,,48.256305,78.981,37.25,,20.640663,33.823122,91.608397,66.431276,60.090796,30.384037,30.384037,,37.033777,,53.044587,77.636629,77.636629,29.953293,39.684719,30.384037,74.263931,68.567851,,63.44,31.4855,,,78.150543,78.560664,47.18,,22.652847,213.24,33.4,106.790478,,53.368575,47.130455,73.37,30.909526,28.966831,56.6423,19.26,
2013-08-06,,,35.246017,64.593295,70.325133,34.333728,35.462635,44.119853,21.676799,43.793869,22.160687,,48.293023,79.1952,37.12,,20.726666,33.66617,91.852861,64.507918,60.662387,30.470111,30.470111,,37.107311,,53.279506,76.983763,76.983763,27.90081,39.592877,30.470111,73.521767,69.333603,,62.98,31.299823,,,78.677837,78.164427,47.09,,22.701908,210.72,33.39,106.669083,,53.45749,50.12308,72.09,30.722949,29.961986,55.8109,18.9,
2013-08-07,,,35.125088,63.820672,69.400562,34.092855,35.387839,43.748161,21.214771,43.858886,21.759293,,48.136973,77.1891,36.65,,20.597662,33.185505,91.194688,63.885655,60.413468,29.896286,29.896286,,36.905091,,51.869995,76.113276,76.113276,26.29821,39.556141,29.896286,75.215423,68.596212,,62.46,31.122987,,,78.409565,77.671331,46.0,,22.541345,209.87,33.4,106.052769,,53.319178,49.68077,71.14,30.385334,29.854666,53.8174,18.91,
2013-08-08,,,35.627407,65.653176,70.171038,33.963154,35.845964,44.240653,19.636177,43.691699,21.861975,,48.3481,74.4817,36.7,,20.640663,33.293409,91.580189,63.159682,60.533318,31.273466,31.273466,,36.951051,,52.819066,76.466911,76.466911,26.157585,40.042901,31.273466,74.292476,69.116167,,63.47,31.450133,,,78.335558,78.683938,46.47,,22.679608,212.13,33.65,105.576526,,54.010737,50.273687,72.93,30.634103,30.020525,53.0038,18.87,
2013-08-09,,,35.701824,65.05885,69.88211,33.953889,35.696372,44.361453,20.136707,43.515223,21.945988,,48.118614,76.1276,36.955,,20.635885,32.12608,91.721227,62.188574,60.551756,30.757023,30.757023,,36.914283,,52.866049,75.959127,75.959127,26.02636,39.905138,30.757023,74.064118,68.823102,,63.7,31.273297,,,78.021032,78.10279,45.95,,22.585946,211.4,33.63,105.80064,,53.605681,50.066701,74.0,30.198758,30.596154,50.8941,19.07,
2013-08-12,,,35.869264,63.632534,68.86123,33.953889,35.761819,44.445084,20.483228,43.301594,21.955322,,48.18287,76.5366,37.995,,20.731444,32.920649,91.081858,62.047151,60.597852,30.489238,30.489238,,36.610954,,52.198881,75.659897,75.659897,26.157585,39.99698,30.489238,73.7977,69.106713,,62.76,31.08762,,,77.530741,77.750579,45.6,,22.523504,211.65,33.63,105.99674,,53.417972,49.42672,72.55,30.118796,30.49859,50.6616,19.36,
2013-08-13,,,35.934379,63.354229,68.986432,33.907567,35.864663,44.500838,20.329218,43.152983,21.740623,,48.118614,76.5853,38.285,,20.932117,32.528269,91.514372,61.198611,60.754579,30.680513,30.680513,,36.445501,,52.659321,75.804978,75.804978,26.129479,39.932691,30.680513,73.464678,69.220158,,61.8,31.140671,,,77.142208,77.776995,45.61,,22.403082,214.07,33.62,106.370264,,54.050254,49.33259,72.19,30.216527,31.054706,49.4637,19.3,
2013-08-14,,,35.85066,62.718102,68.524147,33.351706,35.874013,43.7017,19.770935,42.595691,21.273886,,47.778975,75.2608,38.01,,20.745777,32.175128,90.348464,61.868015,60.312057,30.221453,30.221453,,36.3352,,51.841805,75.143044,75.143044,26.157585,39.969427,30.221453,73.026992,68.161341,,60.57,30.999203,,,76.550159,77.644916,45.2,,22.367401,211.7,33.51,105.656938,,53.773631,48.843216,70.71,30.154335,31.025437,49.3296,19.45,
2013-08-15,,,34.446028,61.704275,67.301017,32.471591,35.54678,42.874685,19.212651,42.056975,20.629789,,46.402059,71.9983,36.645,,20.4161,32.12608,89.709095,60.463209,59.427013,29.810212,29.810212,,35.93076,,50.281946,72.640392,72.640392,26.02636,39.041828,29.810212,72.646395,66.970172,,58.58,30.565957,,,74.848016,76.729167,44.04,,21.908011,205.45,33.41,103.648358,,52.963519,47.760924,68.15,29.203682,30.703475,47.6042,19.16,
2013-08-16,,,34.650676,61.823549,66.212721,32.221453,35.144752,42.744592,18.923884,41.639006,20.676462,,45.328065,74.4135,36.225,,20.444768,32.165318,89.483436,59.906944,58.034912,29.609373,29.609373,,35.893993,,49.567794,72.522513,72.522513,26.007656,38.720383,29.609373,72.418037,66.828366,,58.2,30.318388,,,74.17271,75.505234,43.29,,21.595804,205.61,33.38,103.545113,,53.28954,47.789163,68.05,29.123721,30.674206,45.5749,19.05,
2013-08-19,,,34.027429,61.296757,66.71353,32.34189,35.004509,42.781762,18.615866,41.98267,21.115195,,45.438218,77.3838,36.805,,20.296652,31.988747,88.928689,59.803233,57.896624,29.322461,29.322461,,35.645814,,48.966403,72.223283,72.223283,25.592904,38.444858,29.322461,72.817663,66.809459,,59.11,30.000084,,,74.820264,74.985723,42.62,,21.528902,205.5,33.38,102.362492,,53.180866,47.158694,67.96,29.04376,30.888847,43.34,19.08,
2013-08-20,,,34.214447,62.141612,67.089137,32.425269,35.107354,42.809638,18.866131,42.335621,21.180539,,45.346423,80.6074,36.93,,20.43999,32.224175,89.558655,59.312966,57.721459,29.408534,29.408534,,35.526321,,49.455033,72.341162,72.341162,25.941648,38.64691,29.408534,72.646395,66.790551,,59.24,29.858616,,,74.274468,74.149221,43.89,,21.573503,205.79,33.43,102.400035,,53.556284,47.544526,68.12,29.674566,31.054706,43.2953,19.35,
2013-08-21,,,33.943275,61.445849,66.395709,31.971316,34.724025,42.214931,18.808377,41.945517,21.049852,,45.043502,81.2112,36.45,,20.119868,31.92989,88.533265,58.973549,57.195965,29.188568,29.188568,,35.186224,,49.116751,71.207714,71.207714,25.526896,38.499963,29.188568,72.494156,66.034253,,58.99,29.584522,,,73.155125,73.761789,43.57,,21.399559,205.4,33.5,101.170484,,53.28954,46.942196,68.2,29.185913,30.762013,43.6081,19.49,
2013-08-22,,,33.728207,62.091915,67.445481,32.045431,35.032558,42.605208,18.673619,42.019822,20.816483,,45.254629,80.5587,40.445,,20.425656,31.861224,88.778981,59.510958,57.546294,29.743266,29.743266,,35.2138,,49.821506,69.330725,69.330725,25.734223,39.02346,29.743266,72.65591,66.469125,,60.09,29.672939,,,73.312388,74.114,44.26,,21.359418,207.97,33.51,100.888907,,54.514587,46.904544,68.05,29.710105,30.63518,43.6886,19.72,
2013-08-23,,,33.924573,61.744033,67.291386,32.499384,35.144752,43.106992,18.654368,42.372774,20.545776,,45.73196,83.3732,40.92,,20.406544,32.283032,90.224924,59.954085,57.83209,29.953668,29.953668,,35.406828,,49.633571,68.505575,68.505575,25.611707,39.850033,29.953668,73.21729,66.327319,,59.6,30.309546,,,73.867434,75.170633,44.35,,21.613644,213.09,33.53,101.799338,,55.186387,47.488048,67.13,29.48799,30.713231,43.9568,19.78,
2013-08-26,,,32.260137,61.61482,66.569066,31.971316,34.798821,42.187054,18.615866,42.094128,20.051034,,45.328065,84.1815,40.925,,20.052977,31.900462,88.230846,58.65299,56.882511,29.379843,29.379843,,35.039155,,48.938213,68.233548,68.233548,25.404381,39.960243,29.379843,72.237253,65.013251,,58.99,30.106185,,,73.719422,74.325327,44.3,,21.4397,212.47,33.49,100.898293,,55.018437,46.82924,67.54,27.764377,28.459497,44.5021,19.77,
2013-08-27,,,32.381697,61.04827,66.472756,31.841615,34.677277,41.880408,18.096085,42.131281,19.602966,,45.107758,81.7176,40.14,,19.737634,31.772938,87.087323,58.850983,56.817977,29.322461,29.322461,,35.066731,,48.806658,67.390263,67.390263,25.074439,39.675535,29.322461,71.038374,64.351491,,57.98,30.053135,,,73.136623,74.061169,43.58,,21.399559,205.77,33.46,100.025406,,54.336757,46.565777,66.67,27.204647,28.410715,44.0104,19.38,
2013-08-28,,,32.353645,60.710328,65.451877,31.443247,34.406142,41.545885,18.250094,41.704024,19.708547,,44.740581,84.3957,39.97,,19.556073,31.753319,86.076108,58.17215,56.310921,29.217259,29.217259,,35.250567,,48.458979,67.299587,67.299587,25.310069,39.135984,29.217259,70.505538,63.425026,,57.66,29.708306,,,73.423397,73.039757,43.11,,21.189935,207.56,33.49,98.85217,,53.931701,45.883784,65.97,26.893686,27.804777,44.0373,19.14,
2013-08-29,,,32.550011,62.032278,65.153317,31.535891,35.023208,40.263548,18.509984,41.416089,19.755472,,45.172014,86.4603,40.915,,19.74719,31.935781,86.406879,59.378963,56.283056,29.360716,29.360716,,35.020772,,48.797262,67.771101,67.771101,25.47979,39.470877,29.360716,70.848075,63.91662,,56.98,30.008926,,,73.386394,73.858647,43.66,,21.319277,213.76,33.52,99.302692,,53.911943,46.02587,66.15,27.080263,28.254344,44.5558,19.17,
2013-08-30,,,32.924041,62.270826,64.517675,31.332075,34.967111,40.124163,18.442605,41.573989,19.511462,,45.272988,84.0549,40.89,,19.794969,31.866741,86.898311,59.34125,56.394526,29.332024,29.332024,,35.094306,,48.646914,66.891546,66.891546,25.357175,39.349943,29.332024,71.390426,63.954434,,57.39,29.955875,,,73.756425,73.471215,42.7,,21.243456,211.84,33.53,99.621812,,53.595801,46.215318,65.03,26.644917,28.293437,43.8227,19.12,
2013-09-03,,,33.101706,61.80367,64.474168,31.406189,36.032954,39.724594,18.134587,41.425378,19.239296,,45.153655,82.9349,40.94,,19.713744,31.344012,86.038306,59.520387,56.431682,29.446789,29.446789,,34.836936,,49.201321,64.606515,64.606515,25.507994,39.145286,29.446789,71.628299,63.774814,,54.02,29.911667,,,74.191211,73.435994,41.91,,21.136413,218.67,33.68,98.917871,,54.514587,45.997433,64.04,26.209572,28.185932,43.6707,19.01,
2013-09-04,,,33.756259,62.18137,65.904994,31.369132,36.408885,39.882563,18.047957,42.029111,19.680392,,45.07104,84.0451,40.105,,20.033866,31.541268,85.991053,59.444961,56.468839,29.532863,29.532863,,35.425211,,49.746332,65.168705,65.168705,25.828534,39.684836,29.532863,71.447515,63.973342,,56.05,30.212286,,,74.095713,73.832232,42.06,,21.292517,220.78,33.83,99.725057,,55.334578,46.707863,64.27,26.973648,28.85051,43.8495,19.22,
2013-09-05,,,33.840416,62.936771,65.904994,31.332075,36.117539,38.916164,18.163464,41.434666,19.717932,,45.07104,82.6622,39.645,,19.97653,30.979088,85.235004,59.369535,56.12514,29.408534,29.408534,,35.149457,,49.699348,65.42402,65.42402,25.706018,40.280202,29.408534,71.285762,63.708638,,56.14,30.28302,,,73.667144,74.052363,42.11,,21.354958,223.57,33.96,100.222509,,55.838428,46.594214,64.67,26.70711,29.085067,43.8674,19.76,
2013-09-06,,,33.466386,63.364168,65.963,31.220902,36.474673,39.018379,17.922824,41.304631,19.839938,,45.153655,79.9938,39.325,,20.167648,30.979088,85.754788,59.360107,55.948646,29.590246,29.590246,,35.250567,,50.000044,65.907291,65.907291,25.828534,40.959291,29.590246,71.133523,63.736999,,55.25,30.415647,,,73.844162,74.131611,41.54,,21.427272,224.42,33.92,99.481024,,56.984439,46.641576,64.67,26.653802,28.830964,43.7244,19.76,
2013-09-09,,,33.76561,64.040053,66.726752,31.091201,37.188941,39.018379,18.327098,41.406801,19.727317,,45.034323,84.1815,39.81,,20.186759,31.156619,86.189515,59.539243,55.976513,29.771957,29.771957,,35.406828,,50.958511,67.730957,67.730957,26.43181,41.005804,29.771957,71.580724,64.427121,,56.21,30.58364,,,73.955962,74.41338,42.64,,21.495065,226.07,34.16,101.49899,,57.231424,46.49949,67.73,27.03584,29.173026,44.5379,19.48,
2013-09-10,,,33.737558,64.566845,66.891103,29.2198,37.273526,38.321456,18.500359,41.369648,19.351916,,44.713042,81.591,39.5,,20.27754,31.136893,86.463583,60.104936,55.23338,29.685883,29.685883,,35.507937,,49.915473,68.177756,68.177756,26.620333,41.089527,29.685883,71.228672,63.651915,,56.03,30.928469,,,74.002546,74.166832,42.39,,21.580937,226.79,34.12,102.221703,,57.537686,46.783662,67.4,27.142455,29.173026,44.9491,19.1,
2013-09-11,,,33.784312,64.874969,67.422829,29.544053,37.320517,38.535179,18.644742,41.15602,19.389457,,44.795657,82.7791,39.71,,20.444768,31.146756,86.586441,59.803233,55.809308,29.924977,29.924977,,35.645814,,50.404104,68.451305,68.451305,27.035086,41.005804,29.924977,71.266732,64.256954,,55.52,31.308664,,,74.393847,76.218461,41.65,,21.788837,224.42,34.17,101.161098,,57.685877,47.086759,68.3,27.071378,29.39781,45.0385,19.11,
2013-09-12,,,33.653401,64.725876,67.316484,29.43288,37.029171,38.302872,18.481108,41.746239,19.577157,,44.869093,81.3962,39.65,,20.401766,31.255247,86.198966,59.680666,55.846465,29.886722,29.886722,,35.590261,,50.178582,68.460424,68.460424,26.705243,40.410438,29.886722,71.448343,63.623554,,55.1,30.959097,,,74.41248,75.971913,41.35,,21.693926,226.69,34.23,100.682418,,57.340098,46.679426,68.11,26.929225,29.515088,46.5046,19.13,
2013-09-13,,,33.868469,64.904787,67.703193,29.534788,37.320517,39.287856,18.702496,42.074138,19.868093,,45.208732,82.0876,39.69,,20.435212,31.225658,86.548638,60.708343,56.329502,30.173634,30.173634,,35.821728,,50.967908,69.828173,69.828173,26.648637,40.949988,30.173634,72.299033,64.086787,,55.05,31.227995,,,74.831732,77.292705,41.95,,22.050972,227.86,34.25,101.245571,,57.992139,46.925748,69.26,27.15134,29.563954,45.9951,19.73,
2013-09-16,,,34.364059,65.04394,68.370268,29.72934,37.978396,39.417948,18.740998,42.280246,20.252879,,45.649345,82.3019,40.095,,20.597662,31.44264,87.616557,61.292893,56.645333,30.470111,30.470111,,35.979125,,51.484729,69.928475,69.928475,27.063389,41.377907,30.470111,72.748273,64.928168,,55.75,31.487929,,,75.483901,77.354342,43.86,,22.304068,231.99,34.35,101.2925,,58.110692,47.569792,69.82,27.195763,29.61282,46.0576,19.39,
2013-09-17,,,34.74744,65.312306,68.563622,29.506995,38.344928,38.990502,18.866131,42.64562,20.365499,,45.695242,83.6069,40.325,,20.659775,31.3736,88.438759,62.480849,56.329502,30.584876,30.584876,,35.914314,,51.68206,70.648823,70.648823,27.063389,41.833734,30.584876,74.420977,64.890353,,57.03,31.694084,,,76.08017,77.680137,43.99,,22.408018,238.73,34.15,101.649164,,58.634301,48.024487,70.36,27.488954,29.583501,46.1113,19.88,
2013-09-18,,,34.700687,66.514982,69.68508,29.710811,38.880629,39.585209,18.904633,43.179627,20.478119,,46.034881,84.3276,40.515,,21.080233,31.708936,89.043598,63.4331,56.858984,31.321285,31.321285,,36.655006,,52.180087,71.141213,71.141213,27.600755,42.094207,31.321285,75.013592,65.684466,,58.09,32.079504,,,77.216807,79.203449,43.56,,22.769583,245.48,34.09,101.81811,,58.950442,48.839153,70.61,27.844338,29.739872,47.0768,20.04,
2013-09-19,,,34.653933,65.98819,69.105016,28.534237,38.626876,39.213517,18.740998,42.89857,20.506274,,44.823195,82.1169,40.575,,20.999008,31.630034,88.637222,63.178538,56.738225,31.493432,31.493432,,36.395764,,50.723593,71.031793,71.031793,27.676165,42.047694,31.493432,74.315835,65.419761,,56.17,32.088468,,,76.229237,79.722961,43.15,,22.638516,248.97,34.17,101.067239,,57.97238,48.772767,68.69,27.568916,29.730099,46.8533,19.97,
2013-09-20,,,34.822247,65.342124,68.118906,28.719524,38.373123,38.841825,18.384852,42.711199,20.346729,,44.667145,82.0097,39.02,,20.927339,31.521543,88.457661,62.961689,56.264477,30.90048,30.90048,,36.479092,,50.770577,71.314461,71.314461,27.506444,41.96397,30.90048,74.048203,65.145604,,55.9,31.864386,,,76.154703,79.661324,43.01,,22.579762,247.98,33.96,100.560401,,56.549745,47.863476,68.36,28.048684,29.632367,46.5046,20.0,
2013-09-23,,,34.25185,65.262608,68.099571,28.506444,38.128768,38.804656,18.27897,42.430143,20.309189,,44.648786,77.3546,38.755,,20.764889,31.205933,88.041834,62.452565,55.957935,30.546621,30.546621,,35.766176,,50.751783,72.208058,72.208058,27.581854,41.815129,30.546621,73.551171,64.965983,,54.86,31.595488,,,75.483901,79.027344,42.57,,22.534566,243.0,33.98,100.01602,,56.776972,47.636079,68.66,27.906531,29.192572,46.7728,19.95,
2013-09-24,,,34.382761,64.626482,67.094126,28.450858,37.799829,38.563056,18.404103,42.411406,20.281034,,44.841554,77.2572,38.39,,20.611995,30.88046,87.729964,62.763696,55.697838,30.651822,30.651822,,35.673589,,49.849696,72.226294,72.226294,27.497043,41.573262,30.651822,72.805623,64.824177,,54.74,31.443113,,,75.036699,77.78156,42.35,,22.394459,242.35,33.98,99.85646,,56.707816,47.550867,69.07,28.013146,28.703912,46.3348,20.18,
2013-09-25,,,34.289253,64.417753,66.504393,28.209984,37.68705,38.358625,18.394477,42.111612,20.055793,,44.410121,73.839,38.135,,20.373099,30.436633,87.115675,62.857978,55.623525,30.690077,30.690077,,35.488416,,49.46443,71.743023,71.743023,27.044586,41.312789,30.690077,72.270358,64.332583,,54.34,31.183178,,,74.729248,77.336636,41.23,,22.186559,245.51,33.98,99.359007,,56.776972,47.768752,68.59,27.870992,28.019787,45.8341,20.1,
2013-09-26,,,34.420164,64.119568,66.813761,28.237777,38.185158,38.442256,18.51961,42.224035,20.590739,,44.538633,74.1798,38.52,,20.39221,30.545124,87.994581,63.758791,55.595657,30.709288,30.709288,,35.868021,,49.8403,71.460354,71.460354,27.129397,41.703498,30.709288,72.59534,62.923979,,53.57,31.371407,,,75.036699,78.030717,41.34,,22.457733,246.86,33.97,99.199447,,56.856007,48.014975,68.75,27.746608,27.892736,46.0129,20.17,
2013-09-27,,,34.710037,63.980416,66.485058,28.043226,38.128768,38.061272,18.413729,42.139718,20.393654,,44.134738,72.9235,38.645,,20.205871,30.436633,87.890624,63.588111,54.824657,30.555597,30.555597,,35.553227,,49.689952,71.013556,71.013556,27.280216,42.075601,30.555597,71.9167,61.827347,,53.07,31.111472,,,74.719932,77.710372,41.13,,22.299548,244.63,,98.354718,,56.29288,47.740315,68.35,27.497839,27.951375,45.8431,20.05,
2013-09-30,,,34.448216,64.258721,65.866323,28.108076,37.790431,37.828964,18.577363,41.989821,20.121488,,43.987867,73.3618,38.56,,20.124646,30.31828,87.418094,62.744188,54.555271,30.180977,30.180977,,35.071777,,49.276495,71.387408,71.387408,27.195405,41.656985,30.180977,70.979986,61.165586,,52.25,30.788795,,,74.067763,77.051885,40.37,,22.046453,244.21,,98.589365,,56.707816,47.48458,66.83,27.382339,27.638632,45.5302,19.97,
2013-10-01,,,34.457567,65.322245,66.823429,28.265571,38.344928,38.293579,18.481108,41.671291,20.281034,,44.042943,74.9686,39.245,,20.263206,30.515536,87.493699,62.943316,54.573849,29.633454,29.633454,,35.136587,,49.765126,71.405645,71.405645,27.1577,41.750011,29.633454,70.874845,61.335753,,52.61,31.111472,,,74.365897,77.745966,40.44,,22.245314,244.95,,98.936643,,57.191907,48.251785,67.07,27.675531,27.853643,45.7358,19.76,
2013-10-02,,,34.766142,66.405648,66.079013,28.367479,38.269742,38.061272,18.038331,41.221601,20.121488,,44.070482,73.4884,39.34,,20.167648,30.407045,86.964465,62.895905,54.703898,29.441341,29.441341,,34.655137,,49.859093,70.931491,70.931491,26.761751,42.001181,29.441341,70.970428,61.25067,,52.22,31.147325,,,74.123663,78.057412,40.21,,22.209157,242.99,,98.504892,,57.557445,47.541454,67.59,27.5778,27.716818,46.1381,19.01,
2013-10-03,,,34.364059,66.18698,65.498948,28.163663,37.837422,37.977641,17.624431,40.668856,20.327959,,43.721663,73.8682,39.15,,19.943085,30.199926,86.038306,61.919231,54.703898,29.335679,29.335679,,34.405154,,49.295289,70.375273,70.375273,26.705243,42.298863,29.335679,70.769704,60.889537,,51.75,31.102509,,,74.011862,77.852747,38.91,,22.267911,240.95,,98.523663,,59.424654,47.115196,67.54,26.972088,27.589766,46.0219,18.73,
2013-10-04,,,34.317305,66.763469,66.465723,28.135869,37.781032,37.942059,17.576303,40.725068,20.224724,,44.015405,73.7318,39.09,,20.081645,30.456359,86.7282,62.080429,55.140488,29.64306,29.64306,,34.442188,,50.009441,71.168568,71.168568,27.063389,41.796524,29.64306,71.802001,61.450249,,51.87,31.057693,,,74.179563,77.452316,38.86,,22.290509,241.28,,99.424709,,61.222706,47.806602,67.94,26.89192,28.185932,45.8341,19.18,
2013-10-07,,,34.055484,66.852925,66.311039,28.108076,37.395703,37.679873,17.297162,40.640751,20.459349,,44.052123,73.391,39.78,,19.962197,30.338005,86.539188,61.4546,55.289115,29.547003,29.547003,,34.303309,,50.601435,71.870679,71.870679,27.07279,41.991878,29.547003,71.773326,61.668832,,51.65,31.147325,,,73.657828,77.042986,38.87,,22.272431,237.8,,99.28392,,60.373077,47.257282,67.55,26.152593,28.078427,45.3872,18.65,
2013-10-08,,,33.840416,66.346011,65.605294,27.876467,37.301721,37.455142,16.892887,40.725068,20.618894,,43.86707,71.862,37.665,,19.86186,30.012533,86.964465,60.895146,55.363428,29.479764,29.479764,,34.516258,,49.86849,72.007454,72.007454,26.827759,41.405815,29.479764,71.773326,61.801882,,53.58,31.084583,,,73.536711,76.473484,38.7,,22.168481,229.14,,99.096203,,59.118392,47.086759,67.65,26.508895,27.658179,45.1011,18.37,
2013-10-09,,,33.971327,66.018009,65.160577,27.969111,37.14195,37.530052,17.123901,40.874964,20.806595,,44.116893,67.09,36.96,,19.971753,30.357731,86.614793,61.985607,55.372717,29.402918,29.402918,,34.331085,,49.246855,72.663974,72.663974,27.016283,41.09883,29.402918,71.381435,61.459753,,53.26,30.878428,,,74.067763,74.889556,39.05,,22.028374,228.1,,97.969896,,58.930683,47.304644,67.98,26.687046,28.049107,44.8508,18.66,
2013-10-10,,,34.663284,66.972198,67.500171,28.515708,38.11937,38.391521,17.422294,41.268443,21.304001,,44.829351,65.376,38.18,,20.478213,31.26511,88.60887,63.256231,56.34808,29.969652,29.969652,,34.97919,,49.93018,74.387339,74.387339,27.346224,42.810506,29.969652,73.101931,62.980328,,53.86,31.801643,,,75.17645,76.66925,40.36,,22.724388,233.17,,99.96909,,60.215006,48.583319,69.25,27.096794,28.635499,45.8982,18.97,
2013-10-11,,,34.214447,67.846872,67.896548,28.580559,38.420114,38.279155,17.27791,41.146652,21.407236,,44.736824,66.4765,38.91,,20.592884,31.975232,88.788432,63.426912,56.440972,29.623848,29.623848,,34.969932,,49.683424,75.052977,75.052977,27.87409,42.894229,29.623848,73.340888,62.989832,,53.75,31.855423,,,75.306884,75.663723,40.67,,22.869014,238.38,,100.053563,,62.230406,49.028601,70.23,27.65797,29.085067,46.6748,19.05,
2013-10-14,,,34.569776,67.916449,68.0609,28.49718,38.570487,38.222972,17.27791,41.380866,21.407236,,44.727571,67.1485,38.89,,20.53077,31.462366,88.382056,63.62604,56.004381,29.470158,29.470158,,35.099553,,49.692915,75.171515,75.171515,27.666665,43.768672,29.470158,72.08875,63.141889,,55.13,32.034688,,,75.549118,77.14087,40.53,,23.040758,242.41,,100.17558,,62.418115,49.085376,70.3,27.542172,28.684365,46.6748,18.91,
2013-10-15,,,34.429514,66.823106,67.432497,28.506444,38.06298,38.269791,17.220157,41.015493,21.613707,,44.329705,64.1002,38.375,,20.358765,31.12703,88.107988,63.132962,55.725706,29.35489,29.35489,,34.868086,,49.455649,74.65177,74.65177,27.525346,43.25703,29.35489,73.751895,62.600184,,55.56,31.667194,,,75.0926,76.081951,40.3,,22.792181,240.05,,99.462252,,61.548727,48.564394,69.66,27.355113,28.586633,45.8531,18.53,
2013-10-16,,,35.084068,67.777296,68.776313,28.904812,38.626876,38.887801,17.268285,42.195929,21.782637,,45.125437,65.1715,39.065,,20.659775,31.344012,89.563381,63.777756,56.357369,30.200188,30.200188,,35.182881,,50.357258,75.618313,75.618313,27.591255,43.703554,30.200188,75.443716,64.044731,,56.47,31.989872,,,76.648488,76.606961,40.47,,23.076914,241.25,,100.898293,,62.50703,49.085376,70.22,27.702508,28.889603,46.2775,19.13,
2013-10-17,,,35.439397,69.188702,70.033119,29.025248,39.388136,38.981439,17.634057,42.186561,22.505284,,45.310491,60.5359,39.685,,20.808476,31.856878,89.998109,64.432033,56.626755,31.016669,31.016669,,35.692107,,51.050074,76.475436,76.475436,28.015508,44.205894,31.016669,75.835606,64.681472,,57.45,31.927129,,,76.937306,77.318839,40.5,,22.932288,248.77,,101.780567,,63.119553,49.890531,71.55,27.978642,29.09484,46.6928,19.19,
2013-10-18,,,35.551606,69.40737,70.197471,28.877018,39.651287,38.943984,17.595555,42.167824,22.589749,,45.514051,62.7271,40.13,,20.654979,31.314424,90.754158,64.934593,57.081924,31.170359,31.170359,,35.905056,,50.964658,77.013418,77.013418,27.968302,44.401248,31.170359,75.329016,64.548421,,57.72,32.142247,,,77.337924,77.354433,40.77,,22.864494,256.6,,101.254957,,63.554247,49.843169,71.62,28.263684,27.804777,47.1353,19.26,
2013-10-21,,,36.150055,69.337794,70.216806,28.877018,39.594898,39.178079,17.730313,42.139718,22.477129,,45.310491,61.0325,40.15,,20.573433,31.146756,90.262726,64.612196,56.710357,31.208782,31.208782,,35.94209,,51.258868,76.666921,76.666921,27.751574,44.689628,31.208782,76.858345,63.978205,,57.43,32.285659,,,76.741655,77.283245,40.52,,22.963925,259.25,,100.297596,,63.643162,50.67676,71.91,28.121163,27.550673,47.4513,19.46,
2013-10-22,,,36.926169,69.467007,70.767867,29.479202,40.205785,39.974,18.43298,42.505091,22.786835,,45.939675,61.8506,40.785,,20.856444,31.560994,91.689767,65.550941,57.490647,31.958023,31.958023,,36.192074,,51.951683,77.524044,77.524044,27.87409,45.350112,31.958023,77.747268,65.109133,,57.58,32.635226,,,77.738542,78.110803,41.78,,22.733427,250.0,,102.052757,,63.643162,51.301879,72.89,28.71797,28.234798,47.2166,19.91,
2013-10-23,,,36.720452,69.019731,70.052455,29.275386,39.914439,39.936545,18.298222,43.554368,22.72114,,46.282025,60.9449,41.235,,20.971567,31.916055,91.529107,64.83977,57.890081,31.794727,31.794727,,36.192074,,51.657474,77.432861,77.432861,27.87409,45.796636,31.794727,78.722215,65.175658,,56.75,32.608337,,,77.636059,78.413351,41.86,,22.69727,242.36,,102.165388,,63.218347,50.809334,72.6,28.602171,27.990468,47.6771,19.8,
2013-10-24,,,36.636295,67.767357,70.013784,29.247593,38.015989,39.702451,18.548487,43.554368,22.655444,,46.180246,61.3052,41.67,,20.990754,31.75825,91.11328,64.669089,57.713587,31.938812,31.938812,,35.923573,,51.828305,77.277849,77.277849,27.958901,46.131529,31.938812,76.77232,65.213673,,57.36,32.23188,,,76.900039,78.466742,42.54,,22.90969,244.5,,102.86933,,63.080035,50.525162,73.32,28.593264,27.687498,47.7132,20.01,
2013-10-25,,,37.337602,68.234512,70.381158,29.386558,38.702062,39.852271,18.866131,43.723002,22.85253,,46.319036,60.1658,42.315,,20.923599,31.965369,91.774823,65.105274,57.992262,32.159742,32.159742,,36.136522,,52.160477,77.396388,77.396388,27.902393,46.131529,32.159742,77.50831,65.717363,,58.15,32.491814,,,77.654692,78.840478,43.02,,22.878053,243.25,,103.582657,,63.139312,51.046144,73.75,28.7536,27.501807,47.6319,20.12,
2013-10-28,,,37.253445,69.059489,71.502616,29.831248,39.519712,40.133185,18.981638,44.50996,23.509481,,46.911209,60.8378,42.84,,20.890021,31.896329,94.638356,65.892302,58.939757,32.246193,32.246193,,36.673524,,52.682462,78.818847,78.818847,28.279441,47.015275,32.246193,77.403169,66.154529,,58.48,32.993757,,,78.828596,79.99728,43.19,,23.054316,244.5,,105.30966,,64.226047,51.66185,74.47,29.198978,27.78523,48.6252,20.37,
2013-10-29,,,38.085663,69.874526,72.073013,30.102017,40.008421,40.507736,19.10677,44.697331,23.828572,,47.244307,62.1914,43.13,,21.158642,32.340156,95.356602,66.271593,59.710758,32.56318,32.56318,,36.849438,,52.948199,79.393302,79.393302,28.637586,47.164116,32.56318,79.14278,66.496658,,58.53,33.549479,,,79.648466,80.406609,43.56,,23.483675,245.7,,105.966672,,64.84845,52.381792,75.19,29.11881,27.892736,49.1218,20.06,
2013-10-30,,,38.338134,67.419475,71.425274,29.952627,39.463322,40.236186,18.798752,44.472486,23.659642,,46.855693,61.4123,42.405,,20.957177,31.82729,94.449344,62.25111,59.255589,32.49594,32.49594,,36.682782,,52.616027,78.062026,78.062026,28.59048,47.461799,32.49594,78.559724,65.859917,,58.0,33.217838,,,78.93108,79.498965,43.15,,23.217021,247.7,,104.652648,,63.909906,51.93651,75.09,28.878306,27.130425,48.6974,19.92,
2013-10-31,,,38.244626,66.892683,70.555177,29.700532,39.218967,39.861635,18.769875,44.360063,23.781647,,46.652134,61.1689,41.615,,20.84685,32.379607,93.787802,62.355415,58.753974,32.313433,32.313433,,36.636489,,51.610021,75.673023,75.673023,28.26994,47.452497,32.313433,78.053133,65.717363,,57.23,33.370214,,,78.344128,79.303199,42.95,,23.217021,229.59,,104.380457,,64.51255,51.15038,73.26,28.504188,27.042467,47.8848,20.01,
2013-11-01,,,38.244626,66.604438,70.661522,29.691195,39.25656,39.974,18.818003,44.435012,23.368706,,46.559606,61.0423,40.98,,20.794086,31.817427,93.75945,62.440756,57.862214,32.255799,32.255799,,36.673524,,51.828305,74.32351,74.32351,27.760976,47.805995,32.255799,78.330324,65.299205,,56.69,33.459846,,,78.782013,79.872701,42.71,,23.198942,232.56,,104.19274,,64.808932,51.140868,73.18,28.379482,27.081559,47.5326,20.1,
2013-11-04,,,38.216574,66.958476,71.096571,29.551142,39.247162,39.618177,18.798752,44.200798,23.349936,,46.689144,62.7563,41.535,,20.71254,31.708936,93.419228,63.957919,58.261648,32.294221,32.294221,,36.580937,,51.799833,75.235343,75.235343,28.015508,47.815298,32.294221,77.95755,65.546299,,56.7,33.549479,,,78.604995,80.308726,42.53,,23.063355,238.12,,103.82669,,64.986762,51.349241,73.25,28.602171,26.944734,47.8667,19.67,
2013-11-05,,,39.254509,66.808882,71.096571,30.400796,38.645673,39.646268,18.760249,44.294484,23.509481,,46.911209,60.867,41.685,,20.875631,31.975232,94.042968,64.138082,58.605347,32.121319,32.121319,,36.571679,,51.353774,74.834137,74.834137,28.024909,48.233914,32.121319,78.445024,65.679349,,57.52,33.648075,,,78.837913,80.201945,42.5,,23.230579,245.27,,103.892391,,65.273265,51.159793,73.31,28.432928,27.218384,48.4988,19.64,
2013-11-06,,,39.048792,68.404556,71.6573,30.708912,39.115586,40.048911,18.827628,44.744174,23.434401,,47.327581,58.3641,43.125,,21.043519,32.211939,93.967363,64.621678,58.846866,32.111714,32.111714,,37.080904,,51.60053,74.788545,74.788545,28.053212,48.196704,32.111714,78.387674,66.667723,,57.83,33.899046,,,80.757153,80.98501,42.73,,23.393284,246.03,,104.999926,,65.609165,51.803936,72.66,28.486373,27.355209,48.4807,19.68,
2013-11-07,,,38.553202,67.357395,70.564845,30.214059,38.476504,39.140623,18.586989,44.341326,20.900445,,46.633628,56.6599,41.42,,20.602214,31.551131,91.387348,63.512252,57.667141,30.824556,30.824556,,36.877214,,50.717902,73.603162,73.603162,25.460888,47.49901,30.824556,76.399546,65.489277,,57.11,33.612222,,,79.471448,80.059569,42.17,,23.063355,235.57,,101.001538,,64.858329,50.20314,69.98,27.488726,26.934961,45.2029,20.0,
2013-11-08,,,38.749568,67.935827,71.744309,30.475491,38.833638,39.262353,18.663994,44.884702,21.350926,,46.763166,58.1791,41.85,,20.722134,31.610308,92.190649,63.360536,57.769322,31.391289,31.391289,,37.080904,,50.044068,75.344763,75.344763,26.167877,47.871113,31.391289,76.925253,65.669845,,55.16,33.657038,,,79.983867,79.561254,42.49,,23.180864,242.69,,101.940127,,65.954944,50.95142,71.12,28.049903,27.364982,45.5822,20.93,
2013-11-11,,,38.469045,67.686503,71.48328,30.260743,38.899426,39.299808,18.972012,44.884702,21.00368,,46.679892,58.3933,41.89,,20.59262,31.51168,91.491305,63.83465,57.537093,31.093514,31.093514,,36.914249,,49.711896,75.280935,75.280935,25.762526,47.917626,31.093514,76.43778,65.688853,,55.8,33.567405,,,79.611199,79.846006,42.5,,23.207982,241.54,,101.029696,,65.895667,51.027219,70.8,27.853936,27.286797,45.817,21.25,
2013-11-12,,,37.971153,67.257665,71.396271,30.186048,39.218967,38.962712,17.51855,44.912808,20.975525,,46.689144,58.257,41.705,,20.602214,31.718799,91.557459,65.152685,57.639274,31.151148,31.151148,,36.923507,,49.31329,75.755088,75.755088,26.158475,48.187401,31.151148,76.514246,65.755378,,55.99,33.44192,,,79.788216,79.863803,42.51,,23.320971,242.21,,100.81382,,66.231567,51.008294,71.79,28.103348,27.423622,45.7628,21.4,
2013-11-13,,,38.919963,67.67653,71.792648,30.634217,39.425729,39.496447,17.354915,45.100178,20.90983,,47.077758,59.0848,42.5,,20.83246,32.192214,92.445816,66.025054,58.029419,31.996446,31.996446,,37.145715,,49.844765,76.147176,76.147176,26.167877,48.447873,31.996446,77.212002,66.335097,,57.11,33.683928,,,80.077034,80.63797,42.66,,23.555988,242.94,,101.851875,,66.488432,51.055656,71.4,28.121163,27.882962,46.4852,21.86,
2013-11-14,,,39.455429,68.085421,72.324374,30.867639,39.670084,39.833544,17.480048,45.67166,20.825365,,47.679184,59.0458,42.405,,20.990754,32.557138,93.230216,65.408707,58.80042,32.812927,32.812927,,37.229043,,50.319296,75.900981,75.900981,26.03596,48.736254,32.812927,77.307586,66.715241,,57.72,33.791487,,,80.486969,80.709158,43.77,,23.659938,242.92,,102.795559,,67.249147,51.131356,72.08,28.112256,27.980694,45.8621,21.49,
2013-11-15,,,38.102672,67.836097,72.595071,30.811617,39.52911,39.721178,17.576303,45.493657,21.02245,,47.475624,61.3247,42.255,,21.062706,32.231665,93.145161,65.683693,58.159467,32.707265,32.707265,,37.238302,,50.347768,76.484554,76.484554,25.827347,48.978121,32.707265,81.102233,66.610701,,57.46,34.060385,,,80.151567,81.296457,45.25,,23.736771,242.75,,103.191907,,68.306244,51.264029,71.89,28.121163,28.117519,45.8531,21.61,
2013-11-18,,,38.459649,67.47707,72.585403,30.428806,39.435127,39.149987,17.403043,45.587343,20.553199,,47.142527,61.7532,42.13,,20.990754,32.280979,92.143396,65.370778,57.936527,32.620814,32.620814,,37.192008,,50.243371,76.976944,76.976944,26.377281,49.303712,32.620814,79.037639,66.31609,,57.08,34.087274,,,79.993184,81.545614,45.34,,23.709654,242.4,,102.776686,,68.395158,51.140868,70.38,28.067718,28.752778,45.7357,21.44,
2013-11-19,,,38.487832,67.457125,72.334042,30.400796,39.162577,36.706039,17.383792,45.390603,20.187183,,46.615123,59.8249,41.7,,20.81807,32.034409,91.132182,64.697536,57.323442,32.390278,32.390278,,37.164232,,50.186427,75.992165,75.992165,25.988557,49.201383,32.390278,79.333947,65.869421,,57.06,33.908009,,,79.462132,81.39434,46.15,,23.271256,243.99,,102.474707,,68.227208,51.065069,69.87,28.067718,30.081934,46.0066,21.2,
2013-11-20,,,37.482658,67.197827,72.015006,30.130027,39.011477,36.144212,17.268285,45.353129,20.468734,,45.560314,60.2145,41.165,,20.256845,32.211939,89.752393,64.583749,56.79396,32.169348,32.169348,,37.090163,,49.911199,75.900981,75.900981,25.931653,49.136265,32.169348,79.400855,65.204169,,56.85,33.710817,,,79.313065,79.463371,45.72,,23.131149,243.44,,95.774546,,68.187691,50.430438,69.58,27.98755,30.208986,46.1059,21.1,
2013-11-21,,,38.656926,67.796205,72.8561,30.045995,39.663085,36.415762,17.43192,46.065139,20.825365,,45.726863,68.7261,41.755,,20.535059,33.395477,90.963531,65.285437,57.35131,32.515151,32.515151,,37.432733,,49.825783,77.533162,77.533162,26.576394,48.606017,32.515151,80.003028,65.508284,,57.14,33.289544,,,79.769583,77.060783,46.71,,22.869014,246.05,,97.218384,,68.513711,50.24099,68.89,28.326037,30.687873,46.133,21.18,
2013-11-22,,,39.323911,67.666557,72.875435,30.512838,39.257011,36.865224,17.460796,45.849662,20.919215,,46.374552,66.9732,41.835,,20.57823,33.296849,91.466984,65.778515,58.029419,32.553574,32.553574,,37.432733,,50.034577,78.217037,78.217037,26.633199,48.894398,32.553574,80.375802,65.916939,,57.32,33.406067,,,79.881383,77.37223,46.79,,22.991042,247.54,,98.09601,,69.511532,50.818846,69.23,28.584356,31.098348,46.0608,21.18,
2013-11-25,,,38.844809,67.447152,73.039787,30.456817,39.115357,36.331488,17.412669,45.428078,20.618894,,46.152487,65.8435,39.925,,20.357578,33.010827,91.182011,65.968161,57.713587,32.284616,32.284616,,37.377181,,49.996615,78.016434,78.016434,26.595296,48.522294,32.284616,80.222869,65.375234,,57.22,33.271618,,,79.536665,76.784931,47.76,,22.941327,242.51,,98.435737,,68.316123,50.629398,68.68,28.833768,30.863791,45.9073,20.98,
2013-11-26,,,39.079663,66.808882,72.885103,30.298091,39.559205,36.303396,17.326038,45.147021,20.562584,,46.70765,62.4836,41.225,,21.561572,33.3363,92.065429,65.721622,57.342021,32.553574,32.553574,,37.266078,,50.461655,78.882675,78.882675,27.078827,48.672721,32.553574,80.987534,65.70786,,58.8,33.164059,,,78.623629,76.064154,49.13,,22.91421,247.55,,99.671963,,69.639964,50.667446,70.33,29.100995,31.045026,45.9705,21.01,
2013-11-27,,,38.976328,67.546881,73.136464,30.634217,39.814182,36.256578,17.374166,45.40934,20.581354,,46.753913,65.7461,41.45,,21.599946,33.212372,92.825358,65.541458,56.977022,32.640025,32.640025,,37.471194,,50.670449,79.995112,79.995112,27.401247,48.456481,32.640025,81.044883,65.94545,,59.85,33.298507,,,78.651579,76.081951,50.01,,22.850936,246.2,,99.662527,,70.133934,50.553103,69.98,29.065364,31.00584,46.3407,21.26,
2013-11-29,,,37.811453,67.347422,72.527396,30.802281,39.606423,36.265941,17.306787,45.212601,20.393654,,46.661386,65.6195,41.345,,21.59515,33.133059,92.036931,65.579388,56.752409,32.20777,32.20777,,37.471194,,50.414202,79.01945,79.01945,27.315941,48.259045,32.20777,80.777251,65.57481,,59.18,33.146132,,,78.688846,76.117545,50.65,,22.80122,244.8,,98.369679,,69.560929,50.191052,70.15,28.548726,31.045026,47.0992,21.27,
2013-12-02,,,38.375102,66.370072,71.702443,30.708912,39.785852,36.16294,17.383792,44.725437,20.356114,,46.50409,66.2817,41.03,,21.969299,32.815807,91.656967,65.835409,56.705614,32.121319,32.121319,,37.368635,,50.395221,77.642582,77.642582,26.766006,47.657335,32.121319,80.825042,65.489277,,59.51,33.119242,,,77.980776,75.699317,50.07,,22.624957,236.88,,98.567853,,69.86719,50.076709,69.58,28.566541,31.309531,46.3678,21.37,
2013-12-03,,,38.609956,66.619396,72.304169,30.755596,40.125821,36.340852,17.412669,45.072073,20.412424,,46.818682,66.6226,40.655,,22.055642,33.073574,92.188917,65.825927,57.210995,32.56318,32.56318,,37.62037,,50.328787,78.600007,78.600007,26.557393,48.136823,32.56318,81.475007,65.422752,,61.27,33.316434,,,78.073943,76.313311,50.92,,22.688231,234.68,,99.068005,,70.331523,51.391748,69.74,28.878306,32.171621,46.0427,21.21,
2013-12-04,,,39.201787,66.469801,72.7312,30.699575,40.343024,37.492597,17.624431,45.559237,20.282708,,46.920462,68.2197,41.27,,22.01247,32.815807,91.894445,65.475083,56.99574,32.918589,32.918589,,37.639017,,50.119993,78.718545,78.718545,26.216071,47.929985,32.918589,81.494124,65.185162,,62.49,33.370214,,,77.52755,76.446789,51.0,,22.882573,233.72,,98.850958,,70.420437,51.782435,69.82,28.931751,32.681038,46.6928,21.25,
2013-12-05,,,38.957539,65.971153,72.216822,30.475491,39.804739,37.54878,17.60518,45.165758,20.490252,,46.50409,67.5185,41.425,,21.62393,32.379584,90.992029,64.96304,56.696255,33.043463,33.043463,,37.135547,,49.977633,79.332605,79.332605,26.50999,47.516309,33.043463,81.322074,64.643457,,62.29,33.128206,,,76.824033,76.09085,51.56,,22.837377,235.0,,96.529494,,69.234908,51.467943,69.95,28.967381,32.240196,46.124,21.49,
2013-12-06,,,39.399064,66.529639,74.060821,30.876975,40.220257,39.730542,17.739938,45.905873,21.018546,,47.651426,69.4371,41.635,,21.974096,32.508468,92.293407,65.323366,57.688299,33.706253,33.706253,,37.722928,,50.822299,80.624876,80.624876,26.718603,47.760754,33.706253,81.79999,65.926443,,63.05,33.576369,,,77.996561,76.375601,51.98,,23.167305,236.0,,98.445174,,69.798035,52.373271,71.16,29.742339,33.131675,47.8757,21.78,
2013-12-09,,,39.906348,67.267638,73.915242,30.92366,39.974723,39.842907,17.403043,45.662291,20.895906,,47.595909,69.9337,42.06,,22.065235,32.94469,92.112924,64.849253,57.969067,33.322027,33.322027,,37.666987,,51.723908,79.616722,79.616722,26.946118,47.854771,33.322027,81.713965,66.411126,,63.11,33.782523,,,77.565071,76.838321,52.61,,23.212501,235.01,,98.973637,,69.758517,52.468491,71.79,29.751246,33.102286,46.431,22.92,
2013-12-10,,,39.793619,67.048233,72.983537,30.354112,39.587536,38.354065,17.162404,45.334392,20.546855,,46.938967,71.0439,41.31,,21.695882,32.458898,90.773549,64.75443,57.173559,32.71687,32.71687,,37.154194,,51.306321,78.755208,78.755208,26.301377,47.572719,32.71687,81.245608,65.109133,,63.265,33.450883,,,77.293044,76.340007,49.2,,22.963925,233.83,,97.388247,,70.124055,52.125463,70.36,29.412759,33.278622,46.1781,23.45,
2013-12-11,,,39.182999,67.197827,72.682674,30.363448,39.59698,38.054424,16.787006,45.259444,20.292142,,46.809429,70.2259,40.95,,21.580759,32.280443,90.97303,63.588111,57.126765,32.736082,32.736082,,37.415253,,50.99313,77.838704,77.838704,26.216071,47.544514,32.736082,81.245608,65.517788,,62.69,33.764597,,,77.54631,76.455687,47.28,,22.846416,225.82,,98.133758,,69.234908,51.744288,68.89,28.7536,33.239437,45.7628,22.76,
2013-12-12,,,38.130854,65.761721,71.294822,30.017985,38.633733,38.213609,16.382732,44.664547,20.292142,,45.865654,69.4176,40.33,,21.393684,32.171387,90.203602,62.573508,56.752409,32.640025,32.640025,,36.557489,,50.23388,78.278626,78.278626,25.656636,47.337676,32.640025,80.564239,64.633954,,61.59,33.343324,,,76.242459,75.921779,46.5,,22.475712,224.22,,95.670741,,69.244788,50.905742,68.53,28.326037,32.906356,45.4738,22.66,
2013-12-13,,,37.896,65.59218,71.207475,29.569816,38.397644,38.157426,16.363481,44.928946,20.329877,,45.930423,70.7615,40.96,,21.192219,32.240786,90.089613,62.715742,56.621384,32.515151,32.515151,,36.576137,,49.93018,78.553577,78.553577,25.694539,47.14024,32.515151,79.8061,64.301328,,61.46,33.253691,,,75.914151,75.850591,47.7,,22.407062,224.0,,94.755367,,68.484073,50.686569,68.44,28.450743,32.436126,46.1059,22.67,
2013-12-16,,,38.196613,65.751748,71.653917,29.663184,39.020921,38.363429,16.093965,45.089474,20.480818,,46.180246,72.1931,41.425,,21.240187,32.290357,90.061115,62.260593,56.555872,32.524757,32.524757,,36.613431,,50.148465,80.010819,80.010819,26.415184,46.773573,32.524757,79.594973,64.339342,,63.61,33.379177,,,75.979813,75.414566,47.33,,22.297224,228.75,,95.878352,,69.718999,51.220234,68.67,28.842675,32.906356,47.3249,22.39,
2013-12-17,,,38.966933,66.011045,71.052191,29.392416,39.238123,40.020819,16.01696,44.711761,20.660061,,45.874906,72.7677,41.795,,21.182626,31.814478,89.396177,62.051983,56.471641,32.620814,32.620814,,36.454931,,49.759349,79.30511,79.30511,26.18757,46.529128,32.620814,79.642957,64.130263,,63.39,33.567405,,,75.473281,75.325581,48.01,,22.242305,229.47,,95.406509,,69.323823,51.258282,68.45,28.700154,32.485108,46.9096,22.2,
2013-12-18,,,40.526362,67.088125,72.692379,29.681858,39.899175,40.573283,16.142092,45.533287,20.848737,,46.013697,74.1701,41.935,,21.513604,32.538211,91.001528,63.41743,56.649461,33.273998,33.273998,,37.312694,,50.622996,80.102469,80.102469,26.841812,46.961607,33.273998,80.535449,64.671968,,65.16,34.203797,,,76.373782,76.064154,48.67,,22.333837,233.9,,96.12371,,69.03732,52.782982,69.0,28.958474,33.210047,47.7945,22.29,
2013-12-19,,,41.136982,66.759017,72.236232,31.25045,40.031385,40.451553,16.238348,45.136688,20.537421,,45.671347,74.2577,42.565,,21.575962,32.389499,91.438487,63.512252,56.714973,33.07228,33.07228,,37.163518,,50.471146,79.451751,79.451751,26.367781,46.801778,33.07228,79.988438,65.004594,,66.24,34.257576,,,76.598908,76.064154,49.01,,22.34299,232.65,,96.208641,,68.642143,52.382783,68.16,28.878106,33.151268,47.4965,22.01,
2013-12-20,,,40.733034,67.157936,72.925305,31.315808,40.739654,39.983364,16.334604,45.722143,20.339311,,45.615831,75.105,43.685,,21.456043,32.736494,91.476483,63.256231,56.640102,33.302815,33.302815,,37.331341,,51.249377,80.945653,80.945653,26.728104,46.914599,33.302815,79.54699,65.204169,,66.22,34.57129,,,76.739611,76.099748,49.38,,22.320107,237.97,,96.369068,,68.859491,52.354148,68.34,29.690693,32.53409,48.0112,21.84,
2013-12-23,,,40.432421,66.958476,72.799137,31.10106,40.730211,40.067638,16.334604,45.504958,19.952525,,45.486293,72.9917,44.66,,21.48962,32.94469,90.773549,63.436394,56.471641,33.331632,33.331632,,37.443223,,51.201924,80.881498,80.881498,27.259038,47.196651,33.331632,79.767714,64.985587,,67.11,34.616671,,,76.786512,76.702567,49.25,,22.361296,244.59,,95.916099,,68.849611,52.354148,68.29,29.494244,32.661445,48.6613,22.01,
2013-12-24,,,40.648486,66.898639,72.847663,31.269123,40.994631,40.105093,16.392357,45.797686,20.06573,,45.597325,72.8846,44.585,,21.518401,33.004175,91.144014,64.232905,56.387411,33.350844,33.350844,,37.471194,,51.101295,80.386585,80.386585,27.154731,47.290668,33.350844,79.969244,65.270694,,67.36,34.562214,,,76.955356,76.86452,49.51,,22.530631,239.2,,96.595552,,68.86937,52.449467,68.36,29.467455,32.759409,48.8239,22.03,
2013-12-26,,,41.005464,66.998368,72.799137,31.203765,41.117398,40.09573,16.267225,45.882671,20.056297,,45.985939,73.8292,44.95,,21.504011,33.043832,91.628469,63.654486,56.82728,33.533351,33.533351,,37.750899,,51.398395,80.038314,80.038314,27.192634,47.403488,33.533351,79.988438,65.527292,,67.46,34.716509,,,77.339945,77.386367,49.17,,22.645046,244.66,,97.190073,,69.254667,52.782982,68.54,29.37816,32.622259,48.8961,22.24,
2013-12-27,,,41.1088,67.108071,73.187347,31.325144,41.20239,40.545191,16.507864,46.08097,20.122333,,46.115477,72.8748,44.815,,21.499214,33.053746,91.457485,64.513262,57.070612,33.668371,33.668371,,37.909399,,51.470274,80.918158,80.918158,27.353844,47.506907,33.668371,79.60457,65.699275,,67.42,34.770967,,,77.583831,78.043175,49.37,,22.837263,242.1,,97.369373,,69.225029,53.135621,68.8,29.467455,32.788799,48.7697,22.6,
2013-12-30,,,41.04304,67.457125,73.323221,31.446524,41.580134,40.610738,16.613746,46.118742,20.348745,,46.226509,73.4591,44.83,,21.647914,33.123145,92.673372,64.875857,57.332661,33.880547,33.880547,,38.31031,,51.695496,81.275594,81.275594,27.268538,47.638531,33.880547,79.74852,66.06236,,67.8,34.816348,,,77.771436,77.917212,49.46,,22.782344,239.79,,97.812905,,68.899008,53.135621,69.92,29.387089,32.89656,49.0406,22.95,
2013-12-31,,,40.77061,67.875989,73.342632,31.465197,41.67457,40.526464,16.546367,46.005428,20.254407,,46.180246,73.6052,45.39,,21.667102,33.152887,92.359901,65.32433,57.154842,34.0445,34.0445,,38.515427,,51.676328,80.789847,80.789847,27.230537,47.647933,34.0445,80.381902,65.852152,,67.77,34.843576,,,77.799576,78.394072,49.27,,22.878453,241.79,,97.784594,,69.53129,53.507185,68.92,29.056697,32.779002,49.3024,22.94,
2014-01-02,,,40.38545,66.818855,72.449748,31.343818,41.155172,40.301733,16.421234,45.013931,20.263841,,45.708358,72.68,44.85,,21.408075,33.093403,91.125016,65.057154,56.91151,33.571928,33.571928,,37.909399,,51.494234,78.993499,78.993499,26.538392,46.999214,33.571928,79.815697,65.29797,,66.78,34.398842,,,77.011638,77.395365,49.72,,22.548937,222.12,,96.284136,,68.405038,52.62098,68.43,28.503066,32.494905,47.5507,22.57,
2014-01-03,,,40.573333,66.469801,72.721495,31.269123,41.240165,40.011223,16.921764,44.947832,20.471385,,45.57882,73.7708,45.34,,21.542385,33.202458,91.011027,64.370133,56.696255,33.514062,33.514062,,37.722928,,51.225885,79.745032,79.745032,26.965119,46.820582,33.514062,80.074808,65.498622,,67.52,34.23547,,,77.142961,76.954494,49.85,,22.338413,218.68,,95.79342,,68.553229,52.42093,68.98,28.895965,32.739816,47.966,23.68,
2014-01-06,,,40.65788,65.911315,72.090653,31.119734,40.909639,39.992358,16.950641,45.061145,20.31101,,45.652841,74.9394,44.875,,21.484823,33.489968,90.754551,64.732727,56.387411,33.301887,33.301887,,37.545782,,51.206717,78.581072,78.581072,26.832311,46.670154,33.301887,79.652553,65.231086,,66.46,33.836117,,,77.180482,76.414651,49.5,,22.292647,221.24,,95.217772,,67.782635,52.220781,68.64,28.556643,32.524294,47.4875,23.64,
2014-01-07,,,40.253932,65.921288,72.566211,31.651934,41.561247,40.43567,17.27791,45.419973,20.490252,,46.124729,77.5884,45.365,,21.724663,33.142973,92.141422,65.419749,56.902151,33.562284,33.562284,,37.657664,,51.685912,79.066819,79.066819,27.088327,47.074428,33.562284,80.612223,65.813933,,67.74,33.836117,,,78.306109,76.189717,50.03,,22.301801,231.45,,95.802857,,69.086717,52.744835,70.08,28.949542,32.632055,48.246,24.24,
2014-01-08,,,39.793619,65.871423,71.896548,31.390502,41.532916,40.171569,16.60412,45.061145,20.424216,,45.285587,78.4843,45.095,,21.48962,32.756322,92.844356,62.872043,56.321899,33.581572,33.581572,,37.238106,,51.034207,78.416101,78.416101,26.547893,46.171863,33.581572,80.861737,65.106873,,68.39,33.699974,,,78.080983,74.921088,49.92,,22.196539,226.4,,92.641513,,75.686163,52.62098,68.6,28.503066,33.22964,48.7065,24.21,
2014-01-09,,,39.605736,66.300261,72.488569,31.511882,41.769006,40.077248,16.565618,45.297216,20.58459,,45.686509,78.5817,45.075,,21.638321,32.805893,92.749365,63.310974,56.415488,34.102366,34.102366,,37.042312,,51.101295,79.240955,79.240955,26.216071,46.218871,34.102366,80.832947,65.813933,,67.55,33.808888,,,77.715154,74.957078,50.4,,22.201115,224.95,,92.462213,,76.516034,52.697275,67.69,28.79774,33.8958,48.4603,23.88,
2014-01-10,,,39.436641,66.788936,72.983537,31.614587,41.929547,40.397941,16.555992,45.731586,20.782701,,45.956899,78.6499,45.06,,21.86377,33.618852,92.958346,63.673569,56.883433,34.526717,34.526717,,37.415253,,51.561321,78.975169,78.975169,26.026459,46.312889,34.526717,80.449079,66.35856,,69.82,33.817964,,,78.324869,74.291272,50.95,,22.109583,225.08,,92.877435,,79.08468,53.440502,67.79,28.628079,34.130916,48.5606,24.13,
2014-01-13,,,39.013904,83.194461,75.914525,31.343818,41.466811,39.850876,16.450111,44.787304,20.461951,,45.509358,77.3352,45.755,,21.638321,33.787392,92.948846,63.568607,56.555872,33.948057,33.948057,,36.855842,,51.264221,78.19614,78.19614,25.656636,46.32229,33.948057,79.556586,66.148353,,69.72,33.663669,,,77.264904,74.183304,50.94,,22.018051,219.24,,91.90544,,79.09456,53.307135,66.73,28.145884,33.210047,48.3965,24.25,
2014-01-14,,,39.765436,82.95511,75.885409,31.633261,42.033426,40.209298,16.796632,45.363316,20.603458,,45.500034,78.2506,48.445,,22.271497,34.233529,93.727774,65.362497,56.986381,34.140944,34.140944,,37.005018,,52.155522,78.920179,78.920179,26.216071,46.388102,34.140944,80.564239,66.836304,,69.22,33.56383,,,77.264904,74.183304,51.39,,22.109583,220.96,,93.745624,,79.954068,54.002802,66.48,28.395911,33.768446,48.4057,24.59,
2014-01-15,,,39.878166,83.174515,76.47743,31.521218,42.269516,39.907469,16.729253,45.391644,20.461951,,45.127083,77.2737,48.905,,22.242716,33.985675,93.281315,65.295704,57.182918,34.430274,34.430274,,37.070283,,52.241777,78.571907,78.571907,26.272975,46.425709,34.430274,80.122791,66.645206,,69.09,33.491221,,,77.752675,74.750138,51.53,,22.132466,220.28,,93.132229,,79.795998,53.58348,66.67,28.547713,34.072137,49.1987,24.9,
2014-01-16,,,38.750868,83.29419,77.855576,31.791987,42.04287,40.416805,16.719627,45.656043,20.63176,,45.238968,78.2408,48.635,,22.37223,34.223615,94.5162,64.828147,57.360738,34.430274,34.430274,,37.023665,,52.414287,78.837693,78.837693,26.528991,46.547932,34.430274,79.988438,66.482774,,69.54,33.854269,,,77.724535,76.045759,52.61,,22.283494,219.74,,93.000114,,79.499616,53.507185,66.45,28.601291,34.326845,49.2808,24.9,
2014-01-17,,,38.525408,83.114677,76.86564,31.203765,41.816224,39.416997,16.373106,45.788243,20.546855,,45.015197,77.1369,48.79,,22.088001,34.293014,93.642282,64.761353,56.593307,33.996279,33.996279,,36.622754,,52.481375,78.25113,78.25113,26.766006,46.275282,33.996279,78.961591,65.880817,,69.12,33.609211,,,77.10544,74.975072,52.32,,22.11416,218.76,,91.726139,,78.58083,52.964008,65.9,28.270898,34.326845,48.9982,24.71,
2014-01-21,,,38.863598,83.772893,77.671176,31.334481,42.269516,39.709393,16.815883,46.88361,20.782701,,45.257616,78.1822,47.87,,22.12654,34.005504,93.803767,65.982726,56.864716,33.224732,33.224732,,37.219459,,51.983012,78.526082,78.526082,26.709103,47.008616,33.224732,78.961591,66.826749,,69.78,33.917803,,,77.780816,75.568899,53.14,,22.457405,220.68,,91.726139,,78.403001,52.51615,66.36,28.270898,34.277863,49.3172,24.51,
2014-01-22,,,39.690283,83.274245,77.176208,31.418513,42.373396,39.916901,16.864011,46.685311,20.933642,,45.472062,79.2763,47.3,,22.131358,34.154216,94.829671,65.830054,57.098688,33.224732,33.224732,,37.200812,,52.136355,78.260296,78.260296,26.766006,47.600925,33.224732,79.54699,66.903188,,69.91,34.035793,,,77.715154,75.748846,54.77,,22.544361,220.43,,92.905745,,77.197713,52.744835,67.07,28.217321,34.855855,49.0711,24.65,
2014-01-23,,,38.365708,83.324109,76.593893,31.054376,41.721788,39.483022,16.661874,46.354812,20.895906,,45.41612,78.993,47.765,,21.962747,34.074903,94.354716,63.24418,56.621384,33.224732,33.224732,,36.58546,,51.264221,78.461926,78.461926,26.595296,47.196651,33.224732,77.33975,66.339451,,69.04,33.917803,,,77.321185,75.164017,55.74,,22.439099,218.33,,92.556582,,76.308566,51.887266,68.16,28.065519,34.738297,49.4813,24.78,
2014-01-24,,,37.172651,83.22438,75.468083,30.578196,41.107954,39.888605,15.891827,45.769357,20.499686,,45.015197,76.8634,47.005,,21.745962,33.569281,93.205323,61.364412,55.994337,32.453185,32.453185,,36.21252,,50.679604,77.279636,77.279636,25.87475,46.566735,32.453185,75.132511,65.919036,,67.55,33.854269,,,76.383163,73.328554,54.8,,22.471135,214.26,,92.452777,,74.885931,51.286917,67.61,27.627972,34.06234,48.6062,23.88,
2014-01-27,,,36.975374,83.174515,76.040693,30.802281,40.919083,39.549047,16.074713,46.317041,20.235539,,45.248292,75.8376,46.275,,21.929025,33.698165,92.578381,60.524718,56.022414,32.414608,32.414608,,36.109961,,50.641268,76.610588,76.610588,25.580831,46.171863,32.414608,74.681466,66.052805,,67.72,33.427687,,,76.974117,72.680743,54.38,,22.457405,212.12,,93.075608,,74.856293,51.687116,67.0,27.672619,33.944783,47.4029,23.86,
2014-01-28,,,37.642358,83.194461,77.23444,30.615544,41.54236,39.586775,16.151718,46.250941,20.292142,,45.649214,75.4664,46.53,,22.035009,33.87662,93.832264,60.734642,56.181515,32.53034,32.53034,,36.24049,,50.674812,77.802043,77.802043,25.779943,46.801778,32.53034,76.648788,66.520993,,68.95,33.44584,,,77.218003,72.707736,53.99,,22.590127,213.7,,93.717314,,77.286628,52.125463,67.05,27.744056,33.954579,47.4211,24.33,
2014-01-29,,,36.843856,83.054839,75.710714,29.97576,40.739654,38.766177,15.381672,45.231116,19.895922,,44.698189,74.7435,46.185,,21.370201,33.202458,91.875446,58.969377,54.627937,31.816659,31.816659,,35.336109,,50.018315,76.500607,76.500607,25.457523,46.087247,31.816659,74.662273,62.39329,,67.77,33.064639,,,75.248156,71.475096,53.37,,22.246881,210.03,,91.641208,,76.881572,50.89623,65.05,26.985045,33.690074,46.8924,23.85,
2014-01-30,,,37.116286,83.174515,75.749535,29.919308,41.410149,38.82277,15.449051,45.599386,19.895922,,45.285587,77.3225,46.85,,21.71224,35.43314,94.278723,59.141133,54.403323,31.758793,31.758793,,35.587844,,50.487926,77.206316,77.206316,25.855749,46.275282,31.758793,76.168954,61.848663,,68.67,32.084408,,,76.054855,71.160188,53.72,,22.223998,211.35,,92.348971,,76.654345,51.277405,66.15,27.306508,33.788039,47.2206,24.57,
2014-01-31,,,37.088103,83.074785,74.730483,29.909899,40.881308,38.869931,15.208411,45.212231,19.763848,,44.772779,79.1298,45.945,,21.890485,35.31417,94.421209,59.446476,54.26294,31.585195,31.585195,,35.261521,,50.171658,79.662547,79.662547,25.324815,46.275282,31.585195,73.788974,61.323145,,67.9,31.966417,,,75.379479,70.305438,53.53,,22.196539,208.31,,90.961755,,75.74544,50.162416,65.84,27.0922,36.638813,46.783,24.21,
2014-02-03,,,36.552637,82.995002,73.789073,28.884363,39.785852,37.615454,14.34211,44.589004,18.811033,,43.691221,76.1893,44.735,,20.93663,34.85812,93.043838,56.183122,53.252178,30.939025,30.939025,,34.683464,,48.992839,79.048489,79.048489,24.357753,45.259896,30.939025,72.40705,60.224335,,66.94,30.958958,,,73.700419,67.831162,53.38,,21.491741,205.53,,88.640291,,74.648825,49.038014,64.0,25.842065,35.2869,45.4339,23.35,
2014-02-04,,,35.913835,83.15,74.468441,28.997266,40.560226,37.775801,14.457616,44.67399,18.744996,,43.905668,78.2897,45.495,,20.782472,34.798635,94.991156,56.85106,53.589098,30.871514,30.871514,,34.944522,,48.935336,78.544412,78.544412,24.281848,45.974426,30.871514,71.812055,60.692524,,67.39,31.249396,,,73.934924,69.17177,54.06,,21.738878,206.27,,88.43268,,75.557731,49.057038,64.08,26.092092,34.748094,46.0811,23.25,
2014-02-05,,,36.317783,83.25,73.614379,28.903181,41.022962,37.577725,14.284356,44.919503,18.669525,,44.15741,79.0126,42.72,,20.763202,35.125801,95.665593,56.249916,53.692046,30.948669,30.948669,,35.065728,,48.992839,78.370276,78.370276,24.329251,44.90263,30.948669,70.689242,60.616085,,66.65,30.859119,,,74.497738,69.189764,54.03,,21.57412,204.41,,87.592801,,74.55991,48.904549,63.96,25.993867,34.865651,45.8623,23.51,
2014-02-06,,,36.74052,83.23,74.876062,28.884363,41.740675,37.747504,14.727133,45.193345,18.282739,,44.437123,99.7426,43.345,,20.907726,35.125801,95.561103,60.753726,54.038326,31.536973,31.536973,,35.457315,,49.500785,77.994509,77.994509,24.566267,45.513742,31.536973,72.886885,60.262554,,68.02,31.50353,,,74.469597,70.278446,54.08,,21.8716,203.81,,88.319438,,76.654345,49.238064,63.59,26.190317,34.973412,45.9535,23.49,
2014-02-07,,,37.473264,83.4,76.263914,29.025492,41.929547,38.030469,14.51537,46.165956,17.829916,,44.80075,105.262,43.175,,21.085971,35.135716,95.352123,59.093423,54.618578,31.758793,31.758793,,35.382727,,50.123738,77.756218,77.756218,24.509363,46.557333,31.758793,72.886885,60.23389,,68.47,32.039027,,,75.248156,72.203883,53.57,,22.31553,208.23,,88.111828,,76.565431,49.943243,63.63,25.94922,35.355475,49.4813,23.54,
2014-02-10,,,37.679935,83.38,76.225093,29.213664,42.250629,38.34173,14.630877,45.986542,18.329908,,45.043169,108.359,43.215,,21.037797,35.482711,96.862482,60.372047,55.526392,31.942035,31.942035,,35.960785,,50.976704,77.297966,77.297966,23.968929,46.491521,31.942035,74.527919,61.074718,,70.69,31.939189,,,75.604604,70.908262,53.6,,22.338413,208.52,,88.423243,,76.140616,50.048074,63.99,26.038515,35.75713,50.4659,23.6,
2014-02-11,,,38.074489,83.4,77.088861,27.360172,42.807801,38.577534,13.552812,46.175398,18.480849,,45.621243,116.643,42.825,,21.384653,35.631423,98.553325,60.190749,56.031773,32.096345,32.096345,,36.026049,,50.957536,78.113655,78.113655,24.518864,46.961607,32.096345,74.969367,61.714894,,72.98,31.893807,,,76.214319,71.493091,53.31,,21.999745,215.2,,88.734659,,77.829995,50.781888,64.09,26.261753,36.011839,50.9855,23.44,
2014-02-12,,,38.187219,83.27,77.593534,27.256678,42.968342,38.539806,13.658694,47.204666,18.641224,,45.248292,117.229,42.445,,21.346114,35.641337,97.774397,61.087695,55.601263,32.028834,32.028834,,35.904844,,51.197134,79.030159,79.030159,24.699074,44.62998,32.028834,74.748643,61.428248,,71.8,31.703207,,,76.439444,70.575359,53.85,,21.642769,220.36,,88.981542,,78.047342,50.600763,64.82,25.725981,36.139193,51.0128,23.77,
2014-02-13,,,38.206007,83.32,78.214671,27.284904,43.402747,38.643559,13.620191,47.280209,18.735562,,45.863661,117.982,42.24,,21.572534,35.591766,98.800302,60.591512,55.666776,32.800381,32.800381,,36.035373,,51.374436,80.368255,80.368255,25.267911,44.865023,32.800381,75.074931,62.087534,,71.33,32.020874,,,74.751004,71.295149,54.12,,21.789221,225.59,,90.339386,,78.482036,51.963461,70.18,26.118881,36.707388,50.9763,26.11,
2014-02-14,,,38.309343,83.28,78.56406,27.623613,43.582175,40.56772,14.130347,47.497393,19.056312,,46.516325,113.351,42.79,,21.755597,35.651251,100.006689,61.459832,56.331258,32.906469,32.906469,,36.296431,,51.522986,81.110624,81.110624,25.362717,45.128271,32.906469,74.537516,62.584387,,71.59,32.284085,,,73.250168,72.329846,54.65,,22.063817,225.19,,87.177413,,78.41288,52.430442,71.75,27.101129,36.962097,51.341,26.91,
2014-02-18,,,38.299891,83.21,78.72905,27.463667,43.761604,40.794092,13.754949,47.799564,19.499701,,46.320526,117.581,43.155,,21.750779,35.780135,100.652629,61.173572,56.265746,32.973979,32.973979,,34.935198,,52.069267,81.165614,81.165614,25.419621,44.479552,32.973979,74.134455,63.195899,,72.01,32.184246,,,73.33459,71.987946,55.17,,21.926519,225.78,,90.500808,,79.203233,53.106986,70.22,27.127918,37.559682,50.8578,26.94,
2014-02-19,,,37.751805,83.19,78.631997,27.228452,43.582175,41.077057,13.745324,48.12062,19.622341,,45.938251,115.217,42.84,,21.827858,35.790049,101.023095,61.35487,55.900748,33.041489,33.041489,,34.590229,,52.289697,79.946663,79.946663,24.992993,44.62998,33.041489,75.458798,62.536613,,73.15,31.91196,,,72.321526,71.619054,55.58,,21.80295,225.09,,90.728698,,79.055042,53.478649,69.77,26.556428,37.510699,50.2562,26.8,
2014-02-20,,,37.912451,83.21,79.13667,26.870926,44.271558,41.209107,14.01484,48.602204,19.763848,,46.413764,120.883,43.82,,22.251794,36.335327,102.314974,61.908304,56.378052,33.253665,33.253665,,34.776699,,52.903066,81.50472,81.50472,25.41012,45.335109,33.253665,77.474104,63.186344,,74.7,32.24778,,,73.175126,71.718025,57.34,,22.201115,228.48,,93.320947,,79.628048,53.488161,71.0,26.565357,38.372789,50.6755,27.75,
2014-02-21,,,37.789604,83.23,79.272544,26.814474,44.705963,41.48264,13.889707,48.85716,19.59404,,46.162022,120.199,43.75,,22.502301,36.196529,102.768224,62.089602,56.106644,33.080067,33.080067,,34.664817,,52.797643,81.578041,81.578041,25.334315,45.17528,33.080067,77.637248,63.033466,,74.79,32.10256,,,73.372111,71.05222,56.89,,22.251458,229.07,,92.998103,,79.381063,53.936019,70.66,26.449273,38.118081,50.4932,28.73,
2014-02-24,,,37.95025,83.22,80.660396,26.852109,44.620971,41.680715,13.957086,48.866603,19.537437,,46.47903,118.685,44.22,,22.61792,36.503867,103.121281,62.385403,56.817921,33.17651,33.17651,,34.963169,,52.826395,82.50371,82.50371,25.429715,45.335109,33.17651,77.694828,63.301003,,74.52,32.111637,,,73.991206,71.232167,57.15,,22.448252,232.75,,93.719754,,80.10226,54.574515,70.85,26.52071,38.069098,50.9308,29.18,
2014-02-25,,,38.167594,83.22,81.427111,26.748614,44.375437,41.444911,14.01484,49.555929,19.433665,,46.665506,114.787,44.75,,22.589015,36.791377,101.88081,62.280441,56.920869,32.742515,32.742515,,35.214904,,53.180999,81.834662,81.834662,25.076716,45.99323,32.742515,78.193856,63.253228,,71.39,32.284085,,,74.319513,71.915967,56.79,,22.773191,235.18,,94.014112,,81.080321,54.555491,71.28,26.493921,38.137674,51.0402,28.68,
2014-02-26,,,38.167594,83.14,80.543933,26.654528,43.88437,40.794092,14.072593,48.715518,19.350667,,46.301879,113.419,44.37,,22.632372,36.801291,100.802555,62.375861,56.462283,32.713582,32.713582,,35.308139,,52.596381,81.926312,81.926312,25.324716,45.455268,32.713582,77.474104,62.699046,,71.0,32.166094,,,73.77546,71.52908,56.91,,22.750308,237.11,,93.634296,,80.892612,54.363665,71.37,26.529639,38.387967,51.6145,28.2,
2014-02-27,,,37.695106,83.11,80.970964,26.588668,44.148791,40.680906,14.10147,48.772174,19.113526,,46.413764,110.284,44.435,,22.723904,37.174832,100.926602,62.891127,56.303181,32.646072,32.646072,,35.494609,,52.874314,82.173769,82.173769,25.849415,46.245546,32.646072,78.32821,63.004802,,71.16,32.556371,,,74.16943,72.680743,57.02,,22.892183,233.61,,94.612324,,80.408521,54.584225,71.02,26.592146,38.191659,52.0885,28.08,
2014-02-28,,,38.366039,82.96,81.330059,26.720388,44.46043,40.850685,14.236228,49.206544,19.511922,,46.646858,107.245,44.65,,22.858792,37.403937,100.974312,62.824333,56.799203,32.81967,32.81967,,35.615815,,52.970153,82.668681,82.668681,25.839816,46.712095,32.81967,78.261033,63.444326,,74.0,32.910343,,,75.107452,72.797709,57.12,,23.262888,236.75,,94.963654,,80.052863,54.507534,71.26,26.836228,38.72169,52.5534,28.3,
2014-03-03,,,37.685656,83.11,80.718627,26.701571,43.85604,40.586584,14.226603,48.800503,19.10404,,46.488354,107.402,44.265,,22.666094,37.33421,100.745302,61.93693,56.780485,32.59785,32.59785,,35.541227,,52.807227,84.428369,84.428369,25.754015,51.044342,32.59785,79.182315,63.176789,,72.59,33.082791,,,74.59154,72.38383,56.95,,24.388733,235.23,,94.052094,,80.171415,54.306097,68.62,26.596454,38.093505,52.599,28.82,
2014-03-04,,,38.460537,83.09,81.815321,27.049689,44.328219,41.492072,14.447991,49.055459,19.398095,,47.308847,106.112,45.615,,22.955141,37.443782,102.233867,62.891127,57.770677,33.089711,33.089711,,35.718373,,53.478099,87.031241,87.031241,26.374016,52.615377,33.089711,80.669803,64.036727,,74.47,33.645516,,,75.83911,73.400533,58.92,,25.770868,243.53,,94.260993,,81.515015,54.593836,70.87,27.232777,38.86892,53.7749,30.04,
2014-03-05,,,38.432188,83.07,84.834338,27.266086,45.059269,41.293996,14.236228,49.178216,19.55935,,47.215609,107.988,45.895,,23.056308,37.374054,101.766305,63.225096,57.789538,33.109,33.109,,35.755667,,53.315173,86.469573,86.469573,26.498016,50.920564,33.109,79.594973,63.855185,,73.44,33.536602,,,76.620807,72.941667,58.0,,24.85097,243.94,,93.463378,,81.732362,55.140481,70.46,26.725563,39.673782,53.2918,30.01,
2014-03-06,,,38.687331,83.19,85.895863,27.416624,45.325106,41.237403,14.293982,49.102673,19.426552,,47.24358,104.647,46.92,,22.791348,37.423859,101.174696,63.597233,57.930994,33.639438,33.639438,,35.86755,,53.286421,87.611329,87.611329,26.478916,49.882729,33.639438,79.69094,63.82652,,72.84,33.482144,,,76.828631,72.797709,58.65,,24.679519,245.01,,92.703745,,82.838856,55.620046,70.67,26.559566,39.428397,53.1186,29.79,
2014-03-07,,,39.055872,83.25,85.798475,27.727107,45.021293,41.416614,14.284356,49.376515,19.511922,,47.364789,103.553,47.085,,22.776896,37.413898,100.802555,63.912118,58.091311,33.832325,33.832325,,35.942138,,53.334341,88.200622,88.200622,26.545716,50.454014,33.832325,79.825294,64.008063,,73.39,33.409535,,,77.045901,72.284859,59.44,,24.813899,240.87,,92.618286,,82.898133,55.859928,70.95,26.827006,39.526551,51.7239,29.82,
2014-03-10,,,40.114246,83.25,85.83743,27.689473,44.688997,41.378886,14.1881,49.555929,19.303238,,47.038457,101.589,47.155,,22.834705,37.144949,100.573545,64.074331,58.166754,33.832325,33.832325,,36.035373,,53.20975,87.629744,87.629744,26.421716,50.501621,33.832325,79.815697,63.969843,,73.32,33.454916,,,77.206492,72.365836,60.18,,25.189235,242.8,,92.304938,,82.93765,56.070877,70.96,26.817784,39.448028,52.0156,29.4,
2014-03-11,,,40.114246,83.23,85.652394,27.670656,44.546585,41.143082,14.226603,50.037513,19.274782,,47.308847,103.777,46.65,,22.632372,36.826193,100.621255,64.207919,58.185615,33.726237,33.726237,,36.175226,,53.113911,87.049659,87.049659,26.040116,49.673257,33.726237,79.642957,64.208715,,73.7,33.364154,,,78.226718,71.547075,54.94,,24.878772,239.39,,91.67824,,81.544653,55.658491,70.23,26.688675,39.006336,50.5935,29.45,
2014-03-12,,,40.567834,83.2,85.272582,28.056408,44.537091,41.699579,14.409489,50.037513,18.980727,,47.877597,106.093,47.5,,22.743174,37.174832,101.088817,64.227003,58.53454,33.658727,33.658727,,36.151732,,53.401428,86.773427,86.773427,26.393115,48.68303,33.658727,80.161178,64.896666,,73.28,33.235405,,,77.603247,71.232167,55.5,,24.911208,241.24,,93.036085,,82.10778,55.735181,70.79,27.076002,39.722859,50.7576,29.33,
2014-03-13,,,40.066997,83.19,84.73695,27.727107,43.957947,41.520368,14.129036,49.352328,19.037641,,47.560589,103.709,46.97,,22.526388,36.866038,100.745302,63.568607,58.449667,33.301887,33.301887,,35.681863,,53.353509,86.801051,86.801051,25.916116,48.568773,33.301887,79.741839,64.514471,,70.15,33.079068,,,77.272618,71.286151,57.28,,25.068757,239.25,,92.096038,,81.277909,55.274839,70.74,26.89156,39.722859,49.9007,29.01,
2014-03-14,,,40.170944,83.19,84.853815,27.680064,44.14783,41.548665,14.332123,49.847183,18.895357,,46.40444,110.635,46.785,,22.704634,37.025415,101.336912,63.158302,57.431183,33.031845,33.031845,,35.869811,,53.161831,87.758652,87.758652,26.230916,49.378093,33.031845,79.240561,64.638684,,70.06,33.419331,,,76.516896,71.879978,57.49,,25.179968,242.63,,91.32691,,81.505136,55.255616,72.01,27.214333,40.714213,50.6208,29.24,
2014-03-17,,,40.218193,83.19,86.051683,27.811784,45.44853,41.39775,14.496526,50.170743,19.066098,,47.019809,112.892,46.955,,22.723904,37.125026,100.497208,63.454103,57.384031,33.031845,33.031845,,35.963785,,53.593106,88.237453,88.237453,26.278616,49.768472,33.031845,79.924999,64.953995,,70.91,33.456116,,,77.508781,72.230875,58.21,,24.878772,244.73,,91.269937,,80.872854,55.86944,72.48,27.103668,40.900705,51.1222,29.46,
2014-03-18,,,40.567834,83.17,86.558098,28.046999,45.258647,41.850494,14.66093,50.218325,19.929289,,47.280875,113.117,47.23,,22.897332,37.682848,101.346454,63.711737,58.327071,33.186155,33.186155,,36.085951,,53.871039,89.904048,89.904048,26.593416,50.101721,33.186155,80.079238,65.125982,,70.99,33.649238,,,77.414316,72.401825,58.06,,24.985349,245.07,,92.789204,,81.77188,55.80236,73.54,27.315776,41.54852,51.4413,29.61,
2014-03-19,,,40.312691,83.17,86.733396,27.84001,45.154211,41.492072,14.264427,49.780568,19.616264,,47.308847,112.55,46.88,,22.738356,36.995532,99.457121,62.938837,58.213907,32.935402,32.935402,,35.841619,,53.449347,89.001692,89.001692,26.173715,48.978194,32.935402,78.729642,64.629129,,69.62,33.12505,,,76.866417,71.673038,58.33,,24.660984,238.61,,91.288928,,80.695024,55.389875,74.9,26.946893,41.136274,50.8578,29.42,
2014-03-20,,,40.35049,83.16,87.122946,28.216354,45.3346,42.105162,14.689942,49.999447,19.597293,,47.597884,112.736,47.155,,22.815435,37.364093,99.647963,63.29189,58.355363,33.041489,33.041489,,36.132938,,53.698529,89.904048,89.904048,26.297716,49.711343,33.041489,79.336961,64.533581,,69.65,33.428527,,,77.329297,72.365836,58.44,,24.823166,241.72,,91.820671,,81.475498,55.783138,73.62,27.103668,41.509259,50.8396,29.58,
2014-03-21,,,40.32214,83.18,87.395632,28.291622,44.973822,42.010841,14.651259,50.218325,20.270772,,47.579236,109.414,46.735,,22.786531,37.553354,100.039188,63.816698,58.07245,32.916113,32.916113,,36.12354,,53.065992,89.821178,89.821178,26.173715,49.654215,32.916113,79.134521,64.533581,,68.83,33.52049,,,77.5938,72.878686,59.52,,24.804631,249.81,,91.174983,,82.058383,56.109222,72.72,27.223555,41.587782,51.3774,29.59,
2014-03-24,,,39.972499,83.25,85.710826,28.329257,44.119348,41.737308,14.370806,49.866216,20.346657,,47.290199,103.435,45.93,,22.853975,37.224637,98.770091,64.246087,57.902703,32.617139,32.617139,,36.085951,,53.133079,89.434455,89.434455,26.011516,49.682779,32.617139,78.469363,64.504916,,67.89,33.741201,,,77.357637,72.356838,57.34,,24.71659,245.94,,91.355396,,80.230692,55.198049,72.1,27.094446,41.587782,51.1496,28.5,
2014-03-25,,,40.076447,83.26,85.954295,28.460977,44.204795,41.803333,14.274098,50.208809,20.005174,,47.625855,104.793,46.13,,23.09003,37.15491,98.512455,64.112499,58.119602,33.070422,33.070422,,36.292693,,53.439764,90.493341,90.493341,25.982916,49.863686,33.070422,79.144161,68.030662,,68.2,33.94352,,,77.83941,73.012306,57.26,,24.860237,244.93,,91.09902,,81.43598,56.214747,71.8,27.324998,41.646674,51.6327,28.33,
2014-03-26,,,40.35049,83.24,86.489927,28.460977,43.948453,41.548665,14.602905,50.808345,20.147459,,47.644503,103.23,45.25,,23.234553,36.846116,98.07352,64.494178,58.176185,32.95469,32.95469,,36.283296,,53.573938,90.272356,90.272356,26.040116,50.834871,32.95469,80.002119,67.935114,,68.18,34.256194,,,78.283397,73.212589,54.51,,24.758294,242.71,,91.089524,,81.287789,55.437831,71.33,27.140556,42.078551,50.8761,27.68,
2014-03-27,,,40.72848,83.26,86.480188,28.649149,44.090865,41.642986,14.225744,51.122388,19.834433,,47.625855,104.363,45.09,,23.220101,36.636932,98.063977,64.618998,58.242198,33.129002,33.129002,,36.480641,,53.228918,90.106617,90.106617,26.106916,50.55875,33.129002,80.146718,67.619803,,68.56,34.237801,,,77.971661,72.893956,52.67,,24.577576,244.33,,91.22246,,81.070442,55.696836,71.04,27.122112,42.078551,50.083,27.2,
2014-03-28,,,40.832428,83.28,86.636008,28.874955,44.480126,42.029705,14.738296,51.341267,19.919804,,47.830978,105.653,44.73,,23.31645,36.846116,98.512455,64.667006,58.591123,33.312998,33.312998,,36.602807,,53.38226,89.904048,89.904048,26.402616,50.796785,33.312998,80.011759,68.145321,,69.49,34.136642,,,78.358969,73.758815,53.23,,24.568309,242.4,,91.611772,,82.206574,55.706447,71.45,27.122112,42.353382,50.165,27.84,
2014-03-31,,,41.002523,83.3,87.346938,29.194847,45.344094,42.331534,14.951054,51.826606,20.346657,,48.315815,103.152,45.735,,23.735568,37.115065,99.619337,65.367925,59.138086,33.458258,33.458258,,36.330283,,53.765616,91.543019,91.543019,26.889116,51.491849,33.458258,80.146718,68.546625,,69.45,34.421727,,,78.878528,74.532637,55.12,,24.75366,244.73,,92.333424,,83.94535,56.454529,71.99,27.610882,43.197505,50.949,28.54,
2014-04-01,,,41.040322,83.3,87.337199,28.997266,45.192188,42.029705,14.699613,51.160454,20.119002,,48.278519,107.235,46.42,,23.557322,36.935765,99.342616,64.849437,59.053213,33.719727,33.719727,,36.095348,,53.7752,90.567003,90.567003,26.965416,51.377592,33.719727,82.383191,68.431967,,71.05,34.384942,,,78.292843,74.842165,54.96,,24.878772,244.2,,92.23847,,84.320768,56.46414,71.6,27.767657,42.647843,50.3747,28.48,
2014-04-02,,,41.040322,83.27,86.996343,29.279524,45.382071,42.039137,15.686035,51.131905,20.052603,,48.129339,107.001,47.225,,23.345355,36.97561,98.483829,65.012665,59.081504,33.816567,33.816567,,36.020169,,54.29273,90.889272,90.889272,27.137116,51.387113,33.816567,83.077269,68.126211,,69.65,34.559672,,,78.151145,75.06976,54.69,,25.008518,244.26,,92.855672,,83.876194,57.068353,71.92,27.767657,40.674951,50.9946,28.48,
2014-04-03,,,40.775729,83.26,87.025559,29.618233,45.249152,42.322102,15.647351,51.16997,19.730091,,48.698089,106.217,47.15,,23.287545,36.905882,98.149856,66.683349,62.608476,33.671307,33.671307,,35.775837,,54.915682,90.152656,90.152656,26.908117,49.835122,33.671307,83.530348,68.26068,,68.01,34.568868,,,78.321183,74.905891,54.62,,24.786096,241.85,,92.960121,,83.866315,57.279401,71.51,27.675436,41.214797,50.8852,28.16,
2014-04-04,,,40.681231,83.28,86.412017,29.147804,44.508608,42.086547,15.75373,51.112872,19.113526,,47.784359,100.842,45.5,,23.041855,36.397866,98.254819,65.435137,60.13771,33.448574,33.448574,,35.916798,,54.436488,88.237453,88.237453,25.906616,50.853914,33.448574,82.045792,67.511512,,66.66,34.550475,,,78.018894,75.388392,53.21,,24.795364,235.62,,92.627782,,83.313068,57.34658,69.85,27.094446,40.459013,48.825,27.47,
2014-04-07,,,41.200968,83.29,86.022467,29.24189,43.673122,42.561457,15.318544,51.084322,19.379123,,48.343786,99.8137,44.77,,23.147839,35.850005,98.283445,64.753421,61.354232,33.143528,33.143528,,36.292693,,55.193615,88.393984,88.393984,26.087816,50.787264,33.143528,82.460311,67.290604,,66.83,34.624046,,,79.265836,75.461222,51.67,,24.674885,236.55,,92.960121,,79.825636,56.799836,69.94,26.983781,40.262705,48.5971,27.37,
2014-04-08,,,41.13482,83.3,86.694441,29.364201,43.853511,42.43798,15.154141,49.123933,19.587807,,48.193416,99.236,44.735,,23.1093,35.501367,97.062059,65.079876,60.694104,33.506679,33.506679,,36.55582,,55.049857,89.683063,89.683063,26.269016,51.120514,33.506679,80.917916,68.414355,,65.85,34.844757,,,78.850189,76.307873,52.18,,24.75366,237.07,,92.209983,,80.497436,56.799836,71.5,27.085224,40.822182,49.1805,26.75,
2014-04-09,,,41.93805,83.33,88.1163,29.260707,44.109854,42.694432,15.14447,50.037512,19.692149,,48.184018,101.517,45.285,,23.104482,35.561133,94.380734,65.243104,62.334995,33.845619,33.845619,,36.640396,,54.367958,89.0109,89.0109,26.459816,49.777993,33.845619,82.209672,68.126214,,68.89,35.074664,,,79.265836,76.362496,52.54,,25.027053,239.88,,92.323928,,79.667566,56.90536,72.2,27.223555,41.509259,49.3902,27.12,
2014-04-10,,,41.739605,83.28,86.898955,28.827912,43.635146,42.447478,14.854346,49.552173,19.265296,,47.93027,96.9644,43.065,,22.762443,35.053117,94.094471,64.81103,61.872905,33.613203,33.613203,,36.546422,,54.058445,87.703406,87.703406,25.734915,49.797036,33.613203,80.937196,67.780444,,64.04,34.780383,,,78.991887,76.03476,51.32,,25.031687,236.73,,90.681221,,79.143957,55.658491,71.21,26.836228,40.557166,49.2337,26.14,
2014-04-11,,,41.966399,83.27,85.136239,28.696192,42.951566,42.039056,14.602905,48.714725,19.075584,,48.071241,95.9363,42.125,,22.627555,34.833973,93.817751,64.92625,61.938918,33.225842,33.225842,,36.30209,,53.816637,86.570858,86.570858,25.658615,49.739907,33.225842,79.240561,67.232976,,63.27,34.624046,,,78.5479,75.688816,51.18,,24.75366,234.4,,89.570258,,77.089039,54.747317,70.71,26.614898,40.900705,49.2521,26.23,
2014-04-14,,,42.230993,83.29,84.454526,29.006675,43.065496,42.361995,14.680272,48.714725,19.331695,,48.212212,94.5067,42.525,,22.892514,35.083001,94.59066,64.522981,61.806892,33.361418,33.361418,,36.396064,,54.367958,87.20619,87.20619,25.811216,50.587314,33.361418,79.973199,67.645978,,63.99,35.175823,,,78.925761,76.626506,51.81,,25.365319,234.68,,90.576772,,77.059401,55.188438,71.12,26.707119,41.597597,49.335,27.05,
2014-04-15,,,41.834103,83.3,84.717473,29.044309,42.305964,41.953572,14.980066,49.181032,19.037641,,48.165222,95.3586,42.49,,22.8058,34.824012,94.953259,64.426965,61.495688,33.177422,33.177422,,37.758685,,54.300252,86.810258,86.810258,25.754015,50.330236,33.177422,79.250201,67.415465,,63.87,35.139038,,,79.313069,76.817685,51.8,,25.240207,233.64,,90.282414,,77.029763,54.929532,71.09,26.301348,41.656489,49.2153,26.74,
2014-04-16,,,42.542835,83.28,86.373062,29.354793,42.581294,42.43798,15.154141,49.866216,19.388609,,49.114429,96.0831,42.825,,23.076722,35.561133,95.869299,65.732787,62.22183,33.671307,33.671307,,38.143978,,54.870917,87.150943,87.150943,26.402616,50.853914,33.671307,80.725116,68.318308,,65.42,35.276982,,,80.078238,77.19094,54.73,,25.481163,235.55,,91.944112,,78.788298,56.138056,72.44,26.522678,41.960766,49.3534,28.33,
2014-04-17,,,42.561734,83.27,86.597053,29.486513,42.904096,42.305005,15.009079,49.999447,19.189411,,48.954662,96.3279,43.415,,23.115426,35.969539,96.002888,65.463941,62.561324,33.555099,33.555099,,38.266144,,55.045019,87.657367,87.657367,26.183216,51.910792,33.555099,81.409554,68.174237,,67.55,35.359749,,,80.815067,75.69792,54.25,,25.439459,233.88,,91.820671,,79.805877,55.927008,72.15,26.448901,41.862613,48.93,28.61,
2014-04-21,,,42.419988,83.38,86.674964,29.37361,42.847131,42.191027,15.009079,50.008963,19.331695,,49.152022,96.7489,43.6,,23.10575,35.71055,95.792962,65.598364,62.22183,33.680991,33.680991,,38.294336,,55.064363,88.467645,88.467645,26.145016,52.177391,33.680991,81.457754,68.116609,,67.23,35.33216,,,81.155142,76.016553,54.34,,25.522867,234.3,,91.849158,,80.033104,55.783138,73.07,26.393569,42.235597,49.1509,28.6,
2014-04-22,,,42.155395,83.46,85.973773,29.420653,42.628765,42.485471,15.163811,49.8567,19.274782,,49.048643,96.6119,43.925,,23.17348,35.780278,95.201353,65.531153,62.504742,33.923091,33.923091,,38.256746,,54.493698,88.918823,88.918823,26.106916,52.377341,33.923091,82.103632,68.827358,,67.76,35.534479,,,80.427759,76.052968,53.7,,25.490431,244.54,,92.039066,,79.914551,56.665577,74.05,26.697897,42.402459,49.2153,28.51,
2014-04-23,,,42.268792,83.47,85.593961,29.317158,42.752189,42.675435,15.337886,51.845639,19.483465,,49.217808,92.1176,43.34,,23.187994,35.810161,95.563952,65.060673,62.749933,34.000563,34.000563,,38.275541,,55.064363,88.108545,88.108545,25.878015,51.082428,34.000563,81.236035,68.75052,,67.08,35.231001,,,80.682816,75.879996,53.96,,24.744392,237.9,,91.5548,,79.282269,56.176401,74.35,26.301348,42.451536,49.2982,28.69,
2014-04-24,,,42.174294,83.45,86.285413,29.223073,44.157324,42.618446,15.289532,51.217553,19.379123,,49.274197,92.1274,42.385,,23.028344,35.770317,91.623072,64.907047,62.740502,34.184559,34.184559,,38.247349,,54.96764,88.762292,88.762292,25.591816,51.472806,34.184559,85.043823,68.471983,,66.75,35.313768,,,80.786727,76.007449,53.08,,24.989983,238.63,,92.096038,,78.501795,56.665577,73.93,26.08924,41.715382,49.3442,28.34,
2014-04-25,,,41.975849,83.45,86.382801,29.166621,43.435768,42.684934,15.067103,50.989158,19.379123,,49.142624,91.3245,42.245,,23.052533,35.481445,91.947503,64.897445,62.91025,34.223295,34.223295,,38.538668,,54.803211,88.200622,88.200622,25.458315,51.529935,34.223295,83.964147,68.337517,,65.78,35.966704,,,80.531671,76.571883,52.5,,25.532135,234.34,,91.174983,,78.08686,56.16679,73.38,25.803356,41.646674,49.2705,27.82,
2014-04-28,,,41.93805,83.46,87.083991,29.119196,43.64464,43.387801,15.250849,52.721152,19.198897,,49.969656,90.1887,41.75,,23.187994,35.610939,91.947503,64.378957,63.457213,34.804336,34.804336,,38.557462,,55.257809,87.362721,87.362721,25.544116,52.605855,34.804336,84.716064,69.096289,,66.74,36.720801,,,82.014776,77.363912,51.44,,25.824063,234.26,,92.542323,,78.649986,57.691787,74.06,26.08924,41.735013,49.6386,27.14,
2014-04-29,,,40.851327,83.45,87.473542,28.910524,43.236391,43.121851,15.183153,52.426142,19.113526,,49.631324,90.9818,41.965,,22.92191,35.222456,91.737577,64.39816,63.202592,34.479922,34.479922,,38.125183,,54.812883,87.012828,87.012828,25.544116,54.757697,34.479922,84.879944,68.606449,,66.44,36.89553,,,81.013444,77.555091,51.4,,26.060386,238.02,,91.849158,,78.788298,57.701399,73.58,25.997019,41.028305,49.9975,27.31,
2014-04-30,,,41.323815,83.47,87.376154,28.938979,43.14145,43.207335,15.318544,52.740185,19.464494,,49.828684,91.726,43.01,,23.071885,35.511328,91.832998,67.643512,63.023414,34.5235,34.5235,,38.331925,,54.996657,87.362721,87.362721,25.334315,56.576288,34.5235,85.082383,68.385541,,66.96,36.886334,,,81.136249,77.773582,52.26,,26.148428,246.04,,91.80168,,78.877213,57.519184,74.84,25.997019,41.195166,50.2184,27.69,
2014-05-01,,,40.860777,,87.493019,28.872584,43.53071,42.931887,15.221836,52.901965,19.720606,,49.509149,90.4727,43.22,,23.033181,35.451561,91.642156,66.385698,61.646575,34.504132,34.504132,,38.322528,,54.832228,78.689061,78.689061,25.324716,56.166867,34.504132,84.503985,68.40475,,66.98,36.628838,,,80.83396,78.037591,52.22,,25.898204,235.14,,92.266956,,80.280089,58.00836,73.67,25.683469,41.627043,50.1908,27.41,
2014-05-02,,,41.15372,,88.19421,29.03383,43.910476,42.732425,15.231507,53.26359,19.730091,,49.574936,88.72,43.635,,23.207345,35.4416,92.539112,66.731357,61.863474,34.358872,34.358872,,38.482283,,54.358286,80.392487,80.392487,25.591816,55.976439,34.358872,84.658225,68.769729,,66.92,36.757586,,,80.786727,77.728063,52.83,,25.921373,240.31,,92.048561,,80.151657,58.104273,74.26,25.674247,41.862613,50.1632,27.43,
2014-05-05,,,41.021423,,88.817491,28.787218,44.043395,42.922389,14.989737,53.158909,20.090545,,49.819286,91.7455,44.065,,23.08156,35.162689,93.254768,68.421245,61.344802,34.484764,34.484764,,38.303733,,54.416319,81.175142,81.175142,25.286615,55.58606,34.484764,84.513625,68.500797,,66.52,36.684015,,,81.155142,77.691648,52.69,,25.921373,239.24,,92.295442,,80.833336,58.07544,74.14,25.637359,37.730336,50.3196,27.72,
2014-05-06,,,40.766279,,87.434587,28.635457,43.768064,42.646941,14.767309,53.434886,19.692149,,49.678315,93.2828,43.415,,22.878369,36.377944,91.66124,68.354033,61.618284,34.107087,34.107087,,38.050004,,54.222874,80.208333,80.208333,24.771515,55.138554,34.107087,83.019429,67.828468,,66.05,36.564464,,,80.645029,77.637025,52.11,,25.782359,233.3,,91.583286,,79.687324,57.327358,73.9,25.268476,37.543844,50.1356,27.17,
2014-05-07,,,41.834103,,88.262381,29.242502,44.138336,43.045865,14.844675,53.939258,19.853404,,50.317385,90.2866,42.58,,23.304103,36.826193,92.462775,70.504799,62.306703,36.896082,36.896082,,38.444694,,54.8419,82.022251,82.022251,25.811216,55.728882,36.896082,83.944867,69.019452,,65.18,36.840352,,,81.995883,78.110422,52.3,,26.115991,234.88,,93.634296,,78.165895,59.418222,76.39,25.582026,38.505751,50.5681,26.61,
2014-05-08,,,41.645107,,87.814398,28.929494,43.844017,42.96988,14.071011,53.825061,19.720606,,50.43956,102.017,44.38,,23.33313,36.567205,91.823456,70.629621,62.268982,36.595878,36.595878,,38.275541,,54.745177,80.30041,80.30041,25.639516,56.281124,36.595878,83.433948,68.193447,,66.12,36.886334,,,81.863632,78.483677,52.08,,26.213301,231.47,,94.18503,,78.314086,60.866529,72.66,25.748024,38.437044,50.5773,28.79,
2014-05-09,,,41.9475,,88.096822,29.185591,44.575067,43.121851,14.206402,54.158137,19.872376,,51.125621,106.237,45.99,,23.570187,36.806271,91.632614,70.908068,63.38177,36.760506,36.760506,,38.407104,,55.364204,81.847304,81.847304,25.315215,55.78601,36.760506,83.029069,68.337517,,66.99,36.9691,,,82.345405,78.656648,48.03,,26.097456,223.25,,95.09659,,78.363483,61.202224,73.3,26.024686,38.702059,50.9178,29.48,
2014-05-12,,,42.212093,,88.203949,29.356323,45.116234,43.207335,14.525539,54.386532,19.948261,,50.994048,108.401,47.195,,23.647593,35.6209,91.832998,71.85863,64.522849,36.402198,36.402198,,38.360117,,55.538305,82.583921,82.583921,25.878015,56.58581,36.402198,83.771347,68.577635,,70.1,37.125437,,,82.118688,78.410846,49.4,,26.746186,233.43,,95.533379,,79.163716,61.067966,73.99,26.393569,39.094674,51.8289,29.76,
2014-05-13,,,42.098081,,88.50585,29.583965,45.135223,43.34031,14.718955,54.462663,20.071574,,51.097427,116.586,46.905,,23.870136,36.417788,92.453233,71.80102,64.230507,36.653982,36.653982,,38.632641,,55.760768,82.151159,82.151159,25.591816,55.871703,36.653982,84.513625,68.510402,,70.06,37.346148,,,82.402084,78.228771,49.09,,26.69058,227.64,,95.333975,,79.875033,61.413273,73.99,26.107684,39.35969,50.8442,30.59,
2014-05-14,,,41.661044,,88.963572,29.849547,44.888374,43.036367,14.593234,54.47218,19.71112,,50.843678,113.58,46.04,,23.60889,36.417788,91.642156,71.925841,63.730695,36.411882,36.411882,,38.425899,,55.625356,80.180709,80.180709,24.790615,55.024296,36.411882,83.829187,67.962934,,70.33,37.088652,,,82.033669,78.064903,48.2,,26.250371,220.54,,94.159254,,78.896971,60.981664,73.32,25.748024,39.408767,50.6509,30.77,
2014-05-15,,,41.357018,,88.048129,29.508084,44.195301,42.770417,14.78665,54.082005,19.663692,,50.19521,112.024,45.905,,23.575025,36.636932,92.062008,71.071296,63.400631,36.063257,36.063257,,38.078196,,55.132069,80.917326,80.917326,24.466314,54.234018,36.063257,82.556711,67.694002,,70.25,36.831156,,,80.994551,77.682544,47.22,,26.162329,219.66,,93.127791,,78.896971,61.125533,73.3,25.572804,39.850459,50.0988,30.3,
2014-05-16,,,41.632542,,89.732934,29.821092,44.290243,42.855901,15.038091,54.44363,20.308714,,50.571134,112.092,45.825,,23.686296,36.477555,92.195597,71.753012,63.692973,36.324726,36.324726,,38.425899,,55.702734,82.270859,82.270859,24.828715,54.852911,36.324726,83.173669,67.972538,,70.55,37.419719,,,81.750273,78.08311,46.96,,26.565468,225.11,,94.130603,,81.949709,62.257268,73.92,25.831022,40.14492,50.8626,30.41,
2014-05-19,,,41.699047,,89.13887,29.754696,44.432655,41.849091,15.057433,54.453147,20.052603,,50.486551,111.162,45.565,,23.739513,36.218566,91.976129,71.196117,63.749556,36.198834,36.198834,,38.256746,,55.625356,82.372144,82.372144,24.981415,54.472054,36.198834,82.354271,67.953329,,70.45,36.978297,,,81.334626,78.055799,45.75,,26.634975,228.47,,93.863186,,81.673086,62.305224,74.39,26.107684,40.213628,50.8902,30.47,
2014-05-20,,,41.167002,,88.028651,29.65036,44.214289,41.830095,15.212165,54.338949,19.805976,,50.260997,111.436,45.29,,23.478267,35.501367,92.98759,70.725637,63.928734,36.23757,36.23757,,38.13458,,55.480272,80.42011,80.42011,24.559141,54.015026,36.23757,82.87483,67.463489,,69.45,36.812763,,,80.909532,77.582402,46.52,,26.533032,223.79,,93.662624,,80.882733,62.123009,72.73,25.886355,39.88972,50.3012,30.2,
2014-05-21,,,41.670545,,89.109654,29.802121,43.673122,42.143536,15.618339,54.500729,19.511922,,50.260997,111.426,45.41,,22.805801,35.640822,93.088283,71.656995,63.928734,36.440934,36.440934,,38.407104,,55.818802,80.42011,80.42011,24.847023,59.632665,36.440934,83.086909,67.905305,,69.78,37.373737,,,81.334626,78.429054,47.7,,27.696111,220.35,,94.598582,,81.574292,61.883227,72.55,25.914021,39.045597,48.6264,30.19,
2014-05-22,,,41.471028,,89.479726,29.963368,43.502228,42.029557,16.414796,54.434114,19.521408,,50.505347,111.005,45.695,,22.404256,36.089072,93.375978,71.733809,63.796708,36.111678,36.111678,,38.13458,,55.934869,81.884135,81.884135,25.163704,56.661981,36.111678,82.68203,67.91491,,69.36,37.410523,,,80.843407,78.556507,49.05,,27.121522,222.17,,94.312064,,81.831156,61.911961,73.31,26.126128,38.407597,48.4147,30.56,
2014-05-23,,,41.385521,,89.031743,29.982338,43.53071,41.849091,16.269103,54.234268,19.86289,,50.571134,111.651,45.795,,22.573582,36.875999,93.059514,72.165882,63.711834,36.063257,36.063257,,38.13458,,56.244383,82.629959,82.629959,25.480384,57.318959,36.063257,83.086909,67.934119,,69.67,37.410523,,,81.07957,78.811413,49.3,,27.084452,221.96,,94.665436,,81.515015,61.768091,73.63,26.402791,38.986705,48.0006,30.38,
2014-05-27,,,42.107582,,89.60633,29.934913,43.008531,42.456977,16.502212,54.043939,20.024146,,50.975252,114.383,45.99,,23.125101,45.014219,93.126643,72.780387,64.107911,36.247254,36.247254,,38.31313,,56.302417,82.049874,82.049874,25.921856,57.128531,36.247254,83.848467,68.894591,,68.66,37.493289,,,81.740827,79.120941,49.6,,27.084452,221.78,,95.926113,,82.44368,62.142231,74.7,26.84545,40.773105,48.4699,30.3,
2014-05-28,,,42.07908,,88.914878,29.953883,43.53071,42.371493,16.618767,54.091522,20.033631,,50.975252,111.975,45.4,,23.08156,44.814997,92.781409,72.540346,64.145633,36.218202,36.218202,,38.13458,,56.418484,81.920966,81.920966,25.37489,56.613861,36.218202,83.993067,68.462379,,68.47,37.493289,,,82.25094,79.521507,50.18,,27.061283,218.9,,96.098024,,82.147298,62.026403,74.4,26.716341,40.070036,48.1386,31.01,
2014-05-29,,,42.411608,,89.869277,30.513502,43.64464,42.874898,16.900441,55.052683,20.137973,,51.407564,110.134,45.84,,23.565349,52.76,92.954026,73.193257,65.256502,36.295674,36.295674,,38.209759,,57.095545,83.099552,83.099552,26.430523,57.951045,36.295674,84.928144,69.25957,,69.02,37.989889,,,82.874411,80.450093,50.23,,27.62197,218.95,,98.371064,,82.7697,63.029625,75.05,26.965337,42.528321,49.0957,31.96,
2014-05-30,,,42.696632,,90.249088,30.636808,43.331333,43.596761,16.881015,54.909937,19.777519,,51.62372,110.428,45.36,,23.807243,53.28,93.347208,73.116444,65.493868,36.43125,36.43125,,38.444694,,57.511453,82.215613,82.215613,26.085045,59.80771,36.43125,86.24882,69.451664,,69.38,38.219796,,,83.441202,80.604857,49.97,,27.631238,214.41,,97.989041,,83.11548,63.405846,74.95,26.836228,41.751503,49.2797,31.49,
2014-06-02,,,42.611125,,91.431179,30.475562,43.350321,43.188338,16.570203,54.776706,19.720277,,51.604924,111.514,45.895,,23.845947,53.57,93.078694,73.231663,65.626792,36.57651,36.57651,,38.397707,,57.037511,82.537882,82.537882,26.094644,58.230025,36.57651,86.451259,69.086685,,69.0,37.934711,,,83.006662,80.404574,49.94,,27.297606,218.33,,97.864883,,82.927771,63.444489,74.66,26.937671,42.675818,48.5067,32.0,
2014-06-03,,,42.136085,,90.757095,30.532473,43.359815,43.121851,16.492499,54.110554,19.58671,,51.736497,110.281,45.215,,23.942704,58.65,92.340278,73.087639,65.588814,36.72177,36.72177,,38.416502,,56.592585,83.983492,83.983492,25.921856,57.200683,36.72177,86.22954,69.547711,,66.74,37.925515,,,83.337291,80.013111,49.71,,27.418084,214.83,,98.313761,,82.977168,63.270795,74.91,26.744007,41.377844,48.4791,31.9,
2014-06-04,,,42.098081,,91.001328,30.703204,43.865775,43.425793,16.385658,55.252529,19.634412,,52.2158,110.956,45.99,,23.986245,59.24,93.481466,73.183655,65.883147,36.954186,36.954186,,38.331925,,56.882754,84.609616,84.609616,26.046648,57.402703,36.954186,85.313743,70.200831,,68.1,37.916319,,,83.208807,80.085942,50.05,,27.506126,212.43,,98.208704,,82.977168,63.251573,75.13,26.84545,40.73869,48.9853,32.01,
2014-06-05,,,42.725135,,92.486266,30.80754,43.05433,44.043177,16.851877,55.661736,19.701196,,52.009042,110.271,46.575,,23.923353,58.67,93.078694,74.172624,65.360943,37.021975,37.021975,,38.425899,,57.027839,85.960412,85.960412,26.411325,57.027522,37.021975,85.795741,70.037551,,68.02,37.971496,,,83.522875,80.022215,50.31,,27.909265,213.34,,99.622191,,82.512836,63.32866,76.23,27.324998,40.217533,49.5742,32.24,
2014-06-06,,,42.924652,,92.310418,31.016212,43.588929,44.043177,17.094699,55.690286,19.548548,,52.074828,119.524,46.565,,23.836271,58.92,94.095213,74.297445,65.427405,37.021975,37.021975,,38.519873,,57.762933,86.006672,86.006672,26.459321,57.479663,37.021975,86.586219,70.123994,,68.27,38.063459,,,83.665632,80.413678,51.07,,27.806174,215.24,,100.940172,,81.989227,64.360914,76.58,27.361886,39.450549,49.8319,32.4,
2014-06-09,,,42.886649,,91.216253,30.873935,43.703486,43.558768,17.337521,55.728352,19.367277,,51.849274,111.72,46.33,,23.981407,62.06,93.28008,74.028599,64.677331,36.86703,36.86703,,38.444694,,58.449666,86.663564,86.663564,26.363328,58.104965,36.86703,84.243706,70.181622,,68.28,38.265778,,,83.751287,80.413678,51.4,,27.848347,215.03,,100.911521,,81.613809,64.737036,78.01,27.38033,36.874267,51.1939,32.56,
2014-06-10,,,42.886649,,91.519102,30.798055,43.216619,43.359306,17.143264,55.595121,19.22417,,51.839876,112.973,45.52,,23.836271,61.97,93.049924,73.759753,64.620363,36.557142,36.557142,,38.595052,,57.966051,86.497028,86.497028,26.104244,58.672547,36.557142,84.455785,69.691782,,69.9,38.946304,,,84.151009,80.4683,51.54,,27.768687,214.13,,100.376688,,81.949709,68.209821,78.21,27.011447,35.468128,51.6264,32.54,
2014-06-11,,,42.43061,,91.753566,30.570413,42.729752,43.150346,16.86159,55.404792,19.05244,,51.454554,113.561,44.395,,23.497619,61.91,92.963616,73.289273,64.193105,36.411882,36.411882,,38.397707,,57.54047,85.81238,85.81238,26.037048,58.085725,36.411882,83.626748,69.346012,,70.02,39.167015,,,83.541909,80.513819,51.48,,27.932694,212.07,,100.09017,,82.374524,69.521689,77.26,26.513455,35.487794,51.2951,32.5,
2014-06-12,,,41.300014,,91.675412,30.570413,42.729752,42.988876,17.162689,55.443128,18.918873,,50.937659,118.231,44.13,,23.381509,61.87,92.963616,73.116444,63.83231,36.131046,36.131046,,38.269888,,57.008494,85.423795,85.423795,26.075446,58.066485,36.131046,83.530348,69.000242,,70.63,38.395021,,,83.008946,80.331744,51.15,,27.806174,217.47,,100.214328,,81.791639,68.942941,76.69,26.504208,34.583145,51.4608,32.32,
2014-06-13,,,41.651543,,91.480025,30.82651,42.557916,43.045865,17.201541,55.37604,19.157386,,51.041038,117.301,43.695,,23.289589,61.82,93.634903,72.204289,63.813321,36.266622,36.266622,,38.222548,,57.0762,85.76612,85.76612,26.123442,58.797607,36.266622,84.301546,68.875381,,68.87,38.55314,,,82.980395,80.522923,51.08,,27.998296,219.11,,100.510396,,81.584171,68.711382,76.54,26.374738,34.838807,51.6632,32.13,
2014-06-16,,,42.012574,,91.655873,31.101577,42.691566,43.359306,17.463789,56.257763,19.58671,,50.947057,117.517,43.825,,23.420212,61.97,94.028085,72.68437,64.031697,36.072941,36.072941,,38.497122,,57.347024,85.710608,85.710608,26.056247,59.624929,36.072941,84.629305,68.625659,,70.38,38.887981,,,83.323014,81.050942,51.19,,28.274765,220.94,,101.073881,,82.384403,69.000806,77.66,26.263765,34.563479,51.6908,32.23,
2014-06-17,,,42.19309,,91.802413,31.158488,43.130701,43.397299,17.628908,55.893573,19.701196,,51.022242,122.872,43.8925,,23.473429,62.0,94.306189,74.422266,63.329095,36.18915,36.18915,,38.743291,,57.405058,86.756085,86.756085,26.046648,59.413289,36.18915,85.978901,68.798543,,70.24,38.767066,,,83.066049,80.786933,51.43,,28.106072,222.49,,101.331747,,82.858615,68.971873,78.0,26.420977,34.87814,52.2522,33.02,
2014-06-18,,,42.212091,,93.75628,28.901039,43.856229,43.701241,17.162689,57.714523,19.939709,,51.388768,123.46,44.815,,23.710486,62.09,95.178862,73.942184,63.46202,36.373146,36.373146,,39.349247,,57.569487,87.163173,87.163173,26.305732,61.404634,36.373146,88.572053,69.739805,,71.38,39.390241,,,84.607834,81.824763,51.09,,28.719926,224.0,,101.837928,,84.923412,69.936453,77.19,26.596686,35.438628,52.1049,32.89,
2014-06-19,,,42.867647,,94.420594,27.867165,45.374109,44.271134,17.036422,57.666603,19.996953,,51.539137,119.024,44.695,,23.957218,61.99,95.648763,74.451071,63.547471,36.315042,36.315042,,39.567012,,58.082118,87.422229,87.422229,25.969853,61.789436,36.315042,89.593238,69.624549,,72.75,40.059922,,,85.749897,83.153915,50.88,,29.1276,226.23,,101.809276,,85.486538,70.573165,76.97,26.726155,35.369796,52.1141,32.42,
2014-06-20,,,42.630127,,94.18613,27.326516,45.460026,44.100166,17.075273,57.532428,20.14006,,51.351175,119.357,44.41,,24.073327,62.08,96.022765,74.527884,63.841804,36.305358,36.305358,,39.472332,,58.517372,87.089157,87.089157,25.797163,62.703338,36.305358,90.154647,69.634153,,72.69,40.106427,,,84.798178,82.971839,52.1,,29.31035,226.17,,101.675568,,86.425082,72.2131,76.48,26.753898,35.831954,52.289,32.77,
2014-06-23,,,42.734636,,93.140812,27.345486,45.421841,43.758231,17.046135,56.851968,20.187763,,51.003446,118.858,43.665,,23.797568,62.12,94.737731,73.79816,63.07274,36.053573,36.053573,,39.510204,,57.79195,87.126165,87.126165,25.394088,61.116034,36.053573,89.999776,68.471983,,73.25,39.706479,,,84.122458,82.325471,51.7,,28.949535,222.36,,101.914333,,87.037606,71.094048,77.47,26.568942,35.664791,51.0742,32.33,
2014-06-24,,,42.069579,,92.242033,27.336001,44.954066,43.368804,17.114125,56.123588,20.111439,,50.467755,119.504,43.275,,23.628242,62.08,93.932187,72.645964,62.541042,35.966417,35.966417,,39.623821,,57.646865,87.070653,87.070653,25.298095,59.90391,35.966417,90.328878,68.481588,,71.22,39.390241,,,83.798873,82.215081,49.89,,28.555919,219.65,,101.560961,,86.988209,70.75647,78.13,26.402482,35.428795,50.2092,32.51,
2014-06-25,,,41.699047,,92.564421,27.250635,45.393202,43.045865,17.104412,56.075668,19.901547,,48.644525,120.18,43.375,,23.521808,62.1,93.203361,72.79959,61.620064,35.937365,35.937365,,39.727969,,57.376041,87.810814,87.810814,25.499583,58.701407,35.937365,89.322212,68.366331,,70.45,39.092605,,,84.303284,81.773509,50.36,,28.410656,223.3,,101.035678,,87.482179,71.248421,78.61,26.457969,35.772955,50.7522,32.11,
2014-06-26,,,41.737051,,91.84149,27.478277,45.479119,42.988876,16.939293,56.161924,19.76798,,48.898273,117.869,43.015,,23.507294,62.02,92.599203,72.732002,61.544107,36.57893,36.57893,,39.794246,,57.356697,87.338961,87.338961,24.962216,59.268988,36.57893,89.438366,67.492303,,69.87,38.971691,,,84.331836,79.565652,49.04,,28.312252,222.16,,100.73961,,87.037606,71.585999,78.36,26.393234,36.412109,50.3196,32.23,
2014-06-27,,,41.632542,,92.066185,28.104292,45.746419,43.378302,17.269531,55.826486,19.739358,,49.16142,122.637,42.975,,23.729837,62.0,92.944436,72.683727,61.677032,36.248427,36.248427,,39.945735,,57.704899,87.635025,87.635025,25.346092,59.163168,36.248427,89.699712,68.740915,,69.25,38.897282,,,84.474594,78.05695,50.19,,28.330996,222.33,,101.283994,,86.919053,71.769304,79.89,26.827881,36.815268,50.2828,32.33,
2014-06-30,,,41.908065,,91.9978,28.151718,45.612769,43.511277,17.084986,56.142756,20.111439,,49.377576,122.011,44.37,,23.874974,62.3,93.375978,72.452004,62.379633,36.559488,36.559488,,40.106692,,57.985396,88.042114,88.042114,25.394088,58.653307,36.559488,90.183686,68.760125,,71.03,39.008895,,,85.026591,77.560182,50.91,,28.279451,223.52,,101.780624,,87.067244,71.537844,80.07,27.225536,36.913599,50.9362,32.37,
2014-07-01,,,42.611125,,92.681653,28.540606,45.755965,43.748732,17.23068,56.535698,20.092358,,49.715907,123.119,45.235,,23.797568,62.63,92.934846,74.894749,62.531547,36.812226,36.812226,,40.040415,,58.352943,89.032079,89.032079,26.085045,58.787987,36.812226,90.222404,68.817753,,70.13,38.906583,,,84.82673,77.468188,49.98,,28.256021,228.68,,102.009838,,87.314229,71.576388,80.73,27.854387,37.238093,51.8565,32.12,
2014-07-02,,,43.057663,,92.222494,28.948464,45.860976,43.872209,17.104412,56.526114,19.901547,,49.819286,121.824,45.88,,23.396023,62.77,92.800589,74.296131,62.711945,36.851109,36.851109,,40.040415,,58.459338,88.412194,88.412194,25.816362,58.826467,36.851109,90.396634,68.470191,,69.85,38.943787,,,85.340658,78.066149,49.92,,28.190418,228.92,,101.837928,,89.359267,70.978318,81.45,27.650935,38.309905,50.8718,32.09,
2014-07-03,,,43.485199,,92.251802,29.470144,45.775058,43.864559,17.104412,56.612369,19.834763,,49.856879,122.874,45.785,,23.44924,62.68,92.666332,74.112684,63.053751,36.909433,36.909433,,39.983607,,58.643111,88.338178,88.338178,25.998651,61.962596,36.909433,90.725736,68.576391,,70.15,39.427446,,,85.67376,78.8297,49.89,,28.846445,232.3,,102.697481,,90.050826,71.190556,80.73,27.789652,37.867413,51.654,32.27,
2014-07-07,,,44.178758,,93.121273,29.451173,46.004172,43.66374,16.667332,56.391938,19.834763,,50.204608,123.188,45.705,,23.739513,62.73,92.838948,75.560952,62.531547,36.889992,36.889992,,39.898394,,58.643111,87.283449,87.283449,25.825961,61.337294,36.889992,90.47407,68.692246,,69.97,39.641371,,,85.521485,79.188476,48.65,,28.813644,231.76,,102.52557,,89.655649,70.766081,79.18,27.114563,38.368903,51.1663,31.9,
2014-07-08,,,43.646713,,92.046646,29.062285,45.440934,43.434233,16.502212,55.979829,19.615331,,50.289845,119.99,45.05,,23.691134,62.77,92.954026,75.329229,62.72144,37.016361,37.016361,,39.709033,,58.672128,86.913369,86.913369,25.883458,60.538832,37.016361,89.680353,68.431573,,69.35,39.725081,,,85.397761,79.381664,47.74,,28.729298,230.37,,101.86658,,89.181438,70.582776,78.22,26.818633,38.585233,51.1479,31.14,
2014-07-09,,,43.84623,,91.919645,28.986405,45.765512,43.31948,16.657619,56.114004,19.40544,,50.441377,120.696,44.725,,23.662107,62.8,92.675922,74.9913,62.759418,36.948316,36.948316,,39.718501,,58.267225,87.107661,87.107661,26.392126,60.615792,36.948316,90.270801,68.103318,,68.98,39.808791,,,85.43583,79.142479,48.32,,29.366581,230.97,,101.809276,,89.033247,70.939775,79.82,26.689164,38.162408,50.9546,31.01,
2014-07-10,,,44.986327,,91.626565,28.938979,46.261925,43.290791,16.220538,56.478194,19.577169,,50.214079,119.087,44.58,,23.565349,62.82,92.330688,75.01061,62.550536,36.928874,36.928874,,40.012011,,58.003793,86.589548,86.589548,26.133042,60.692752,36.928874,90.135288,67.997117,,70.86,39.948308,,,85.749897,78.102947,48.02,,29.174459,226.32,,101.436803,,88.835658,70.727538,78.49,26.383986,38.477068,50.8339,31.0,
2014-07-11,,,45.461368,,91.685181,29.01486,46.147368,43.309917,16.958718,56.574033,19.930169,,50.1099,120.578,44.495,,23.589539,62.78,92.493715,74.749922,62.616999,37.346864,37.346864,,39.737437,,58.335522,86.469272,86.469272,26.219436,63.5018,37.346864,89.622276,68.112972,,71.0,40.394762,,,85.511968,78.572116,49.19,,28.935478,226.69,,101.685118,,88.391085,70.98793,78.0,26.374738,39.017891,51.1961,30.86,
2014-07-14,,,45.670385,,91.763336,29.299412,46.261925,43.290791,16.910154,56.813632,20.14006,,50.23302,120.5,44.21,,23.584701,62.79,91.093603,74.720957,62.854364,37.482953,37.482953,,40.125628,,58.774576,86.5988,86.5988,26.516918,64.665824,37.482953,89.893301,67.977808,,70.31,40.320353,,,86.682582,79.068884,49.25,,29.605562,229.18,,101.637365,,88.8159,70.380249,78.51,26.337747,39.185054,51.2983,31.26,
2014-07-15,,,45.166843,,91.186945,29.356323,46.032811,42.210195,16.881015,56.909472,20.063736,,50.128842,118.548,43.885,,23.439564,62.81,90.777139,74.344407,62.246709,37.035802,37.035802,,39.860522,,58.335522,85.784624,85.784624,25.950654,57.883704,37.035802,89.651314,67.49508,,69.07,38.841475,,,85.97831,77.817765,48.5,,27.571879,226.37,,100.854217,,87.541456,69.965485,77.17,25.986331,38.604899,50.2952,31.09,
2014-07-16,,,45.37586,,90.659401,29.289927,46.252379,42.611832,16.715896,56.871136,19.682115,,50.270903,117.812,43.21,,23.294427,62.79,88.552303,74.518199,62.683461,37.074685,37.074685,,39.879458,,58.530657,85.035211,85.035211,25.729967,57.777884,37.074685,90.028814,67.543353,,67.05,38.897282,,,86.130585,77.918959,47.56,,27.243865,225.12,,100.89242,,86.187976,69.888299,76.47,25.884605,38.575399,49.9608,30.21,
2014-07-17,,,44.957825,,89.526159,28.938979,46.185554,41.827683,16.99757,56.449442,19.281413,,49.98678,116.458,42.54,,23.284712,62.77,88.389277,74.865783,62.57902,36.928874,36.928874,,39.784778,,57.720848,83.869458,83.869458,25.2117,57.710544,36.928874,88.973751,66.954424,,66.28,38.674055,,,85.645208,77.780967,46.68,,27.061115,219.5,,100.013765,,85.170397,68.865755,75.22,25.745888,38.408236,49.7936,29.88,
2014-07-18,,,45.698888,,90.542169,29.09074,46.557864,42.028502,17.104412,56.976559,19.262332,,50.251962,118.538,42.925,,23.576196,62.76,90.000365,75.454746,62.82588,37.405188,37.405188,,40.172968,,58.335522,85.210999,85.210999,25.585977,59.336329,37.405188,89.641635,67.871608,,67.81,39.222821,,,85.74038,79.13328,47.21,,27.482846,223.65,,100.940172,,86.513997,69.936453,76.05,26.060313,38.821228,50.3788,30.06,
2014-07-21,,,45.679886,,89.897393,29.07177,46.300111,42.229321,16.589628,56.411106,19.252791,,50.062546,118.459,42.81,,23.323576,62.8,89.453745,75.319574,62.759418,37.201054,37.201054,,40.144564,,58.072091,84.507846,84.507846,25.298095,58.682167,37.201054,89.312533,67.842644,,64.74,39.074003,,,85.569071,78.719307,46.8,,27.168891,221.68,,100.367137,,86.1287,69.637419,75.92,25.866109,38.113242,50.1465,30.01,
2014-07-22,,,45.793896,,90.659401,29.043315,46.242832,42.210195,16.443935,56.229011,19.252791,,50.147783,119.578,43.895,,23.44017,62.79,89.674311,75.705779,62.920827,37.43435,37.43435,,38.998929,,58.374549,85.451551,85.451551,25.384489,58.730267,37.43435,92.361568,67.610935,,65.45,38.999594,,,84.864799,78.544518,46.84,,27.253237,220.85,,100.338485,,86.513997,69.878588,75.99,25.81987,38.880227,50.4252,30.65,
2014-07-23,,,45.879403,,90.024395,29.479629,46.548318,41.846809,15.977716,56.008581,19.05244,,50.100429,118.754,43.58,,23.240989,62.8,90.144212,75.773364,62.132773,37.220495,37.220495,,38.639143,,56.881769,85.025959,85.025959,25.269297,58.181925,37.220495,92.032466,67.002697,,65.42,38.804271,,,86.435135,78.268536,47.33,,26.784646,222.07,,100.042417,,86.079303,70.004028,75.75,25.764383,38.634398,50.2487,31.02,
2014-07-24,,,46.012414,,89.848547,29.661307,46.586503,41.626864,15.725181,58.442903,19.042899,,50.147783,118.714,44.495,,23.177834,62.8,88.552303,76.304396,62.360644,37.239936,37.239936,,38.790632,,56.911039,84.914935,84.914935,25.096508,58.518626,37.239936,92.284132,66.973733,,66.67,39.101906,,,87.472509,78.691709,47.79,,26.845563,222.35,,100.433991,,86.197856,70.428503,76.5,25.718144,39.106389,49.9422,32.26,
2014-07-25,,,45.717889,,89.340541,29.718679,45.870522,41.598176,15.734893,58.998772,18.995197,,50.015192,118.4,44.245,,23.182692,62.78,88.73451,75.927846,62.066311,37.113567,37.113567,,38.819036,,56.881769,83.823198,83.823198,25.019713,58.422426,37.113567,91.606569,66.828915,,67.01,38.822873,,,87.12989,78.05695,47.45,,26.644069,219.24,,99.92781,,85.516176,69.039349,76.14,25.255754,38.880227,49.4314,31.6,
2014-07-28,,,45.670385,,88.207299,29.584811,45.565037,41.559925,15.754319,59.190451,18.804386,,50.072017,117.684,43.87,,23.007802,62.79,88.063223,74.875438,62.132773,37.15245,37.15245,,38.516058,,56.784201,84.15627,84.15627,24.789427,58.287746,37.15245,92.971375,66.37515,,65.0,38.739163,,,86.577893,77.716572,46.76,,26.555037,217.53,,99.402528,,85.032085,67.872143,76.86,24.969072,39.883207,49.4592,31.73,
2014-07-29,,,45.195345,,87.972835,29.288389,45.545944,41.378231,15.424081,58.174552,18.747143,,49.731069,118.43,43.35,,22.857202,62.78,87.545373,73.504412,61.610569,36.948316,36.948316,,38.203612,,56.354905,83.776938,83.776938,24.731831,59.249748,36.948316,91.838876,65.747603,,65.09,38.63685,,,85.787966,77.872962,46.07,,26.831505,217.8,,98.609829,,85.101241,67.611751,76.68,24.626903,38.516401,49.2549,31.11,
2014-07-30,,,44.406778,,86.136201,29.173645,44.581756,40.919217,15.297813,57.206574,18.756684,,48.916582,118.322,43.175,,22.468556,62.79,86.653521,72.886484,60.509194,35.937365,35.937365,,37.512444,,55.847555,83.369849,83.369849,24.328757,58.884187,35.937365,90.115929,65.052474,,64.86,38.246203,,,84.617352,76.529848,45.72,,26.77996,224.81,,97.521062,,83.61933,66.656683,75.28,24.506682,37.562586,48.9298,30.88,
2014-07-31,,,44.08375,,84.651262,28.810289,43.388454,39.771681,14.880158,56.315267,18.212873,,47.495965,117.027,42.75,,21.987608,62.77,84.534173,71.090632,56.806293,34.994458,34.994458,,37.199998,,52.281468,80.816295,80.816295,23.81049,58.181925,34.994458,88.509136,63.507744,,63.96,37.762545,,,83.846459,75.444319,44.92,,26.170792,220.4,,95.162066,,82.255971,65.142189,73.5,24.349469,36.589106,48.2332,29.79,
2014-08-01,,,44.245264,,85.530502,29.058901,43.254805,40.125505,14.870446,56.257763,18.251035,,48.234685,117.498,43.055,,21.866156,62.83,85.445205,71.795456,58.334927,35.30552,35.30552,,37.199998,,53.349831,81.204879,81.204879,23.896884,58.095345,35.30552,89.670673,64.077363,,65.21,37.669534,,,83.855976,75.343125,44.95,,26.123933,217.75,,96.002518,,82.581992,65.248308,74.32,24.183009,36.431775,48.7162,30.14,
2014-08-04,,,44.606295,,86.341357,29.288389,42.968412,40.3837,15.229823,56.602785,18.527711,,48.575634,116.566,43.035,,22.045905,62.84,85.752079,72.50028,58.923593,35.431889,35.431889,,37.304147,,53.32056,82.342876,82.342876,23.973679,58.210785,35.431889,89.854583,64.386309,,65.55,37.88346,,,85.359693,75.554711,45.71,,26.306684,221.68,,96.36544,,82.868494,65.499187,75.2,24.802612,36.618605,48.7998,29.97,
2014-08-05,,,46.135925,,86.351126,29.164083,42.662927,39.982063,15.064704,56.574033,18.298738,,48.187332,115.516,41.53,,22.016756,62.81,84.888996,72.587176,58.296948,34.955576,34.955576,,37.095849,,52.891264,82.250356,82.250356,24.050474,58.268506,34.955576,89.670673,64.096672,,65.11,37.734642,,,84.89335,75.048744,45.15,,26.166106,222.01,,94.9042,,82.186815,64.833543,74.51,24.867346,36.126948,49.6357,29.66,
2014-08-06,,,46.211931,,88.48084,29.431819,43.340722,40.355012,15.268674,57.676187,18.632657,,48.982877,116.036,41.81,,22.327673,62.85,86.078132,72.51959,59.607205,34.673676,34.673676,,37.796486,,54.052315,82.814729,82.814729,24.42475,58.441666,34.673676,90.638621,65.081438,,66.04,38.534538,,,86.140102,76.796631,45.28,,26.47069,224.63,,96.661509,,82.917892,68.56672,76.0,25.181772,36.51044,49.9515,29.68,
2014-08-07,,,46.097922,,88.236607,29.450943,43.159341,40.297635,15.171545,57.446173,18.584954,,48.566163,114.191,42.01,,22.138208,62.75,85.857567,72.645106,59.227421,34.090435,34.090435,,37.256806,,53.349831,82.962761,82.962761,24.914219,58.008765,34.090435,89.283494,64.695255,,65.1,38.274107,,,85.559554,76.088277,44.51,,26.362915,230.0,,96.098024,,82.305368,67.23553,78.88,24.996815,35.782788,49.7286,32.84,
2014-08-08,,,46.591964,,89.535928,29.603935,43.913507,40.804463,15.35609,57.887034,19.023818,,49.219647,111.062,42.36,,22.449124,62.77,86.69188,74.016133,60.043958,34.488983,34.488983,,37.351487,,54.198667,83.934222,83.934222,25.086909,58.114585,34.488983,90.125609,65.496584,,69.45,38.72056,,,85.930724,77.12781,37.43,,26.742473,232.33,,97.253645,,83.372344,68.672839,78.33,25.228011,36.254779,48.0196,32.04,
2014-08-11,,,47.323526,,89.926701,30.053348,44.06625,41.273041,14.763604,58.069129,19.090602,,49.664773,113.249,42.895,,22.721176,62.85,86.749419,75.242333,60.585151,34.770883,34.770883,,37.465103,,54.657233,85.053715,85.053715,25.921856,58.230025,34.770883,90.84189,66.008276,,70.14,39.074003,,,87.358303,77.596979,37.46,,26.925223,230.86,,98.447469,,84.024386,69.377027,79.67,25.718144,36.687437,48.7533,32.53,
2014-08-12,,,47.162012,,89.721545,30.053348,44.075796,41.234789,14.938436,57.887034,18.222414,,49.702656,111.915,42.285,,22.726034,62.67,86.797368,75.290609,60.243345,34.673676,34.673676,,37.569252,,54.735287,84.06375,84.06375,25.614775,58.056865,34.673676,90.628942,66.017931,,70.7,39.027497,,,86.806306,77.440589,37.03,,26.775274,228.19,,97.97949,,84.696185,69.695383,78.89,25.449958,36.746436,48.3075,32.47,
2014-08-13,,,47.542045,,89.662929,30.072472,44.724953,41.473859,15.35609,57.906202,18.394143,,49.768952,111.896,43.405,,22.803763,62.78,87.238499,75.531986,60.746559,34.800045,34.800045,,37.815422,,55.281664,85.183243,85.183243,25.662772,57.960665,34.800045,91.238749,65.950349,,71.15,39.12981,,,87.310717,77.707372,37.24,,26.7003,228.83,,98.671449,,84.844377,69.984707,79.12,25.496197,37.031597,48.1682,32.77,
2014-08-14,,,47.475539,,90.278397,30.474076,45.001799,41.808557,15.365803,58.002041,18.747143,,49.98678,112.141,43.9075,,22.998086,62.73,88.533124,75.42578,60.765548,34.702838,34.702838,,38.042655,,55.525583,85.62734,85.62734,25.758765,58.326226,34.702838,91.471056,66.37515,,71.65,39.306531,,,87.358303,78.130545,38.04,,27.037685,228.05,,99.276913,,84.538115,72.251643,80.52,25.625666,36.962765,47.6573,32.72,
2014-08-15,,,47.25702,,90.649632,30.388018,45.326377,41.569487,15.637764,57.887034,18.365522,,49.873131,112.828,43.615,,22.900924,62.75,87.670041,75.44509,61.031398,34.780603,34.780603,,38.705419,,55.369475,85.534819,85.534819,25.681971,58.249265,34.780603,91.200031,66.201368,,93.5,39.250724,,,87.415406,77.73497,37.88,,26.784646,228.83,,98.863659,,86.415203,72.2131,80.7,25.921596,36.766102,46.8771,33.51,
2014-08-18,,,47.304524,,90.805941,30.4932,45.670048,41.942437,15.851448,58.299144,18.489549,,50.185666,112.916,44.35,,23.041808,62.78,87.794708,75.483711,61.050387,35.033341,35.033341,,39.150418,,55.857312,85.923404,85.923404,25.912256,58.480146,35.033341,91.713043,66.684096,,88.44,39.529758,,,87.700922,78.185741,37.42,,27.103288,232.61,,99.113534,,85.950871,72.521745,80.64,25.856861,36.69727,47.5459,33.97,
2014-08-19,,,47.438182,,90.854788,30.4932,46.137822,42.181507,15.880587,58.596246,18.489549,,50.412965,115.212,43.465,,23.080673,62.78,88.149531,75.049231,61.211795,35.15971,35.15971,,39.065205,,55.886582,86.22872,86.22872,25.854363,58.518626,35.15971,91.345223,66.973733,,89.04,39.71578,,,87.424923,78.544518,37.15,,27.243865,229.86,,99.421071,,86.889415,72.550678,80.77,26.467216,36.933265,47.5459,34.62,
2014-08-20,,,47.543197,,90.561708,30.617506,45.526851,42.286697,15.764032,58.385399,18.50863,,50.59291,115.359,48.255,,23.250705,62.79,88.187891,75.725089,61.544107,35.188872,35.188872,,39.055737,,55.691447,86.006672,86.006672,26.153626,58.268506,35.188872,91.451697,66.973733,,88.49,39.492553,,,87.777059,78.277735,36.15,,27.145461,226.99,,98.431185,,86.573273,72.049017,80.62,26.125048,36.795601,47.5273,35.18,
2014-08-21,,,47.32362,,90.600785,30.741812,45.412294,42.506642,15.685992,58.596246,18.298738,,50.403494,115.526,47.915,,24.251467,62.88,88.646068,75.734744,61.601075,35.149989,35.149989,,39.207226,,55.867068,81.676732,81.676732,26.057138,58.133825,35.149989,91.39362,67.398534,,87.5,39.604167,,,87.60575,78.332932,36.05,,27.281352,227.07,,97.691173,,86.405323,71.856101,80.94,25.893853,36.825101,47.4901,34.19,
2014-08-22,,,46.913106,,90.288167,30.454952,44.963613,42.085879,15.627462,57.963706,18.298738,,49.920484,130.841,47.475,,24.270899,62.84,88.732882,75.38716,61.050387,34.848648,34.848648,,38.932652,,55.828041,81.491692,81.491692,26.057138,58.172305,34.848648,91.316184,66.684096,,86.37,39.613468,,,87.177476,77.58778,36.52,,27.178262,227.25,,97.412467,,86.178097,71.402793,81.1,25.81987,36.402276,47.2022,34.31,
2014-08-25,,,47.218605,,91.255331,30.703564,45.230912,42.334511,15.685992,58.423735,18.833008,,50.053075,131.665,48.085,,24.353486,62.77,88.752173,75.551297,61.572591,35.140269,35.140269,,39.207226,,56.676877,81.787756,81.787756,26.153626,58.114585,35.140269,92.545478,67.041315,,86.4,39.780888,,,88.69071,78.369729,36.01,,27.286038,227.28,,97.979489,,86.187976,71.952609,80.97,25.958587,36.834934,47.4809,34.9,
2014-08-26,,,46.970387,,90.112319,30.474076,45.345469,42.506642,15.744522,58.347063,18.718521,,50.176195,133.971,48.96,,24.358344,62.93,88.646068,75.879571,61.477645,35.062503,35.062503,,39.387119,,57.02812,81.241887,81.241887,26.375698,57.402703,35.062503,92.100222,67.330952,,87.01,39.864598,,,88.129195,78.434125,36.32,,27.103288,227.82,,98.479238,,86.178097,71.508912,81.55,26.004826,36.598939,47.5645,34.75,
2014-08-27,,,47.333166,,89.926701,30.722688,45.545944,42.650084,15.734767,59.247954,18.593732,,50.441377,132.185,48.82,,24.465222,62.96,88.154126,75.454746,61.980859,35.227755,35.227755,,39.387119,,56.989093,81.463936,81.463936,26.317805,57.485323,35.227755,91.77112,67.176479,,86.55,39.827394,,,87.777059,78.424926,36.56,,27.122032,226.0,,98.431185,,86.237373,71.402199,81.78,26.1158,37.155634,47.453,34.76,
2014-08-28,,,47.495463,,89.408927,30.722688,45.440934,42.812651,15.695747,59.890079,18.545736,,50.375082,131.91,49.19,,24.606106,62.96,88.684652,75.78302,61.942592,35.276358,35.276358,,39.415523,,57.05739,81.288148,81.288148,26.337103,57.660287,35.276358,92.003427,67.079933,,88.16,39.911104,,,88.110161,78.434125,37.39,,27.178262,223.0,,98.373522,,86.029906,71.373167,81.08,25.921596,37.480782,47.3601,35.06,
2014-08-29,,,47.600478,,90.522631,30.789622,45.612769,42.860465,15.783542,60.302188,18.795316,,50.555027,130.801,49.18,,24.62068,,88.183064,77.00922,62.153053,35.179151,35.179151,,39.500736,,57.467173,81.797008,81.797008,26.317805,58.029655,35.179151,92.535798,67.282679,,88.41,40.069223,,,88.024506,78.728506,36.97,,27.3985,220.98,,98.604175,,86.039785,71.693108,82.52,26.125048,37.500488,49.0041,35.02,
2014-09-02,,,47.791414,,90.083011,30.703564,45.07817,42.688335,15.607952,60.407612,18.430545,,50.536085,130.782,49.165,,24.737273,,88.462796,76.989909,61.980857,34.741721,34.741721,,39.424991,,57.125687,81.695236,81.695236,26.578472,57.854691,34.741721,92.32285,67.128206,,89.77,40.171535,,,88.014989,78.645712,36.22,,27.68434,223.07,,98.661838,,86.741223,70.878739,82.53,26.273012,37.805931,49.4685,35.32,
2014-09-03,,,47.667305,,89.829008,30.999986,45.922726,42.525767,15.247018,60.829305,18.296156,,50.706559,131.429,49.035,,24.844151,,87.681476,76.777497,61.980857,34.819486,34.819486,,39.557544,,57.174471,81.2974,81.2974,26.578472,57.708888,34.819486,90.919326,67.05097,,90.35,40.199438,,,88.901615,78.562917,35.7,,27.646853,219.94,,98.402353,,85.802679,70.772026,81.4,25.912348,37.234457,48.5211,34.73,
2014-09-04,,,47.92507,,89.966205,31.028672,44.502336,42.315386,15.149469,59.985918,18.334552,,50.649735,129.153,48.83,,24.688693,,86.572194,76.420257,62.114787,34.508424,34.508424,,39.642757,,56.99885,81.075351,81.075351,26.481885,57.913012,34.508424,93.939323,66.761333,,88.83,40.12503,,,88.038958,78.185741,35.47,,27.553135,219.31,,98.046763,,86.020026,70.03524,81.06,25.801374,36.840338,48.419,34.91,
2014-09-05,,,48.077819,,90.368015,31.086044,45.135753,42.592707,15.168979,59.640896,18.612931,,50.971741,129.016,49.01,,24.815002,,87.372806,76.960944,62.373081,34.693117,34.693117,,39.614353,,57.389119,81.577476,81.577476,26.578472,58.126857,34.693117,94.578168,67.137861,,89.22,40.357557,,,87.943107,78.608914,35.29,,27.62811,217.05,,98.709891,,85.832318,69.948046,81.32,25.995578,37.332987,48.5211,35.07,
2014-09-08,,,48.240115,,88.858778,31.239036,44.665489,41.492985,15.334813,59.717568,18.392148,,50.678147,126.897,48.895,,24.703267,,88.684652,77.250597,61.646033,34.333452,34.333452,,39.557544,,56.793958,81.354307,81.354307,26.897033,58.107416,34.333452,93.890925,66.742024,,89.91,40.450569,,,88.048543,77.275,36.25,,27.381641,216.88,,97.998711,,85.367985,69.628105,81.56,25.921596,37.756666,48.4004,35.72,
2014-09-09,,,48.173287,,88.486369,31.06692,44.224017,41.330417,15.422608,59.660064,18.219362,,50.35614,124.866,50.5,,24.465222,,87.536787,76.729221,61.531235,34.537586,34.537586,,39.709033,,56.676877,81.689061,81.689061,27.022517,57.485323,34.537586,93.765092,66.288259,,89.69,40.599387,,,87.626799,77.11861,36.73,,27.111474,215.69,,97.316362,,84.133059,68.047819,80.4,25.73664,37.667989,47.7131,36.61,
2014-09-10,,,48.373771,,88.760775,31.038234,43.945697,41.521673,15.295793,60.100926,18.056174,,50.412965,128.712,51.09,,24.51866,,88.549609,76.729221,61.646033,34.600771,34.600771,,39.926798,,56.745175,81.568177,81.568177,27.061113,57.524204,34.600771,93.348875,66.577896,,91.61,40.79471,,,87.981447,77.449789,36.77,,27.163611,215.84,,97.143372,,85.150638,68.542246,80.48,25.81987,38.249316,47.7316,37.06,
2014-09-11,,,48.612441,,89.211586,31.076482,44.080058,42.191069,15.412853,60.583276,18.171365,,50.450848,129.359,51.335,,24.562383,,89.099427,76.574739,61.885193,34.751441,34.751441,,40.00786,,56.979336,81.707658,81.707658,27.119105,57.388121,34.751441,94.267156,66.548932,,90.96,40.65352,,,87.847256,77.73497,37.69,,27.206269,217.47,,97.191425,,85.367985,69.395357,80.88,25.81987,38.239463,47.9731,37.32,
2014-09-12,,,48.125553,,88.202162,30.92349,43.369864,41.502548,15.256773,59.695751,17.883388,,49.996251,128.633,50.77,,24.275757,,89.388805,75.947157,61.119879,34.333452,34.333452,,39.540545,,56.315878,80.83358,80.83358,26.858437,57.427002,34.333452,93.956203,65.892422,,89.89,40.625282,,,87.09962,77.293399,37.16,,27.206269,217.76,,95.817117,,84.864135,69.608684,80.04,25.644162,37.697548,47.6109,37.37,
2014-09-15,,,48.268755,,89.250787,30.933052,43.379461,41.598176,15.178734,60.31316,17.86419,,50.365611,128.937,51.115,,24.314622,,89.340575,75.976122,60.966817,34.44038,34.44038,,39.578693,,56.462229,81.661164,81.661164,26.742552,57.378401,34.44038,93.888183,66.017931,,90.0,41.670093,,,87.415928,77.458988,36.4,,27.272626,218.47,,95.845949,,85.901473,73.680529,79.48,25.875357,37.73696,44.5551,36.69,
2014-09-16,,,48.937033,,90.662022,30.952176,43.686572,41.693804,15.042164,61.268215,17.892987,,50.365611,131.714,51.34,,24.683835,,90.662067,76.603705,61.100746,34.547307,34.547307,,39.712212,,56.930553,81.400801,81.400801,26.829441,57.893572,34.547307,95.520683,66.336532,,90.59,41.754808,,,88.729084,78.029351,36.06,,27.310544,225.76,,96.874277,,86.089182,75.09594,79.91,26.245269,38.505493,43.3755,36.8,
2014-09-17,,,48.879752,,89.995606,30.607944,44.032072,41.215664,14.8178,60.901628,18.056174,,48.139978,132.832,51.055,,24.562383,,90.440211,76.439568,60.077139,34.430659,34.430659,,39.683601,,55.925609,81.093944,81.093944,26.877735,57.757489,34.430659,94.869626,65.631748,,90.82,41.990125,,,88.997466,78.102947,35.84,,27.030898,222.81,,95.826728,,86.099062,74.649964,79.52,26.097304,37.865049,42.0752,36.83,
2014-09-18,,,49.700779,,90.897228,32.013557,43.878517,41.502548,14.408091,61.123509,18.286556,,48.509338,134.883,51.835,,24.761564,,90.835694,77.115426,60.163237,34.809766,34.809766,,39.855267,,56.04269,81.484489,81.484489,27.119105,57.854691,34.809766,95.170861,66.124131,,90.44,42.112491,,,89.49589,77.937357,35.25,,27.258407,223.51,,96.316865,,86.721465,74.54335,79.56,26.300756,38.209904,41.843,37.27,
2014-09-19,,,49.347547,,91.210835,32.137863,44.406364,41.177413,13.988627,61.904918,17.998579,,48.566163,132.411,51.7,,24.542951,,90.53667,76.565084,59.943209,34.673676,34.673676,,40.10323,,55.525583,80.489529,80.489529,26.703957,57.738048,34.673676,94.704433,65.892422,,89.78,42.347809,,,89.898463,78.700908,34.45,,27.248927,221.17,,96.288034,,86.919053,74.242829,79.36,25.866109,37.943873,42.7253,36.58,
2014-09-22,,,49.12797,,90.867827,32.061367,44.262406,40.919217,13.803283,63.014325,17.614609,,48.064211,129.693,50.875,,24.431215,,90.035082,74.798198,59.589252,34.051552,34.051552,,40.26536,,55.310934,80.015295,80.015295,26.491583,58.28238,34.051552,93.771575,64.869037,,92.38,42.686666,,,89.697177,79.160878,33.99,,27.485916,217.87,,95.634517,,86.346047,74.058633,80.31,25.792127,37.313281,43.1062,35.83,
2014-09-23,,,48.469239,,89.280188,31.688449,43.2451,40.718398,13.335044,61.547978,17.528216,,47.742205,129.153,50.205,,24.290331,,89.18624,73.658894,58.948301,33.662725,33.662725,,39.950638,,54.686503,79.55036,79.55036,26.308107,57.981054,33.662725,93.907617,64.212527,,90.53,42.187792,,,89.074147,77.867126,33.34,,27.049857,217.14,,94.961779,,85.367985,73.302426,78.76,25.607171,36.68269,42.5396,35.22,
2014-09-24,,,49.12797,,90.250412,32.032681,43.9361,41.091347,13.491124,62.647738,17.969781,,47.780088,129.712,51.0,,24.635254,,90.874277,74.064409,59.64665,34.279988,34.279988,,40.313045,,55.428015,80.284957,80.284957,26.472285,58.554546,34.279988,94.461501,64.724219,,91.68,43.016111,,,89.620496,78.602424,33.81,,27.575971,221.81,,96.009328,,86.899294,74.174957,79.54,25.912348,37.677842,42.5396,36.04,
2014-09-25,,,48.192381,,88.378566,31.411152,43.187516,40.527142,13.217985,61.692683,17.624209,,47.467552,126.485,50.475,,24.280615,,89.639599,73.176138,59.0057,33.769652,33.769652,,39.84573,,54.842611,79.485269,79.485269,25.883359,58.058815,33.769652,93.013629,63.835999,,89.53,42.460761,,,88.824934,77.904356,33.48,,27.381641,219.01,,94.394757,,85.713765,72.594671,78.37,25.644162,37.224604,41.6293,35.32,
2014-09-26,,,48.564707,,88.270763,31.784069,43.456239,40.756649,12.9546,61.789154,17.585812,,47.619085,128.162,50.855,,24.392351,,89.909685,73.787798,59.072665,33.632974,33.632974,,40.246286,,54.998719,79.661944,79.661944,25.825367,58.27266,33.632974,93.450906,64.096672,,90.53,43.119651,,,89.265848,77.466901,34.63,,27.637588,220.19,,94.692684,,85.4569,71.809433,79.0,25.792127,37.185192,41.9637,35.43,
2014-09-29,,,48.975221,,88.368766,31.535458,43.293086,40.976594,12.847296,61.827742,17.566613,,47.950562,127.937,51.12,,24.678977,,91.154009,74.001394,59.130063,33.388903,33.388903,,40.293971,,54.920665,79.568957,79.568957,25.950951,58.651748,33.388903,94.072811,64.4732,,91.33,43.336144,,,89.285018,76.936369,33.98,,27.79874,222.88,,94.606189,,85.308709,71.954788,80.03,25.930844,38.278875,41.7036,35.36,
2014-09-30,,,48.784284,,88.417767,31.592829,42.573294,40.86184,12.925335,62.039976,17.624209,,47.780088,127.672,51.175,,24.965603,,92.05108,73.583911,58.929168,33.452362,33.452362,,40.684989,,55.027989,79.299295,79.299295,25.583998,58.233779,33.452362,93.499492,64.589055,,91.67,43.242017,,,89.227508,77.625129,33.18,,27.964632,221.76,,95.134769,,86.108941,72.168116,80.5,25.884605,38.79123,41.23,36.33,
2014-10-01,,,48.116006,,86.849728,31.631077,42.007058,40.374138,12.710726,61.326097,17.499418,,47.334961,126.119,51.145,,24.805286,,90.990029,72.214953,58.020358,32.949576,32.949576,,40.761286,,54.471855,77.774309,77.774309,25.120655,58.087976,32.949576,92.799849,63.343616,,90.53,43.082,,,88.805764,77.690282,32.91,,27.836658,214.97,,94.077609,,84.231853,70.364891,80.49,25.875357,39.402116,40.5241,35.5,
2014-10-02,,,48.240115,,86.08531,31.334656,41.863099,40.259384,12.427832,61.355038,17.35543,,47.486494,127.839,51.5,,25.077338,,90.5849,72.079028,58.087323,33.037441,33.037441,,40.684989,,54.471855,78.350828,78.350828,25.294433,58.136577,33.037441,91.517171,65.168329,,90.55,42.799619,,,88.738669,78.379042,33.66,,27.779781,216.48,,93.943061,,83.382224,70.161274,82.45,26.116489,40.229767,41.4993,35.58,
2014-10-03,,,48.793831,,87.496544,31.870127,42.304572,40.594082,12.564402,62.454798,17.509018,,47.79903,130.758,51.65,,25.164783,,90.372689,72.943122,58.536945,33.437717,33.437717,,41.009249,,54.930422,78.787867,78.787867,25.419918,58.583707,33.437717,93.810444,66.153095,,92.03,43.477335,,,89.620496,78.658269,34.3,,28.173182,217.72,,94.817621,,85.861956,71.751271,83.83,26.292701,41.086977,41.2671,36.17,
2014-10-06,,,48.297396,,86.92813,32.214359,42.074238,40.68971,13.07166,62.406563,17.557014,,47.912679,130.984,51.1275,,24.975319,,90.189417,72.96254,58.307351,33.603686,33.603686,,41.581471,,54.9353,78.564698,78.564698,25.371624,58.321261,33.603686,94.199135,65.82484,,92.37,43.778541,,,89.49589,78.714115,34.25,,28.140004,215.45,,94.663852,,85.338347,71.392488,83.75,26.348347,40.909624,41.2392,36.53,
2014-10-07,,,47.32362,,85.918706,31.831879,40.836196,40.460203,12.97411,61.904918,17.595411,,47.524377,137.374,50.6,,24.64497,,89.330929,71.603291,57.570736,33.115544,33.115544,,41.886656,,54.213302,77.681322,77.681322,25.033766,58.214339,33.115544,93.616099,65.033165,,92.43,43.345557,,,89.237093,78.164968,33.91,,28.045208,210.44,,93.462534,,83.994747,70.956223,83.85,25.9681,40.446533,40.7841,36.06,
2014-10-08,,,45.843861,,87.359341,32.376913,41.58478,41.069062,12.827786,62.898561,17.710602,,47.887231,141.139,51.27,,25.014183,,90.768172,71.661544,58.46998,33.574397,33.574397,,42.487489,,55.223124,79.104023,79.104023,25.632291,58.710069,33.574397,94.92793,66.275778,,96.47,44.05151,,,90.04224,79.170186,34.55,,28.476527,216.23,,94.884894,,86.642429,72.963064,84.79,26.6544,40.909624,41.3786,36.61,
2014-10-09,,,44.994194,,86.692925,32.367351,40.346737,40.346524,12.496117,61.991741,17.259437,,47.638962,140.736,50.155,,25.077338,,90.121895,70.545018,58.039491,32.851947,32.851947,,41.838971,,54.862125,77.718517,77.718517,25.130254,58.194898,32.851947,93.120519,65.741844,,95.47,43.646763,,,89.687592,78.109123,33.79,,28.059428,213.47,,94.058388,,85.338347,71.353747,84.61,26.237055,40.357856,39.7437,35.17,
2014-10-10,,,44.259088,,85.007283,32.032681,39.866876,40.645173,12.486362,62.15574,16.961861,,47.562572,137.777,49.355,,25.150209,,89.919331,69.778014,57.685533,32.695742,32.695742,,42.411193,,54.510882,77.513945,77.513945,25.178548,58.787831,32.695742,91.478302,65.644765,,94.84,43.976208,,,90.72278,78.444195,32.59,,28.253758,213.7,,93.904619,,84.79498,71.033805,83.75,26.24633,39.825794,40.4108,33.52,
2014-10-13,,,42.731596,,83.321642,31.698011,38.811181,40.404327,12.388812,61.538331,17.077052,,47.056486,136.067,48.465,,24.985035,,88.97403,69.214896,57.111548,32.197837,32.197837,,42.029711,,54.052315,77.737114,77.737114,25.931554,58.253219,32.197837,89.81665,65.188494,,92.92,43.345557,,,90.04224,78.248736,31.94,,27.874577,219.7,,93.616303,,83.224153,69.666847,83.25,26.487462,38.761671,40.5799,32.94,
2014-10-14,,,41.127729,,82.959033,32.109177,38.859167,40.741511,12.9546,61.818095,17.240239,,47.285657,136.293,49.095,,25.252228,,89.350221,69.923648,57.580303,32.022106,32.022106,,41.619619,,54.676747,77.969581,77.969581,26.385396,57.874131,32.022106,90.176189,65.508854,,94.48,43.467922,,,89.150827,77.895049,31.97,,27.680246,222.27,,94.164104,,83.342706,69.259712,82.0,26.58948,38.939025,40.7678,33.61,
2014-10-15,,,41.032261,,81.939808,32.147425,38.398501,40.423594,13.05215,59.946573,17.269037,,46.894156,137.236,49.2,,24.698409,,89.292345,69.535291,57.312443,31.895189,31.895189,,41.2286,,53.730815,78.69488,78.69488,26.481885,57.077074,31.895189,88.417364,64.508942,,91.42,42.856095,,,87.962277,77.792665,31.67,,27.177831,222.82,,93.56825,,82.048503,66.273626,79.0,26.31125,38.278875,40.0632,33.22,
2014-10-16,,,41.213651,,82.165214,31.831879,38.398501,40.076776,13.315534,59.66681,17.10585,,46.655436,135.634,49.345,,24.317984,,87.864748,69.583835,57.15938,31.338707,31.338707,,40.589619,,53.592867,78.471711,78.471711,26.182622,56.377219,31.338707,88.631144,64.227413,,90.83,42.517238,,,87.022939,79.356337,31.68,,27.049857,224.66,,94.067998,,81.090201,65.944073,79.29,26.329799,36.574307,40.8336,33.23,
2014-10-17,,,42.483379,,84.007659,32.176111,39.454195,40.500665,13.198475,60.86304,17.499418,,47.066034,135.369,50.115,,24.469178,,88.752173,69.952774,58.278652,31.846375,31.846375,,40.894804,,54.184074,78.722776,78.722776,26.134328,56.950711,31.846375,97.396114,65.139955,,92.11,42.978461,,,87.713065,80.045097,32.02,,27.718164,220.54,,94.817621,,83.036444,67.82488,79.05,26.301976,37.007839,39.941,34.22,
2014-10-20,,,43.342593,,85.242489,32.768955,40.221974,41.184668,13.695978,62.589856,17.787396,,47.667609,140.598,51.03,,25.108099,,89.919331,71.185807,59.082231,32.158786,32.158786,,41.285823,,55.06103,79.931607,79.931607,26.568774,57.708888,32.158786,94.276873,65.955418,,95.33,43.693827,,,89.668421,80.910701,34.87,,28.026249,221.76,,97.095319,,84.044144,68.08656,80.04,26.496736,37.786225,40.5893,35.12,
2014-10-21,,,43.628998,,86.320515,32.549029,39.972446,41.329175,13.588673,63.052913,18.056174,,48.183244,142.181,51.76,,25.610456,,90.922507,72.302333,59.024833,32.441908,32.441908,,38.796657,,55.612823,80.824282,80.824282,26.752251,59.059997,32.441908,97.522438,66.110744,,98.36,44.25859,,,89.840953,81.394695,36.34,,28.926805,224.28,,98.402353,,85.614971,69.647426,80.73,26.756417,38.436522,41.0309,35.72,
2014-10-22,,,43.686279,,86.663524,32.663773,39.655737,41.348443,14.037402,63.120442,18.046575,,48.316927,142.653,51.155,,25.629965,,90.854986,72.273206,59.350091,33.086255,33.086255,,38.739434,,55.731064,80.945165,80.945165,26.337103,58.826712,33.086255,97.104596,66.285486,,98.19,44.296241,,,90.540664,81.534308,35.87,,29.078478,219.81,,97.768057,,85.861956,68.522826,79.63,26.403993,37.983285,40.4296,35.15,
2014-10-23,,,43.476248,,86.281315,32.529905,40.500293,41.396612,14.203237,64.586789,18.286556,,48.230988,141.552,51.3,,25.605578,,90.527024,72.816906,59.063098,33.301038,33.301038,,38.968323,,55.711357,82.079606,82.079606,26.559175,58.768391,33.301038,97.813956,66.236946,,97.63,44.36213,,,89.869708,81.552923,36.22,,28.907846,223.06,,97.787279,,86.148459,69.162709,79.9,26.580205,37.756666,40.5142,35.59,
2014-10-24,,,43.514436,,87.222138,32.702021,40.673043,41.589289,14.232502,64.442084,18.094571,,48.727526,142.771,51.25,,25.625087,,90.79711,73.758671,59.254427,33.554872,33.554872,,39.130453,,55.997107,82.237684,82.237684,26.76185,58.972515,33.554872,100.466769,67.00387,,97.89,44.700988,,,90.674855,81.962457,35.81,,29.173273,224.39,,98.354301,,87.215435,70.995064,80.57,26.357622,38.170492,40.8524,36.15,
2014-10-27,,,42.59794,,87.72195,32.568153,40.673043,42.032446,13.774018,65.52255,17.796995,,48.85166,140.844,51.38,,25.62021,,91.481971,72.846033,59.407489,33.906334,33.906334,,38.872953,,56.085788,82.98158,82.98158,26.91633,59.234961,33.906334,98.649641,67.13978,,97.89,44.842178,,,90.694025,81.943841,35.68,,29.410262,225.12,,99.123144,,87.225314,70.06437,80.97,26.283427,38.22961,40.4202,36.06,
2014-10-28,,,43.619451,,89.133184,32.816765,41.565585,42.138418,14.008137,65.503256,18.008178,,49.061734,144.167,52.37,,25.849441,,92.14754,73.690709,60.029307,34.453053,34.453053,,38.682212,,56.410951,84.227605,84.227605,27.823817,59.322443,34.453053,99.990623,67.731962,,97.45,44.738638,,,91.30747,82.157916,36.74,,29.396042,229.54,,99.863156,,88.766502,71.353747,83.5,26.747143,38.781377,41.0591,36.93,
2014-10-29,,,43.74356,,88.662773,32.335157,41.268071,41.859037,13.822793,65.329609,17.931384,,48.603391,145.356,52.955,,25.883582,,90.729588,73.739253,59.761447,34.10159,34.10159,,39.063693,,56.075934,84.041631,84.041631,27.708031,59.507127,34.10159,100.029492,67.295107,,98.65,44.776289,,,90.761121,81.822843,36.29,,29.490838,229.5,,98.52729,,88.094703,70.675122,83.3,26.487462,38.387258,40.5423,36.95,
2014-10-30,,,44.469118,,89.064583,32.681915,41.392835,42.302193,14.047157,66.506546,17.98898,,49.128575,147.43,53.33,,26.039654,,91.462679,74.098483,61.263376,34.321254,34.321254,,39.483323,,55.336926,83.948644,83.948644,28.287259,59.516847,34.321254,100.641679,67.819333,,99.1,44.7104,,,91.681288,82.232376,36.83,,29.580893,231.38,,99.017428,,88.331808,70.694543,83.31,26.914081,39.037555,40.4108,37.0,
2014-10-31,,,44.870085,,90.818826,33.086465,41.603974,42.552673,14.349561,66.805603,18.23856,,49.615564,149.17,54.125,,26.293271,,92.514085,75.001413,61.186844,34.423764,34.423764,,39.941101,,55.524142,85.073787,85.073787,28.7603,59.779292,34.423764,96.502126,68.654211,,100.88,45.501068,,,92.179712,82.846676,37.5,,29.817882,249.0,,99.949651,,90.436123,72.109954,85.17,27.498363,39.756823,41.8108,37.23,
2014-11-03,,,45.108756,,90.887427,33.182787,41.229682,42.706815,13.608183,67.07572,18.065774,,50.28398,149.317,54.17,,26.385939,,92.919214,75.409188,61.320774,34.570207,34.570207,,39.874341,,55.957693,84.376384,84.376384,28.374148,60.381945,34.570207,97.425266,69.052235,,101.23,46.047006,,,91.85382,83.014212,37.92,,30.339256,246.4,,100.016925,,90.831299,72.27473,84.9,27.322151,40.229767,42.8725,37.17,
2014-11-04,,,47.294979,,90.769825,33.086465,40.778613,42.832054,13.656958,67.866775,17.979381,,50.474956,149.524,53.395,,26.488361,,91.867808,76.166484,60.938117,34.199219,34.199219,,39.883878,,56.282857,84.701839,84.701839,26.83914,60.177821,34.199219,95.627572,69.518214,,100.04,46.517642,,,92.716477,83.256209,38.19,,30.509888,246.66,,100.247578,,91.236355,72.022661,85.77,27.303602,40.426827,42.7785,36.52,
2014-11-05,,,48.030085,,91.083432,33.10573,40.490696,43.227042,13.656958,66.564428,17.960182,,50.770969,147.902,52.83,,26.595661,,92.166832,76.302408,61.072047,36.26894,36.26894,,40.351193,,56.814943,84.859917,84.859917,28.769998,60.255583,36.26894,95.996828,70.479295,,99.17,46.828261,,,92.869838,83.675049,37.23,,30.699478,252.14,,101.237464,,91.48334,71.896626,85.13,27.312877,40.850506,42.0551,36.24,
2014-11-06,,,47.705493,,91.446041,33.471752,41.13371,43.053633,13.910587,67.471248,18.641728,,50.866457,150.458,53.92,,26.600538,,93.391864,77.360681,61.73213,36.942576,36.942576,,40.332119,,57.416002,85.864176,85.864176,29.194745,60.245863,36.942576,96.045415,70.741408,,100.48,46.64942,,,92.793158,81.441233,37.67,,30.528847,258.44,,101.679549,,92.402126,74.698416,85.49,27.368523,40.919477,41.5571,37.46,
2014-11-07,,,48.259209,,91.720448,33.346533,40.999349,42.485236,14.066667,67.480895,18.574534,,49.042636,150.3,53.84,,26.542011,,93.015673,77.516024,60.899852,36.864473,36.864473,,40.36073,,57.021865,84.339189,84.339189,28.856887,60.343065,36.864473,95.608138,70.634621,,108.39,46.941214,,,92.783572,82.018302,37.28,,30.609423,258.9,,100.756936,,92.431764,74.824451,80.16,27.006824,40.505651,39.5182,36.93,
2014-11-10,,,48.469239,,92.21046,33.259844,40.903377,42.764618,15.998151,67.98254,18.862511,,48.574745,152.728,54.6025,,26.56152,,93.160362,78.215066,61.129446,37.001153,37.001153,,40.427489,,57.061279,85.231864,85.231864,29.349226,60.401386,37.001153,96.511843,70.896734,,107.76,46.941214,,,92.946519,82.297529,37.37,,31.031262,266.07,,101.208632,,92.738025,74.310702,80.02,27.257231,40.14109,39.1048,36.0,
2014-11-11,,,48.803378,,92.269261,32.941983,40.836196,42.764618,15.871336,67.278307,18.420946,,48.670233,152.06,52.775,,26.70296,,93.054257,77.962634,60.985949,36.874236,36.874236,,40.541934,,57.031718,86.291916,86.291916,28.943776,60.168101,36.874236,96.45354,71.081184,,107.01,46.385864,,,92.687722,81.990379,36.91,,30.836932,265.66,,100.64161,,92.708387,73.884047,81.16,27.322151,40.052413,37.9585,36.49,
2014-11-12,,,48.411958,,92.063456,33.37543,41.13371,42.263658,16.36884,68.165833,17.98898,,48.660684,150.133,53.345,,26.654188,,93.179654,77.768456,60.918984,37.020679,37.020679,,40.732675,,56.617874,87.063708,87.063708,28.963074,60.343065,37.020679,96.793644,71.090892,,107.91,46.432927,,,93.128635,81.813535,37.14,,30.86537,266.51,,97.063843,,92.886217,73.060067,83.76,27.312877,39.28388,37.921,36.04,
2014-11-13,,,48.507426,,92.357463,33.452487,41.008946,42.24439,16.261535,68.214068,18.008178,,48.698879,151.293,53.83,,26.907805,,93.218238,77.516024,61.033781,37.323327,37.323327,,40.808971,,56.785382,86.673163,86.673163,28.963074,60.362505,37.323327,96.832513,71.120016,,108.16,46.54588,,,94.451376,81.776305,36.22,,30.86537,262.83,,96.570691,,92.244055,73.728981,83.25,27.164488,40.574622,37.5921,36.14,
2014-11-14,,,49.022955,,91.475442,33.452487,40.586668,42.148052,16.203005,67.6256,17.921785,,48.527001,151.647,54.135,,26.581029,,92.658774,78.00147,61.043348,37.254987,37.254987,,40.751749,,56.57846,86.003656,86.003656,28.71072,59.866774,37.254987,97.833391,70.421048,,107.92,45.915228,,,93.6654,80.305709,36.19,,30.566765,262.8,,96.918798,,91.759964,73.176392,82.5,26.849161,40.062266,37.1223,36.56,
2014-11-17,,,49.633952,,92.161459,33.664395,41.508002,42.928393,16.242025,68.252656,18.574534,,49.033087,151.873,54.205,,26.878541,,93.276113,79.244211,62.315682,37.460006,37.460006,,40.932952,,57.135179,86.4035,86.4035,28.749513,60.372225,37.460006,97.852825,70.391924,,110.07,46.169371,,,94.336355,81.255081,36.33,,30.6663,257.71,,98.166182,,93.123322,75.37714,82.13,26.923355,42.397425,36.6431,36.53,
2014-11-18,,,49.883322,,92.20066,34.338646,41.872696,42.928393,16.50541,68.397361,18.670526,,49.262258,154.429,53.705,,26.878541,,93.092841,78.972362,62.755738,37.777299,37.777299,,41.514711,,57.366735,85.938565,85.938565,28.846595,60.692992,37.777299,99.174373,70.382216,,109.75,46.376451,,,93.876272,81.096853,36.08,,30.950686,257.76,,98.601315,,92.649111,74.000471,80.73,26.979001,42.023012,36.5962,36.74,
2014-11-19,,,50.084735,,92.21046,34.261589,42.056095,43.188507,16.622469,68.667478,18.593732,,49.577369,151.333,53.705,,26.966332,,92.639482,79.71024,63.033164,38.172694,38.172694,,42.172767,,57.514537,85.631708,85.631708,28.749513,61.091521,38.172694,99.737974,70.673453,,110.3,46.254086,,,94.32677,80.817626,35.54,,31.206634,254.15,,98.301557,,93.16284,72.555929,80.51,26.682223,42.54522,36.2015,36.9,
2014-11-20,,,50.420424,,91.994855,34.232692,42.442196,43.0729,16.749808,69.227005,18.833713,,49.310002,140.077,53.07,,26.741978,,91.916038,79.263629,62.794003,38.006725,38.006725,,42.201378,,57.672192,85.659605,85.659605,28.788405,61.373407,38.006725,98.737096,70.236598,,110.19,45.962292,,,93.991292,79.868253,35.88,,30.903288,253.82,,97.769726,,92.747905,72.769157,78.63,26.561657,41.934335,36.7277,36.14,
2014-11-21,,,50.554699,,92.259461,34.203796,42.200883,43.188507,16.759604,69.439239,19.006499,,49.510527,137.983,53.395,,26.498116,,93.405051,79.952963,62.631374,38.075065,38.075065,,42.439804,,58.352079,85.808384,85.808384,28.836897,61.762215,38.075065,99.436739,70.382216,,109.45,46.348213,,,94.786854,80.975854,36.78,,30.945946,254.36,,97.94378,,92.629352,73.302426,79.74,26.635851,41.638745,37.6485,35.83,
2014-11-24,,,50.784886,,92.916077,34.146003,42.326366,42.957294,16.700832,70.124178,18.74732,,49.176319,136.037,53.335,,26.400571,,93.618459,80.15685,62.296549,38.065302,38.065302,,42.220452,,58.105743,86.608072,86.608072,29.458085,61.674733,38.065302,98.212364,70.479295,,108.79,46.357626,,,94.585567,80.510476,37.1,,30.737397,260.48,,97.315253,,93.093684,74.481225,80.26,26.941904,40.643593,37.6579,35.28,
2014-11-25,,,50.765703,,93.42569,34.203796,42.345671,43.005464,16.60288,70.674058,18.49774,,49.319551,137.551,54.285,,25.030062,,94.025876,80.418991,62.315682,37.840757,37.840757,,42.373044,,58.076183,86.747552,86.747552,29.331907,61.771935,37.840757,98.523316,70.7317,,110.45,46.555293,,,94.825194,80.324324,38.54,,30.784794,262.12,,97.847083,,92.99489,74.685833,80.21,26.969727,40.801241,38.0525,35.1,
2014-11-26,,,51.005481,,93.210084,34.531289,42.278103,42.822421,16.475543,70.317118,18.74732,,49.510527,139.635,56.295,,25.712878,,95.62644,80.486953,62.58557,38.075065,38.075065,,42.531494,,58.4112,88.021474,88.021474,29.370701,61.708135,38.075065,100.486203,70.702577,,110.39,46.800023,,,95.227768,80.603551,40.37,,30.903288,264.33,,97.789066,,93.617293,74.529974,81.45,27.164488,41.551879,38.184,36.01,
2014-11-28,,,50.525926,,95.111331,35.176644,42.413238,43.622029,16.700832,71.387937,18.718522,,50.369919,139.723,56.61,,25.888459,,97.275506,80.807348,63.857909,38.270322,38.270322,,43.050053,,59.288156,87.314773,87.314773,29.390097,61.973145,38.270322,100.904045,72.15876,,112.15,47.30831,,,95.946649,80.910701,40.0,,31.239812,262.97,,99.181494,,95.237516,75.358017,80.95,27.025373,41.818554,37.5733,36.63,
2014-12-01,,,50.314922,,93.670696,35.07069,41.998179,43.410085,16.681242,70.452176,18.382549,,50.255334,136.647,57.165,,25.771405,,97.197903,80.506371,63.703686,38.055539,38.055539,,42.78117,,59.04182,87.045111,87.045111,29.118346,62.081112,38.055539,100.981784,71.751029,,111.3,47.345961,,,95.53449,80.510476,40.0,,31.116578,260.02,,99.384556,,93.587655,73.89673,81.05,26.765692,40.801239,37.3196,36.22,
2014-12-02,,,51.130165,,94.393397,35.465608,42.982738,42.880224,16.661652,70.992409,18.36335,,50.656383,135.497,56.625,,25.732387,,97.459814,81.050071,64.175994,37.967674,37.967674,,42.771567,,59.219182,87.984279,87.984279,29.409593,62.385383,37.967674,99.961471,71.731613,,109.58,47.590691,,,96.224616,81.338849,40.97,,31.216113,264.92,,99.82936,,93.380187,74.578624,82.11,27.173762,40.692594,37.733,35.06,
2014-12-03,,,51.513809,,90.706155,35.301862,42.374628,42.186587,16.681242,69.844414,18.607421,,50.646834,133.599,56.24,,25.722632,,96.897191,81.632606,63.983215,37.752892,37.752892,,42.060949,,59.307863,88.625889,88.625889,29.370701,62.709285,37.752892,99.747691,71.187971,,106.96,48.183692,,,94.859419,81.580846,41.6,,31.49576,263.28,,98.552967,,92.599714,71.792291,83.75,27.183036,40.988899,38.0149,35.75,
2014-12-04,,,50.621837,,89.408246,35.167011,42.11401,42.051713,16.553904,69.574298,18.375433,,50.608639,132.095,57.035,,25.605578,,96.635281,81.263667,63.703686,37.499058,37.499058,,41.77286,,58.825045,88.046573,88.046573,29.118346,62.7191,37.499058,99.0772,70.906442,,106.61,47.948375,,,94.309481,81.115468,41.02,,31.723268,264.1,,97.808405,,93.044287,71.373365,82.55,26.876984,40.198752,37.7049,34.52,
2014-12-05,,,51.072619,,89.742556,35.629355,42.664204,42.051713,16.740013,69.400651,18.63642,,50.723225,131.928,57.665,,25.737264,,96.809888,81.904456,64.002493,37.586923,37.586923,,41.801669,,59.386691,88.046573,88.046573,29.273619,62.512981,37.586923,100.457051,71.187971,,106.69,48.07074,,,94.319129,81.10616,41.49,,31.709049,269.88,,98.359574,,93.943314,72.99061,83.22,27.210859,41.137052,38.0995,34.55,
2014-12-08,,,50.314922,,89.477075,35.677516,42.065747,42.533405,16.740013,69.227005,18.385099,,50.541798,129.461,57.64,,25.810423,,96.635281,81.826784,63.694047,37.33309,37.33309,,41.427154,,59.445811,87.579383,87.579383,29.001867,62.326492,37.33309,99.407587,71.120016,,106.515,47.938962,,,94.338425,80.780395,40.83,,31.723268,271.96,,98.47561,,93.548137,71.94815,83.87,27.312877,40.801239,37.733,34.01,
2014-12-09,,,50.871205,,88.847785,35.619723,42.210535,42.62011,16.847761,68.735007,18.259438,,49.921126,130.729,57.03,,25.498279,,96.033856,81.710277,63.443435,37.6455,37.6455,,40.370828,,59.416251,88.317543,88.317543,29.613357,62.876143,37.6455,99.640801,71.1006,,106.41,47.722469,,,93.711303,80.566321,40.96,,31.585815,280.06,,97.856753,,92.32309,71.704602,82.63,27.3407,40.692594,39.227,34.07,
2014-12-10,,,49.17358,,86.409289,35.446344,42.220188,42.456335,17.386497,68.72536,18.298103,,49.64421,135.89,56.315,,25.078835,,95.62644,80.302484,62.450625,37.206173,37.206173,,39.948298,,58.706803,87.383164,87.383164,29.108648,61.855363,37.206173,97.949998,70.372508,,106.505,47.054167,,,92.794741,79.672794,41.24,,31.126058,278.22,,96.918798,,91.345029,71.490284,83.67,26.895532,40.10986,39.1142,33.61,
2014-12-11,,,48.81871,,87.78586,35.91832,42.741425,42.793519,17.455064,68.919413,18.530092,,50.112102,137.315,56.51,,25.298311,,96.596479,80.846183,64.677218,37.225698,37.225698,,39.881078,,59.179768,87.682165,87.682165,29.448386,62.012406,37.225698,99.476428,71.139432,,108.39,47.261246,,,92.900869,80.017175,42.2,,31.312813,280.37,,97.315253,,91.345029,72.863981,84.27,27.155213,41.216067,39.5746,34.5,
2014-12-12,,,47.811644,,85.11138,35.378919,41.669993,42.148052,17.631377,68.123779,18.298103,,49.749247,133.963,55.13,,24.854481,,95.568238,79.61315,63.260295,36.347043,36.347043,,39.285694,,58.352079,85.869469,85.869469,28.565146,61.394048,36.347043,95.399445,70.3628,,105.11,46.734134,,,91.405425,78.574501,41.39,,30.776487,279.4,,95.884147,,89.685288,70.506284,82.45,26.821338,40.29752,38.9733,33.83,
2014-12-15,,,47.792462,,85.170376,35.311494,40.888138,41.502584,17.396292,67.832693,17.805127,,49.147673,132.164,54.77,,24.752059,,95.577938,79.681113,61.7759,35.800324,35.800324,,38.959194,,57.8397,84.692151,84.692151,28.186614,60.952365,35.800324,93.829124,69.751203,,105.01,46.602356,,,90.826543,76.74091,40.25,,30.3503,277.15,,95.042888,,89.290111,70.184856,81.93,26.366896,40.712348,38.325,33.81,
2014-12-16,,,47.303315,,84.236275,35.20554,40.405511,41.155766,17.327726,67.813287,17.650468,,48.823014,132.803,55.1375,,24.454547,,95.005615,78.855855,61.785539,35.16574,35.16574,,38.786341,,57.967795,84.290368,84.290368,28.176915,60.618648,35.16574,93.097608,69.780327,,106.24,46.432927,,,89.331098,75.754308,40.52,,30.41734,286.82,,95.062227,,88.618311,69.142396,82.49,26.830612,39.102422,38.2592,33.65,
2014-12-17,,,47.610231,,85.730837,35.735309,41.264587,41.598923,18.032981,68.414865,17.969453,,49.835186,134.327,56.725,,24.810586,,97.324008,80.34132,62.49882,35.146214,35.146214,,39.900284,,58.687096,86.691723,86.691723,28.671926,60.648094,35.146214,96.150468,70.848195,,108.56,47.007103,,,90.421326,76.182456,41.86,,30.618463,285.07,,97.034834,,92.036587,71.763061,84.29,27.665301,38.974023,38.9263,34.13,
2014-12-18,,,49.068078,,87.294227,35.234437,42.751077,42.437067,18.052571,70.161379,18.375433,,51.095628,135.27,58.625,,25.376347,,100.670643,80.933564,63.636214,35.712459,35.712459,,40.706932,,62.451111,88.80342,88.80342,28.759211,61.443124,35.712459,98.101178,72.110221,,112.13,48.258994,,,92.003602,78.202198,41.72,,31.331968,297.78,,99.220172,,94.259455,74.676123,86.91,28.455738,39.230821,39.8753,35.13,
2014-12-19,,,50.103917,,86.645273,35.504137,43.243356,42.677913,18.307247,69.530694,18.539758,,51.382092,134.838,58.25,,25.498279,,102.116001,81.836493,64.407328,36.415383,36.415383,,40.284402,,62.579206,88.130667,88.130667,28.361283,60.893473,36.415383,97.876846,74.061507,,111.63,47.590691,,,92.080787,77.299364,41.61,,30.757333,289.33,,99.394226,,93.656811,73.955189,87.18,28.186059,39.724663,39.9786,34.94,
2014-12-22,,,50.56429,,87.628537,35.504137,43.098568,42.87059,18.728441,70.598008,18.723416,,51.926373,137.404,58.71,,25.825055,,101.863791,83.040399,64.436245,36.61064,36.61064,,40.66852,,63.367481,89.121109,89.121109,29.089251,61.884808,36.61064,98.783926,74.333328,,112.13,47.74286,,,93.219254,78.166097,42.24,,31.32239,292.9,,99.742333,,95.731487,74.042879,87.65,28.585928,40.48518,40.2323,35.71,
2014-12-23,,,50.99589,,88.503643,35.571562,43.754941,42.986196,18.581513,71.267505,18.733082,,51.95502,134.228,58.51,,25.971372,,103.444954,83.84624,64.812163,36.688742,36.688742,,41.263903,,63.615941,88.4577,88.4577,29.623055,62.267601,36.688742,99.057026,74.537194,,112.04,48.056708,,,93.933208,78.47699,42.02,,31.432529,290.53,,100.225815,,97.944475,74.831981,87.78,28.362745,40.722224,39.941,35.26,
2014-12-24,,,50.938343,,88.896949,35.504137,43.532932,42.938027,18.571717,71.296614,18.781413,,51.859532,135.31,58.625,,25.888459,,103.09574,83.584099,64.600106,36.737556,36.737556,,41.235094,,63.506618,87.495289,87.495289,29.720138,62.424644,36.737556,99.525196,74.391576,,112.56,47.895029,,,93.672711,78.335675,42.51,,31.341545,292.15,,100.032422,,98.883019,74.286426,87.24,28.567329,39.833308,39.133,35.98,
2014-12-26,,,51.235667,,88.759292,35.504137,43.590848,43.188507,18.836188,70.937608,18.994069,,51.926373,135.093,59.26,,25.849441,,103.221845,84.321977,64.590468,36.864473,36.864473,,41.2543,,63.536434,88.476388,88.476388,30.059876,62.611133,36.864473,99.964105,74.32362,,111.505,48.123281,,,93.634119,78.514674,42.47,,31.466049,295.74,,99.974404,,98.734828,73.955189,87.29,28.455738,39.685156,39.7813,36.12,
2014-12-29,,,50.957525,,88.257827,35.571562,43.774246,43.207774,19.002707,70.743551,19.158394,,51.859532,134.189,59.675,,25.937232,,103.134542,84.23417,64.542273,36.599823,36.599823,,41.158271,,63.422142,90.298427,90.298427,30.118066,62.444274,36.599823,99.447167,74.09916,,111.22,47.771392,,,93.325382,78.38278,42.31,,31.399008,294.48,,99.693985,,98.02351,74.120758,87.95,28.818409,39.73454,40.6551,35.75,
2014-12-30,,,50.727339,,87.264729,35.455976,43.291619,42.957294,18.963526,70.539791,18.96507,,51.897727,131.132,59.07,,25.864073,,102.484616,83.795146,64.214549,36.286166,36.286166,,41.062241,,63.138896,89.569612,89.569612,30.079273,62.24797,36.286166,98.969244,74.021089,,109.58,47.390971,,,92.582484,77.72331,42.61,,31.145211,288.61,,99.113806,,97.648092,72.971189,87.25,28.771913,39.932077,40.4578,35.22,
2014-12-31,,,49.873731,,86.369959,34.945472,42.683509,42.388898,18.983116,69.550099,18.549424,,50.92375,130.144,58.29,,25.410488,,100.816149,82.770755,63.077156,35.604943,35.604943,,40.543682,,62.274252,87.495289,87.495289,29.652249,61.776841,35.604943,98.062164,72.508463,,108.35,46.858381,,,91.23176,76.734104,41.89,,30.776487,289.54,,97.644021,,96.986172,72.600913,85.53,28.502234,39.596264,41.3222,34.99,
2015-01-02,,,49.892913,,86.773097,34.502393,42.355323,42.388898,18.640284,69.472476,18.501093,,50.713676,129.726,56.94,,25.17638,,100.60274,82.692706,63.115711,36.060726,36.060726,,40.466858,,62.254375,86.430097,86.430097,29.089251,61.482385,36.060726,97.476951,72.166902,,108.16,46.573065,,,91.115984,76.329,42.74,,30.560999,280.27,,97.160539,,96.324251,71.957959,84.47,28.158162,39.457988,39.039,34.76,
2015-01-05,,,48.166515,,86.30113,34.126738,42.683509,41.743431,18.366018,69.259013,18.278771,,49.796991,127.515,55.54,,24.727673,,99.894611,80.975633,61.939762,35.521628,35.521628,,40.466858,,61.469239,85.757343,85.757343,28.943677,61.325342,35.521628,95.711559,70.947043,,109.43,46.30677,,,90.430974,75.754319,41.11,,30.264104,288.2,,95.574718,,98.616275,71.519514,85.62,27.730396,38.549319,37.9397,34.47,
2015-01-06,,,47.216996,,85.829163,33.789613,41.525205,41.464049,17.925234,69.356042,18.220774,,49.672857,125.027,55.08,,24.542337,,100.224425,79.678071,62.122902,35.276584,35.276584,,40.774153,,61.479177,84.682807,84.682807,28.701021,61.413679,35.276584,95.340924,70.625,,112.28,46.582576,,,89.745964,76.404369,40.06,,30.379031,293.57,,94.810817,,99.248557,71.178567,84.85,27.191038,38.776486,38.0149,33.85,
2015-01-07,,,47.926737,,87.294227,34.589082,42.162272,43.294479,18.21909,70.365139,18.626754,,50.723225,130.758,56.61,,24.942272,,101.989896,81.180511,63.626575,36.384184,36.384184,,41.283109,,62.800989,86.327315,86.327315,28.924281,62.179264,36.384184,97.028288,72.508463,,115.96,47.438523,,,92.370227,76.97905,41.0,,30.867471,287.89,,96.928468,,101.807324,73.458285,87.69,27.600206,39.250575,38.0807,34.63,
2015-01-08,,,47.226587,,88.631467,35.34039,42.538721,44.169527,18.375813,71.99522,19.100397,,51.550809,134.169,56.9,,25.210521,,103.959075,83.20978,64.783246,36.844868,36.844868,,41.782463,,63.596064,88.158699,88.158699,29.545469,62.297046,36.844868,98.910722,73.699046,,117.71,48.237408,,,94.048984,78.137834,41.44,,31.370277,289.78,,98.330565,,106.341974,75.728292,91.59,27.888483,40.692594,37.3764,34.59,
2015-01-09,,,46.82376,,87.599039,34.906943,42.249145,44.043411,18.170114,71.65562,18.800745,,51.031163,135.659,55.76,,25.010553,,103.221845,82.419536,64.03141,36.482202,36.482202,,41.321521,,63.392326,86.28994,86.28994,29.001867,62.454089,36.482202,99.456921,72.830506,,117.04,48.123281,,,93.412215,77.930572,41.33,,31.116479,284.04,,97.702039,,106.045591,75.582144,91.21,27.841987,39.853062,37.5191,34.19,
2015-01-12,,,46.238703,,88.061174,34.367542,41.911307,44.188929,17.650968,71.054042,18.83941,,50.665486,131.911,54.385,,24.639882,,102.271207,81.726853,63.115711,36.13914,36.13914,,40.947006,,63.148835,86.047001,86.047001,28.574844,62.73873,36.13914,97.623254,71.883895,,111.96,48.427618,,,93.026293,78.241465,41.56,,31.432529,290.58,,97.025164,,105.680053,74.97813,88.91,27.702498,38.618457,37.4335,33.05,
2015-01-13,,,46.305841,,87.835023,34.502393,41.612078,44.169527,18.032981,71.597403,18.96507,,50.723225,129.153,54.11,,24.727673,,103.474055,81.892706,63.588019,35.898996,35.898996,,40.937403,,62.602221,86.841224,86.841224,29.011566,63.268751,35.898996,96.940506,72.069314,,113.11,48.80804,,,92.958757,78.28857,41.46,,31.67196,291.51,,97.605342,,105.018133,74.208447,87.44,28.000074,38.371536,37.6809,33.38,
2015-01-14,,,45.509779,,87.648203,34.203796,41.795476,44.218033,18.209295,72.587094,19.0424,,50.925309,127.478,53.04,,24.674023,,103.813569,82.380511,64.320578,35.820582,35.820582,,40.870182,,62.373637,86.308627,86.308627,28.924281,63.435609,35.820582,96.287018,72.079072,,117.735,49.197971,,,93.267494,78.590042,41.2,,31.877871,292.9,,97.624682,,107.122447,73.049069,86.96,28.018673,39.35922,37.7095,32.64,
2015-01-15,,,45.279593,,87.264729,35.003265,40.791612,44.712793,18.21909,73.266295,18.945738,,51.435332,125.469,53.0,,24.968111,,105.210425,80.751243,65.294109,35.815681,35.815681,,40.697329,,65.28063,86.01897,86.01897,28.788405,63.661359,35.815681,96.121208,72.137626,,116.26,49.901751,,,93.267494,78.024782,39.67,,32.19392,291.66,,97.95345,,106.875462,72.639952,86.95,27.953578,39.596264,37.5667,32.76,
2015-01-16,,,45.730375,,87.943182,34.897311,41.62173,45.159048,18.336632,74.188066,19.052066,,51.39684,127.074,53.595,,25.237693,,107.344511,81.736609,65.660389,36.207752,36.207752,,40.841373,,65.355168,86.981381,86.981381,29.380399,64.00489,36.207752,97.876846,72.567016,,118.89,50.453361,,,93.865672,77.91173,39.78,,32.356733,301.54,,98.494949,,110.25422,73.117338,88.79,28.548731,39.862939,37.7095,32.81,
2015-01-20,,,45.270002,,89.526238,34.93584,41.901654,45.537395,18.385609,75.488249,19.419382,,52.349524,129.877,54.27,,25.468062,,107.0729,82.390267,66.479698,36.286166,36.286166,,41.446359,,65.524121,87.261694,87.261694,29.273619,64.348422,36.286166,97.993889,73.845429,,117.44,51.195183,,,94.077929,78.740778,39.41,,32.806864,308.65,,100.747975,,109.661456,73.292617,89.5,28.651022,39.813555,37.443,33.29,
2015-01-21,,,45.749557,,90.224356,34.906943,42.403586,45.702315,18.777417,76.400318,19.429048,,52.041586,132.778,53.64,,25.972914,,106.898293,83.541487,66.537531,36.413589,36.413589,,41.638419,,66.160181,86.878599,86.878599,28.992169,64.49565,36.413589,98.042657,73.172067,,118.54,51.613646,,,93.9718,79.654616,39.68,,32.931368,311.59,,102.536859,,109.197123,74.685833,88.76,30.678261,40.208629,37.4144,33.24,
2015-01-22,,,46.114019,,91.817244,35.802734,42.606289,46.012753,19.15943,76.98249,19.612705,,52.715201,132.689,54.01,,26.335623,,107.460915,84.243926,67.318285,36.844868,36.844868,,42.041743,,66.826057,88.551138,88.551138,29.720138,64.878443,36.844868,97.486704,73.367244,,119.99,51.984557,,,95.419004,80.229297,42.29,,33.13249,323.99,,103.339439,,110.056632,76.079049,91.11,31.4501,40.593825,38.3472,33.86,
2015-01-23,,,45.912606,,91.364943,35.407815,41.843739,45.304566,18.816598,76.177152,19.332386,,52.503493,129.123,54.38,,26.149367,,105.365631,83.60978,66.200169,36.207752,36.207752,,41.590404,,66.309258,87.504633,87.504633,29.467783,64.799921,36.207752,95.93589,72.391357,,119.31,51.537562,,,95.062027,78.024782,41.44,,33.046295,320.83,,102.971992,,109.276158,76.079049,90.33,32.008056,40.761732,38.4709,32.92,
2015-01-26,,,46.315432,,90.942139,35.581194,41.795476,45.362773,18.816598,76.769027,19.506377,,52.878793,129.675,54.36,,26.105254,,106.054359,83.990268,66.392947,35.854888,35.854888,,41.292712,,66.54778,87.878385,87.878385,29.87541,64.799921,35.854888,95.721312,72.527981,,119.945,51.775325,,,95.216396,78.241465,48.83,,33.529946,319.2,,102.933314,,110.372773,76.166738,91.24,32.352128,40.801239,38.9468,33.44,
2015-01-27,,,46.305841,,89.486907,35.311494,41.698951,45.159048,18.591308,76.84665,19.409715,,53.032762,126.799,54.24,,25.948406,,105.908853,83.336609,65.959196,35.3648,35.3648,,40.706932,,66.42355,88.130667,88.130667,29.399796,64.691954,35.3648,96.97952,71.161738,,118.81,51.889451,,,93.315734,76.875419,48.72,,33.266572,319.02,,102.275778,,109.947958,75.552914,90.75,31.636085,40.554318,38.7374,33.52,
2015-01-28,,,45.548144,,88.670798,35.427873,41.177714,44.450861,18.268066,76.128638,19.342052,,52.041586,125.011,54.14,,25.683727,,104.453795,81.268316,64.947108,34.958026,34.958026,,40.255593,,65.335291,87.598071,87.598071,28.914582,64.652693,34.958026,96.257757,70.127297,,119.21,51.366372,,,92.350931,75.914476,48.5,,33.108547,311.76,,101.270136,,108.960017,75.221677,90.33,30.362086,39.685156,38.0807,33.39,
2015-01-29,,,45.960561,,88.926447,35.369684,41.447985,45.071737,18.268066,76.730215,19.293721,,51.608547,126.07,54.62,,25.752347,,100.195324,82.195145,64.908552,35.031539,35.031539,,40.428446,,65.85209,86.458128,86.458128,29.283416,64.927519,35.031539,99.252096,70.849454,,120.77,51.727772,,,92.65002,76.517421,48.24,,33.371921,318.34,,101.627913,,110.43205,76.020589,92.9,30.389984,39.714786,38.4519,33.68,
2015-01-30,,,44.723309,,87.382721,34.361061,40.637172,44.373252,17.74892,74.973998,18.907073,,50.501894,120.731,52.77,,25.105353,,99.147682,78.673193,63.212101,34.541451,34.541451,,39.535371,,64.937753,84.028742,84.028742,28.235105,64.397498,34.541451,96.062687,69.66863,,116.95,50.500914,,,90.479214,75.594162,47.25,,32.538701,314.52,,99.742333,,109.118088,73.97461,90.7,29.004394,38.559196,38.2234,32.97,
2015-02-02,,,46.200339,,88.49381,34.671406,40.868833,44.945622,17.9938,76.16745,19.061732,,51.069655,122.957,54.05,,25.360229,,100.942254,78.526852,64.069965,35.051143,35.051143,,39.938695,,65.802398,84.701495,84.701495,28.982471,65.064932,35.051143,97.155084,70.868972,,117.55,51.166651,,,91.974658,76.903682,46.98,,33.06545,316.01,,101.018725,,109.957838,74.266907,90.95,29.227577,39.082668,39.6226,33.96,
2015-02-03,,,46.766214,,88.218496,34.894467,41.58312,45.353072,18.121138,75.507655,19.235724,,51.252494,124.208,54.75,,25.620008,,101.563078,80.273194,64.243466,35.345196,35.345196,,39.977107,,66.557719,85.364904,85.364904,29.691043,65.23179,35.345196,97.613501,71.649682,,116.67,51.604135,,,92.814037,77.478363,46.63,,33.477271,316.5,,102.382144,,109.977597,75.835402,91.19,29.292671,38.391289,40.4696,34.37,
2015-02-04,,,44.262936,,88.01201,35.166019,41.54451,46.012753,16.955508,76.312993,19.24539,,51.214001,119.391,57.71,,26.448357,,102.533117,79.697584,64.233827,35.301088,35.301088,,40.025122,,66.662072,84.710839,84.710839,29.225127,64.927519,35.301088,97.038041,71.913172,,118.73,51.385393,,,93.199958,77.327627,47.61,,33.314458,317.06,,108.39666,,110.708673,75.669833,91.46,29.580949,38.766609,42.2114,34.48,
2015-02-05,,,46.689485,,88.798622,35.350287,41.689298,46.488111,17.347316,75.061324,19.380717,,51.387217,113.579,58.16,,26.472864,,102.639822,80.614657,64.609745,35.536331,35.536331,,40.130754,,66.522934,85.561124,85.561124,29.59396,65.290681,35.536331,97.642761,72.137626,,118.37,51.043014,,,93.209606,77.789257,47.34,,33.256994,317.28,,109.586026,,111.301438,76.195869,90.97,29.952919,39.527126,43.8865,34.76,
2015-02-06,,,45.615281,,88.68063,35.340589,40.955706,46.672434,17.866462,75.672604,19.24539,,51.156263,117.125,59.45,,26.262101,,102.368211,80.048803,63.857909,35.19817,35.19817,,39.804254,,66.35895,85.28081,85.28081,29.671646,64.809736,35.19817,97.155084,72.547499,,117.15,50.719656,,,93.306086,76.564526,47.69,,33.041506,313.29,,109.266928,,111.548423,75.172928,90.82,29.627445,39.270328,44.7241,35.87,
2015-02-09,,,45.442642,,87.726864,35.069036,40.907443,46.129167,17.690149,75.565872,19.148728,,51.002294,114.978,57.69,,26.021929,,101.805588,79.736608,63.424157,35.002134,35.002134,,39.592989,,65.633444,84.262336,84.262336,29.030962,64.780291,35.002134,96.004165,71.991243,,115.94,50.557977,,,92.592132,76.150001,49.45,,32.778132,305.66,,109.179901,,110.511085,74.374115,89.07,29.646043,39.280205,43.3345,35.08,
2015-02-10,,,45.634464,,88.139835,35.33089,42.133315,46.594825,15.593974,76.448833,19.235724,,51.223624,116.14,57.8,,26.497372,,102.707724,80.253681,63.915742,35.100152,35.100152,,40.716535,,66.478211,85.346217,85.346217,29.166937,65.830517,35.100152,96.384554,72.518222,,118.49,51.138119,,,94.541034,76.385527,49.31,,33.659239,306.0,,109.411972,,112.032514,71.324715,89.72,29.785532,40.208629,43.344,35.9,
2015-02-11,,,45.001451,,89.083769,35.078735,41.737561,46.400801,15.427455,77.128033,18.916739,,51.156263,117.667,57.66,,26.433652,,102.989036,80.243925,63.906104,36.011717,36.011717,,40.687726,,64.669416,84.794933,84.794933,29.312511,66.301646,36.011717,96.433321,72.18642,,118.99,52.079662,,,96.866209,77.704468,48.85,,34.38711,302.26,,108.196391,,112.160946,71.120107,88.74,29.757634,39.73454,43.3059,35.54,
2015-02-12,,,45.773344,,89.477075,35.321192,42.808992,46.294088,15.966192,75.973392,20.588991,,50.934932,116.209,59.025,,26.551288,,103.464355,80.224413,61.014425,36.246959,36.246959,,40.495667,,65.762644,84.281024,84.281024,30.059876,66.841482,36.246959,97.11607,72.518222,,119.51,52.821483,,,96.740784,78.844409,48.87,,35.000054,304.23,,109.295276,,112.141188,71.87998,81.57,30.1947,40.287643,43.8199,38.04,
2015-02-13,,,46.410157,,89.201761,33.779163,42.171925,45.479187,15.858444,74.663506,20.956306,,50.501894,116.761,59.48,,27.315918,,102.84353,80.800023,60.918035,36.050924,36.050924,,40.322814,,64.018448,83.608271,83.608271,29.81722,66.056266,36.050924,99.378893,72.840265,,117.735,52.079662,,,95.640909,78.071887,48.62,,34.411053,303.26,,110.753973,,111.666976,70.944729,80.0,30.073809,40.198752,43.62,38.65,
2015-02-17,,,46.091751,,89.713058,32.741446,42.355323,45.49859,15.927011,74.779941,20.888643,,50.367171,116.17,59.43,,27.306115,,102.736826,80.673194,60.927674,36.413589,36.413589,,40.14996,,63.874341,83.907272,83.907272,29.574564,66.704069,36.413589,100.93946,72.771953,,118.705,52.441062,,,94.898011,77.921151,48.83,,34.602598,303.52,,110.092697,,112.753711,73.94538,81.64,30.44578,40.129614,44.115,38.96,
2015-02-18,,,46.033859,,90.430841,32.557178,42.654552,45.90604,16.387386,75.701712,21.110965,,50.886817,116.436,60.975,,27.516878,,103.745666,80.829291,61.486732,36.207752,36.207752,,40.073137,,64.346416,84.682807,84.682807,29.98219,67.371502,36.207752,101.456398,73.943018,,120.28,52.536167,,,95.83387,78.19436,49.11,,35.028785,308.04,,111.152683,,113.297079,74.296137,82.72,30.380685,40.613579,44.6765,40.44,
2015-02-19,,,46.101399,,89.998205,33.430025,42.924823,45.236658,16.162096,75.89577,21.14963,,51.435332,118.485,61.61,,28.257001,,102.775627,80.790267,61.486732,36.261662,36.261662,,40.438049,,63.774956,84.206274,84.206274,29.788125,66.596102,36.261662,102.129393,73.474592,,121.13,52.76442,,,95.24534,77.836362,49.74,,34.851606,309.77,,110.744248,,113.395873,73.536264,82.77,30.203999,40.83087,44.8383,40.77,
2015-02-20,,,46.458401,,90.666825,33.478516,43.156484,45.246359,16.191482,76.477941,21.342954,,51.454578,121.036,62.12,,28.389341,,104.026977,81.053682,61.7759,36.237158,36.237158,,40.303608,,64.023417,84.804276,84.804276,29.865711,67.430394,36.237158,102.421999,74.01133,,121.26,52.888057,,,95.573373,78.232044,49.42,,35.387932,313.39,,110.316364,,114.354175,74.656603,84.08,30.380685,41.156805,44.6004,41.23,
2015-02-23,,,46.564536,,90.725821,33.488214,43.272314,45.799327,15.90742,76.50705,21.255958,,51.473824,122.858,62.15,,28.330523,,103.31042,80.85856,61.968679,36.261662,36.261662,,40.188372,,63.576188,84.73887,84.73887,29.758436,67.665958,36.261662,102.480521,73.562422,,122.115,52.792952,,,95.949646,78.090729,49.45,,35.809331,312.5,,110.131596,,113.563823,74.822271,84.51,30.203999,40.959269,44.9525,40.74,
2015-02-24,,,46.940835,,90.676657,33.662784,43.754941,45.809028,15.731107,76.565267,21.004637,,51.406463,123.518,62.61,,28.315819,,103.086193,80.702462,61.718067,36.271464,36.271464,,40.457255,,63.68551,85.149997,85.149997,29.768134,68.078197,36.271464,102.295203,73.591699,,124.805,52.992673,,,96.07507,78.674831,49.58,,36.225941,310.71,,110.345538,,114.314658,74.598144,85.05,30.436481,40.988899,45.4284,40.68,
2015-02-25,,,46.410157,,90.421009,33.691879,44.256873,45.760522,15.975987,76.681701,20.820979,,51.52194,122.248,62.2,,28.688331,,101.71158,80.887828,62.440986,35.933303,35.933303,,40.380431,,63.576188,84.720182,84.720182,29.904802,68.166533,35.933303,102.158654,73.640493,,123.79,52.916589,,,95.997886,78.637147,49.59,,36.235519,278.59,,109.995451,,112.76359,74.127991,84.86,30.399283,40.889891,44.8478,41.13,
2015-02-26,,,45.87948,,90.87331,33.62399,44.556101,45.081439,15.750697,75.866661,20.714651,,51.406463,123.026,62.73,,28.65402,,101.029148,80.68295,62.334958,35.992113,35.992113,,40.774153,,63.382388,85.065903,85.065903,30.080361,67.859339,35.992113,101.778265,73.562422,,124.74,53.344562,,,95.583021,78.00594,49.48,,36.216364,278.78,,112.037626,,114.383814,75.655961,85.21,30.650363,40.464161,45.6378,40.88,
2015-02-27,,,46.197886,,90.155527,33.924638,44.594711,45.197853,15.789878,76.448833,20.917641,,51.762517,125.676,62.53,,28.678528,,101.175384,80.204901,62.151818,36.202851,36.202851,,41.580801,,63.665633,85.402279,85.402279,30.099857,67.799883,36.202851,102.178161,73.562422,,141.12,53.534773,,,95.496189,78.156676,49.48,,36.211576,267.6,,112.173771,,113.336596,74.333689,83.56,30.668962,40.899791,45.5997,40.95,
2015-03-02,,,46.16894,,90.342347,34.041017,44.787762,45.353072,16.044553,76.84665,20.956306,,51.483447,128.912,62.325,,28.678528,,100.083493,80.439047,61.968679,36.158743,36.158743,,41.484771,,63.407234,85.047215,85.047215,30.265718,67.869248,36.158743,102.061118,73.58194,,141.23,53.734494,,,95.515485,78.147255,50.77,,36.33608,265.67,,111.79451,,114.581402,74.353308,82.97,31.106027,41.751252,45.7044,41.42,
2015-03-03,,,45.850534,,89.68356,33.905241,44.28583,45.547096,16.005373,76.64289,21.014303,,51.464201,128.227,62.34,,28.609907,,99.976254,80.468316,62.421708,35.913699,35.913699,,41.244697,,63.387357,84.682807,84.682807,30.275515,68.235895,35.913699,101.553934,73.435556,,140.69,53.696452,,,94.936603,77.91173,50.64,,36.115803,258.87,,110.97764,,113.761411,73.197496,82.95,31.031633,41.969067,45.5141,41.33,
2015-03-04,,,45.425992,,88.887116,33.478516,43.557447,44.92622,15.956397,75.701712,20.968107,,51.204378,126.671,62.765,,28.404045,,98.981853,80.019535,62.858773,35.717664,35.717664,,40.812564,,62.79602,84.860339,84.860339,29.319339,68.414264,35.717664,100.315233,73.035443,,139.54,53.059247,,,94.562664,77.412416,49.94,,35.790177,261.62,,111.094335,,113.050093,72.776291,82.62,30.808451,40.988898,45.7806,42.48,
2015-03-05,,,45.811939,,89.270589,33.808258,43.110704,44.897116,15.682131,76.555564,20.880578,,51.27174,127.124,62.69,,28.399144,,99.781273,79.824413,62.208041,35.786276,35.786276,,40.716535,,62.711543,85.029383,85.029383,29.299844,67.284596,35.786276,100.432276,72.928095,,140.03,52.783441,,,94.436399,76.97905,50.11,,35.378355,260.52,,111.084611,,112.447449,72.913423,82.98,30.985174,40.157239,45.2761,42.42,
2015-03-06,,,44.625151,,87.578422,33.22636,42.382319,43.752375,15.554793,76.021907,20.277599,,50.165086,124.356,61.66,,27.82077,,97.149036,77.0049,60.673478,34.521847,34.521847,,39.871475,,61.638192,83.874245,83.874245,28.831553,66.382844,34.521847,98.861955,71.678958,,136.62,50.757698,,,93.406855,75.415163,48.92,,34.034933,257.93,,109.664813,,109.572541,72.707726,81.18,30.196092,40.256246,45.6949,41.79,
2015-03-09,,,44.760233,,87.686957,33.303947,42.275489,44.130722,15.682131,76.448833,20.491559,,50.52114,124.356,62.2,,28.237395,,97.500001,77.639047,60.79974,34.717883,34.717883,,39.746636,,61.77733,84.616163,84.616163,29.085194,66.60085,34.717883,99.26185,72.049796,,137.21,51.195183,,,93.28059,75.792003,49.44,,34.112253,258.87,,109.937103,,113.840446,73.275872,81.62,30.407321,40.03843,44.4957,42.17,
2015-03-10,,,43.920797,,87.01601,32.88692,41.566527,43.800881,15.515612,75.633792,20.053913,,49.837902,123.105,61.05,,27.570794,,96.047396,74.995143,60.809452,33.816119,33.816119,,39.074429,,61.012071,82.784848,82.784848,28.733976,65.946831,33.816119,97.057548,70.771383,,135.92,50.596019,,,91.716848,74.661482,48.28,,33.972112,257.24,,107.680985,,113.178526,71.914362,81.51,30.55134,39.384984,43.9151,41.35,
2015-03-11,,,43.9015,,86.285861,32.566876,41.216902,43.364328,15.094418,74.585883,20.121991,,49.751294,122.76,60.95,,27.075746,,96.632338,74.624412,60.187857,33.659291,33.659291,,38.507855,,60.594656,82.709717,82.709717,28.665593,65.837828,33.659291,96.013919,70.439581,,135.96,49.663987,,,90.939834,73.314278,48.57,,33.764316,262.9,,108.060246,,114.215864,72.169007,82.33,31.060209,37.177128,43.1537,41.35,
2015-03-12,,,45.00145,,88.75258,33.139076,41.517968,43.926997,15.488014,75.728255,20.569363,,50.636617,124.592,62.43,,27.428652,,98.075194,76.770754,60.51808,34.306208,34.306208,,39.282464,,61.638192,85.057557,85.057557,29.407119,66.581031,34.306208,97.642275,71.181256,,137.85,49.96178,,,92.960071,74.17159,48.5,,34.155745,275.57,,109.343899,,116.567163,74.118182,85.29,31.962732,37.187029,43.9627,41.97,
2015-03-13,,,44.673395,,87.450152,32.916015,40.643906,43.975503,15.330576,74.878802,20.501285,,50.184332,122.829,62.9,,27.080647,,97.373264,76.107339,60.362681,33.825921,33.825921,,38.64341,,61.27047,83.611287,83.611287,29.251055,66.333297,33.825921,97.358232,70.244403,,135.48,49.366196,,,91.610009,73.154121,47.85,,33.764316,268.84,,107.963,,115.035855,73.520707,84.79,31.857117,37.048419,43.5439,41.76,
2015-03-16,,,44.85672,,88.24937,33.391231,41.178055,43.907594,15.192817,75.445104,20.841676,,50.434532,123.587,63.18,,27.276706,,98.328668,76.839046,61.032838,34.021957,34.021957,,39.01135,,61.663038,84.465901,84.465901,29.260852,67.076499,34.021957,99.052697,70.868972,,138.04,50.038629,,,92.707542,73.380225,46.98,,34.184739,270.63,,108.702073,,115.964519,73.794971,85.47,32.09715,37.711766,42.9728,41.89,
2015-03-17,,,44.625151,,87.726425,33.449421,40.546788,43.810582,15.596253,73.951238,21.152891,,50.088102,122.651,63.44,,27.095351,,97.558495,77.385388,60.459805,33.678895,33.678895,,39.224368,,61.320162,85.686778,85.686778,29.426714,66.640487,33.678895,97.936113,70.283439,,136.29,49.587138,,,91.425468,73.380225,47.79,,33.662835,264.32,,107.54484,,114.097311,72.29633,85.4,31.789908,38.325609,43.3535,41.57,
2015-03-18,,,45.51283,,88.130967,33.507611,41.42085,44.082216,15.665132,74.839746,21.318224,,50.867571,121.706,63.26,,27.487469,,98.572394,77.35612,61.246511,34.325812,34.325812,,39.311512,,61.489116,86.954612,86.954612,29.875509,66.531484,34.325812,99.297561,70.742106,,136.71,49.318165,,,91.920814,74.011433,47.85,,33.880295,264.28,,109.509218,,115.826208,72.619541,85.63,32.068346,39.206772,42.9919,42.1,
2015-03-19,,,44.85672,,87.884295,33.323343,41.566527,43.946399,15.615933,74.3125,21.152891,,50.559632,120.543,63.565,,27.443356,,98.026449,77.258559,61.003701,33.972948,33.972948,,38.749919,,60.922625,86.729219,86.729219,29.592575,66.353115,33.972948,98.1418,70.654276,,138.28,49.250922,,,91.39633,74.294063,47.14,,33.619343,267.9,,108.916015,,114.640678,71.649908,84.95,32.02034,39.434488,42.8301,42.3,
2015-03-20,,,45.300559,,88.545376,33.905241,42.022982,44.382953,15.90129,75.210772,21.24042,,51.435332,121.115,64.44,,27.840376,,99.527798,77.639047,62.237178,34.051362,34.051362,,39.359925,,61.558685,88.166097,88.166097,30.090159,66.729671,34.051362,100.179074,71.122702,,137.52,49.395015,,,92.600702,74.849902,48.54,,33.778814,277.36,,110.578929,,116.824028,73.040746,85.74,33.153293,39.820615,43.7152,42.67,
2015-03-23,,,45.474235,,87.578422,33.992526,42.178371,44.324746,16.039049,75.572033,21.259871,,51.714401,120.691,64.98,,27.928602,,99.235328,77.795144,62.110916,34.59536,34.59536,,39.330877,,61.737576,88.335142,88.335142,30.441377,67.700789,34.59536,99.797085,71.434987,,137.94,49.587138,,,93.096049,75.236164,48.51,,34.56167,274.62,,110.267741,,115.589102,72.227764,85.04,33.162894,39.404786,44.41,43.06,
2015-03-24,,,45.310208,,86.680536,33.585197,42.790215,44.03371,16.196487,75.777074,20.909754,,51.194755,122.031,63.46,,27.668824,,98.084943,77.843925,61.129962,34.31601,34.31601,,39.185638,,60.947471,88.015836,88.015836,30.412084,67.195412,34.31601,97.985086,73.308691,,138.695,49.097223,,,93.105761,73.967281,48.41,,34.421529,271.33,,109.518943,,116.44861,71.542105,83.57,32.644424,38.315709,44.4957,42.82,
2015-03-25,,,45.068991,,85.81225,33.885844,42.780503,44.043411,16.147288,75.347465,21.123715,,51.714401,115.943,63.83,,27.771755,,99.137837,77.258559,61.333923,35.095251,35.095251,,39.166272,,82.657988,86.569566,86.569566,30.402385,66.402662,35.095251,97.906729,74.157713,,136.025,48.175029,,,92.523001,73.175422,48.18,,33.894792,266.01,,111.483321,,114.008396,70.523425,82.97,32.452398,37.919681,43.9722,43.36,
2015-03-26,,,44.673395,,87.292282,33.701577,42.450301,43.694168,15.615933,77.231884,21.075087,,51.906863,111.845,63.2,,27.771755,,98.474904,75.336607,61.188237,34.384622,34.384622,,39.069446,,83.870478,87.142439,87.142439,30.246223,66.055834,34.384622,97.270081,74.996977,,136.57,48.030936,,,92.88237,72.831965,47.37,,33.247244,265.66,,111.327727,,113.425511,70.709603,82.86,32.53881,37.781071,43.6676,43.82,
2015-03-27,,,44.827774,,88.229636,35.650934,42.731944,44.51877,15.773371,77.056135,21.823948,,52.917286,111.793,63.79,,28.065843,,99.332818,75.464128,62.00408,34.994944,34.994944,,38.808015,,88.551482,88.156706,88.156706,31.036537,67.571967,34.994944,97.994881,75.465403,,137.99,48.357546,,,93.193176,73.261286,47.65,,34.117085,268.14,,112.815597,,113.09949,71.757612,84.3,32.644424,37.781071,44.1625,45.23,
2015-03-30,,,45.754047,,89.591265,35.78671,43.421482,45.062036,16.373606,77.788423,22.154614,,54.226024,112.544,64.28,,28.114858,,99.859265,76.827642,63.616341,35.930111,35.930111,,39.224368,,90.052186,89.950456,89.950456,31.339066,65.81801,35.930111,99.454275,76.138766,,140.44,48.540064,,,93.746798,73.328069,48.0,,33.571018,267.2,,113.904757,,115.519946,73.197496,84.86,32.644424,38.117695,44.5337,44.64,
2015-03-31,,,45.73475,,89.147256,35.427873,42.92618,45.159048,16.265367,76.626527,22.115712,,54.4666,110.342,64.05,,27.864883,,98.377413,76.337169,64.0534,35.526512,35.526512,,39.263099,,86.578702,89.377583,89.377583,31.182903,64.757707,35.526512,98.465021,75.250708,,138.395,48.050148,,,92.872657,71.868377,46.84,,33.300401,267.4,,112.543307,,114.808628,72.923233,85.02,32.567614,37.919681,44.8859,44.34,
2015-04-01,,,45.763696,,87.904029,35.747917,43.188399,45.178451,16.481845,76.646055,22.329672,,54.351124,111.25,62.94,,27.98742,,98.357915,77.04345,64.276786,35.728312,35.728312,,39.388973,,90.141632,90.119501,90.119501,31.446341,66.779218,35.728312,99.072286,74.828889,,136.645,48.319122,,,92.357885,72.574372,46.95,,33.986609,264.73,,112.300191,,114.818508,72.981989,85.28,32.087549,38.018688,44.6289,44.48,
2015-04-02,,,45.686506,,89.867538,36.678954,43.489465,45.236658,16.796722,76.275029,22.504731,,54.418485,112.712,63.86,,28.144267,,98.221429,77.151354,64.471034,36.058081,36.058081,,39.388973,,88.402405,90.438807,90.438807,31.612203,68.62236,36.058081,100.992026,75.397856,,135.66,49.174072,,,92.940646,73.709688,47.7,,35.465338,272.19,,112.815597,,116.330058,73.853728,86.16,32.510006,38.246404,45.0096,44.65,
2015-04-06,,,46.632077,,91.002229,36.892316,44.382951,45.265761,16.836081,76.821803,22.631162,,54.601324,113.818,64.45,,28.340326,,98.952606,77.828206,64.131099,36.422304,36.422304,,39.863422,,88.213575,91.077419,91.077419,31.602405,69.068282,36.422304,100.89408,76.781033,,137.72,49.462258,,,93.707948,74.606492,48.63,,35.619976,268.93,,114.011729,,117.940401,74.598144,85.79,32.970868,38.523623,45.3237,45.76,
2015-04-07,,,46.468049,,91.387037,36.81473,44.441222,44.741897,16.885281,77.456452,22.310222,,53.966201,113.304,64.29,,28.423651,,99.186583,77.004212,63.849439,36.422304,36.422304,,39.7085,,88.790005,89.743846,89.743846,31.182903,68.285442,36.422304,100.53168,76.398452,,137.52,49.663988,,,93.445705,74.167631,48.44,,35.088407,266.47,,112.679452,,116.843787,76.635503,84.87,32.39479,38.672134,45.2571,45.15,
2015-04-08,,,46.632077,,90.982495,36.775936,44.402374,44.84861,17.209998,76.958497,22.504731,,54.150487,116.208,65.21,,28.541286,,98.036198,77.4064,63.703753,36.806215,36.806215,,39.592308,,88.38,90.157066,90.157066,31.299976,68.196258,36.806215,100.022361,76.418071,,137.79,49.587138,,,93.270877,73.690607,48.29,,35.01592,271.73,,112.368264,,117.732934,77.056708,84.8,32.116353,38.266205,45.0192,46.05,
2015-04-09,,,46.217184,,91.998784,36.746842,44.81027,45.13381,17.190318,77.153774,22.660338,,54.441462,116.968,65.13,,28.443257,,98.21168,76.425454,63.606629,36.791449,36.791449,,39.747231,,89.4,89.321235,89.321235,31.06583,68.919641,36.791449,99.405302,76.398452,,137.6,49.817687,,,93.581683,74.282116,47.69,,35.373522,272.83,,112.942018,,118.612201,76.322101,84.09,31.914725,38.286007,45.0667,45.87,
2015-04-10,,,46.275076,,92.353991,36.708048,44.402374,44.752893,17.160798,76.860859,22.621436,,54.790633,115.092,65.95,,28.408947,,97.577993,76.729547,63.839727,36.816059,36.816059,,39.582626,,89.27,89.97863,89.97863,31.085326,69.87094,36.816059,100.570858,76.270925,,138.34,50.442089,,,93.435993,74.320278,47.7,,35.934086,270.76,,113.535221,,120.232425,76.302483,85.52,31.924327,38.988956,45.8077,46.36,
2015-04-13,,,46.197886,,91.337703,36.465591,43.848801,45.045906,17.229678,76.255501,22.650613,,54.732438,114.944,65.44,,28.124661,,96.963805,76.376407,63.577492,36.668401,36.668401,,39.408338,,88.37,89.743846,89.743846,30.919465,69.355653,36.668401,99.023313,76.06492,,137.78,49.731231,,,92.785243,73.833714,47.62,,35.76495,267.64,,113.681091,,118.47389,75.058487,85.23,31.79951,38.830545,46.0483,46.31,
2015-04-14,,,46.323319,,91.475839,36.649859,43.402058,45.426823,17.278877,76.304321,22.728417,,54.926421,113.749,65.505,,28.48737,,98.465155,76.964974,63.694041,36.884966,36.884966,,39.224368,,87.155,89.480888,89.480888,30.782896,70.247496,36.884966,99.219205,76.310164,,135.8,50.067448,,,93.71766,74.520628,48.25,,36.542974,262.99,,114.546584,,116.596802,75.381698,85.51,31.828314,39.503793,45.8077,46.53,
2015-04-15,,,46.699618,,91.801446,36.436496,43.907072,45.485426,17.446156,76.177391,22.446378,,54.751836,114.697,65.66,,28.242296,,98.123939,77.22002,63.295831,36.963717,36.963717,,39.117859,,86.86,89.170973,89.170973,30.685319,70.088946,36.963717,98.954751,76.084539,,137.69,49.577532,,,93.853638,74.539709,48.55,,35.80361,264.61,,114.828599,,116.102831,75.303422,86.6,31.665091,39.196871,45.2688,46.61,
2015-04-16,,,46.603131,,92.018517,36.252229,44.130444,45.426823,17.485515,76.509361,22.3783,,54.538454,112.939,65.18,,28.286602,,98.874614,77.367162,63.179282,36.727464,36.727464,,39.311512,,87.05,89.612367,89.612367,30.870676,69.910578,36.727464,98.827421,76.006061,,138.0,50.000204,,,93.67881,81.055852,48.3,,35.876096,262.5,,114.731352,,115.944761,75.33275,87.64,31.732301,38.939453,45.3843,46.63,
2015-04-17,,,46.583834,,91.278501,36.174642,43.790531,45.114276,16.964,75.161953,22.135163,,54.402666,111.398,64.005,,27.740167,,97.753476,76.739357,62.538263,36.387851,36.387851,,39.021033,,86.73,88.485404,88.485404,30.217029,70.0394,36.387851,98.102621,75.015275,,136.905,49.712019,,,93.057198,81.342066,47.72,,36.098389,259.3,,114.186772,,114.581402,75.391507,85.99,31.060209,38.642432,45.6441,45.98,
2015-04-20,,,46.603131,,92.067852,36.514083,43.790531,45.319385,17.02304,75.952823,22.018458,,54.751836,111.714,64.25,,27.759859,,95.745177,76.729547,62.703374,36.41246,36.41246,,39.369608,,87.63,89.894108,89.894108,30.402385,69.950215,36.41246,98.190773,75.21147,,139.58,50.557363,,,93.727373,81.074933,47.67,,36.291687,261.66,,113.856134,,115.055614,74.421874,86.33,31.309843,38.107794,45.8077,46.41,
2015-04-21,,,46.255778,,92.067852,36.475289,43.130128,44.977536,16.855761,77.319759,21.911477,,54.422064,110.865,61.87,,27.11989,,95.559945,76.297932,62.023505,35.95472,35.95472,,39.485799,,88.47,89.63115,89.63115,30.636531,70.356499,35.95472,97.867551,74.760221,,139.855,50.048235,,,93.999328,80.187669,47.91,,36.538142,264.04,,114.206221,,115.875605,74.372827,84.8,31.300242,37.731567,45.9521,46.1,
2015-04-22,,,46.410157,,91.416638,36.388005,43.693413,45.036139,16.590084,76.948733,21.882301,,54.519056,113.107,61.74,,27.164196,,95.862165,76.268503,62.140054,36.254958,36.254958,,39.998979,,88.25,89.105234,89.105234,30.226727,70.128584,36.254958,96.888092,75.427285,,139.91,50.067448,,,94.484962,79.844212,48.31,,36.745937,261.44,,114.692454,,114.591281,73.98105,85.01,31.117817,37.800872,45.8751,45.54,
2015-04-23,,,46.574185,,90.439817,36.378306,43.809954,44.99707,16.590084,77.085427,21.892026,,54.596649,112.139,62.0,,27.016511,,92.547496,76.346979,62.013792,36.235271,36.235271,,39.650404,,88.38,89.255495,89.255495,30.148645,70.356499,36.235271,94.42965,74.770031,,140.36,50.28839,,,92.979497,79.710645,48.18,,37.195355,263.85,,113.749163,,114.601161,73.579464,84.87,30.954595,37.90978,45.9329,45.68,
2015-04-24,,,46.516293,,90.124077,36.388005,44.091597,44.743126,16.560564,76.997552,21.697517,,54.683942,113.62,61.33,,27.001742,,92.255026,75.719174,61.897243,36.245114,36.245114,,39.592308,,87.57,89.048885,89.048885,30.187736,70.168221,36.245114,95.928222,74.39726,,141.78,50.019417,,,92.435586,78.947407,47.6,,36.852251,265.97,,113.107337,,114.245502,73.589273,85.06,31.079412,38.266205,45.981,45.6,
2015-04-27,,,46.90224,,89.966207,36.223134,43.89736,44.538016,16.442485,75.415812,21.765595,,54.363869,114.025,60.44,,26.952514,,91.358115,76.778595,61.780694,36.220505,36.220505,,39.534213,,85.87,87.997053,87.997053,30.138947,70.178131,36.220505,94.243552,74.289352,,143.44,49.375802,,,91.775124,78.317736,47.68,,36.581634,265.35,,114.945294,,114.956819,73.070174,83.92,30.993,38.513723,45.7019,45.33,
2015-04-28,,,47.066268,,91.002229,36.115734,44.033326,44.411044,16.531044,74.449193,21.785046,,54.412365,114.055,60.38,,27.085431,,91.016899,75.866316,61.838969,36.225427,36.225427,,39.476117,,85.88,89.15219,89.15219,30.373093,70.088946,36.225427,95.605001,74.524787,,140.74,49.673594,,,91.707135,79.071433,48.43,,36.842586,268.76,,112.990641,,115.707655,73.168068,84.94,30.993,38.919651,46.3082,45.21,
2015-04-29,,,47.230295,,89.936606,35.549442,43.683701,43.893387,16.412965,73.521629,21.75587,,53.898309,112.801,60.285,,26.868826,,89.076843,75.326796,61.557308,38.095761,38.095761,,39.205003,,85.08,87.461745,87.461745,29.680355,69.167375,38.095761,95.193628,74.024489,,139.16,48.22306,,,91.668285,78.928326,47.69,,35.624809,259.8,,112.825322,,114.858025,72.550975,83.43,30.580144,38.820644,45.5094,44.46,
2015-04-30,,,47.162754,,89.028853,35.295587,43.130128,43.668744,15.989849,72.818634,21.726694,,53.675228,114.924,60.24,,26.755601,,89.61304,77.887063,61.508746,37.770914,37.770914,,39.272781,,84.75,84.202943,84.202943,28.811958,69.226832,37.770914,93.949715,73.867532,,137.11,48.078967,,,92.387023,79.634321,46.94,,35.421846,247.8,,112.728076,,114.541884,72.002448,81.26,29.744831,39.107765,45.2592,43.97,
2015-05-01,,,48.031136,,90.370749,35.695897,44.722864,44.489181,16.048889,74.175806,21.901752,,54.024398,114.786,61.0,,27.213424,,91.250876,78.848389,62.052642,38.046542,38.046542,,39.611674,,84.675,84.522249,84.522249,28.948625,69.593478,38.046542,94.272936,74.711172,,141.13,48.664944,,,92.814381,79.557998,46.6,,35.813274,244.2,,113.642192,,115.776811,72.521646,82.13,30.186491,40.087934,45.2207,43.95,
2015-05-04,,,48.552165,,90.854226,36.242661,44.32468,44.674756,15.980009,74.371083,21.950379,,54.169886,110.233,61.04,,27.439875,,91.874814,79.142673,62.28574,38.01701,38.01701,,39.660087,,84.29,84.785207,84.785207,29.036405,69.543931,38.01701,94.752871,75.074134,,141.85,48.684157,,,93.193176,79.386269,47.7,,35.876096,249.21,,115.110613,,115.905243,72.13958,82.47,30.2537,40.681976,45.7404,43.99,
2015-05-05,,,48.581111,,89.847804,36.135261,43.295228,44.332907,15.822571,73.765725,21.687792,,53.956504,108.633,61.26,,27.385723,,91.533598,79.211339,61.36306,37.721694,37.721694,,39.456751,,84.355,84.484684,84.484684,28.76317,69.633116,37.721694,95.056504,74.37764,,140.625,48.367152,,,92.678403,79.00465,46.1,,35.344527,255.08,,113.078163,,114.640678,71.424592,81.62,29.668021,40.266147,45.0379,43.42,
2015-05-06,,,48.185515,,89.443262,36.32077,43.790531,44.147332,15.724172,73.736434,21.64889,,53.636431,106.737,59.17,,27.11989,,91.835818,79.280005,61.197949,37.849665,37.849665,,39.369608,,83.99,84.850947,84.850947,28.997414,70.217768,37.849665,94.684309,74.338401,,140.48,48.684157,,,92.73668,80.01594,45.22,,36.224033,253.61,,113.048989,,113.996794,72.012257,82.09,29.562406,39.949324,45.7404,43.25,
2015-05-07,,,48.552165,,89.739268,36.476988,44.062461,44.420811,15.665132,73.961002,21.930928,,53.956504,96.9402,60.95,,27.25773,,92.001551,79.211339,61.732132,38.37139,38.37139,,39.408338,,84.51,84.343814,84.343814,28.938828,70.564596,38.37139,94.233758,75.132992,,143.49,49.222103,,,92.416161,80.149507,45.26,,36.591299,248.69,,112.582206,,114.224629,72.502028,72.83,29.600812,39.988927,45.3651,43.72,
2015-05-08,,,49.449492,,91.248901,36.623443,44.654881,44.76266,16.019369,74.703053,22.067085,,54.577251,100.224,60.63,,27.5531,,92.069794,79.55467,61.780694,38.824207,38.824207,,39.679452,,86.04,84.033899,84.033899,29.036405,70.990699,38.824207,94.028071,75.613671,,128.47,50.115479,,,93.775936,81.275283,49.89,,37.002057,251.29,,112.796148,,115.225122,73.021127,73.55,29.427988,40.850288,46.7412,46.1,
2015-05-11,,,49.787196,,91.683044,36.486752,44.334392,44.733358,17.052559,74.566359,22.232418,,54.383267,99.6166,60.25,,27.469412,,91.572594,79.662574,61.945805,38.715925,38.715925,,39.640722,,86.2,83.846071,83.846071,28.919333,70.65378,38.715925,93.46978,75.446905,,134.005,49.318165,,,93.581683,80.263992,51.29,,36.523644,250.79,,113.068438,,116.116651,73.393385,72.72,29.207158,40.959196,46.2216,45.83,
2015-05-12,,,50.095954,,91.021963,36.789425,44.052749,44.860331,17.99719,73.970766,22.319947,,54.70334,99.0141,59.41,,27.44972,,92.001551,79.152483,61.838969,38.696237,38.696237,,39.398656,,85.03,83.90242,83.90242,28.724178,70.842058,38.696237,93.930126,75.996251,,131.92,49.135647,,,93.435993,80.263992,48.91,,36.697612,250.23,,113.253206,,114.591147,72.46289,72.29,29.59121,40.513664,45.2496,45.55,
2015-05-13,,,50.327522,,91.021963,36.574625,43.945919,44.743126,18.115269,75.191244,22.319947,,54.528755,100.861,59.83,,27.5531,,91.933308,79.142673,61.897243,38.696237,38.696237,,39.747231,,84.15,83.911811,83.911811,28.480236,71.060064,38.696237,93.636288,75.731388,,129.94,48.991555,,,93.639959,80.645611,44.91,,36.789429,250.28,,113.996363,,114.521805,73.089693,72.47,29.495197,40.711678,45.7115,46.61,
2015-05-14,,,51.022227,,93.08414,37.033516,45.043353,45.397522,18.410467,75.825893,22.514456,,55.130104,101.794,61.535,,27.922312,,93.70763,80.143237,62.722799,39.424683,39.424683,,40.182949,,85.97,85.855823,85.855823,29.299844,71.268161,39.424683,95.742125,77.448097,,132.64,50.528545,,,95.184275,82.801758,44.63,,37.195355,262.19,,115.736914,,116.403921,73.510898,72.49,29.898452,41.30572,46.6354,47.28,
2015-05-15,,,51.176606,,93.784689,37.580281,45.218166,45.758905,18.528545,75.581797,22.524182,,55.421079,93.0887,61.75,,27.897698,,93.766125,80.153047,63.354106,39.818438,39.818438,,40.202315,,85.44,85.461385,85.461385,28.938828,71.505986,39.818438,95.849865,77.820868,,132.32,50.739881,,,95.397954,82.591868,43.79,,37.475637,262.06,,115.873812,,117.335074,73.461951,71.99,29.668021,41.691847,45.9425,47.22,
2015-05-18,,,51.263444,,93.824156,37.609572,45.208454,45.700302,18.617105,75.523214,22.728417,,55.139803,89.2964,61.47,,27.430029,,92.869214,80.368855,62.781073,39.375464,39.375464,,40.008662,,85.49,85.21721,85.21721,29.397421,71.178977,39.375464,95.791098,77.497146,,131.26,49.904142,,,95.232839,82.076682,44.41,,36.900575,263.95,,116.040044,,117.889802,74.059426,72.1,29.860047,41.771053,46.1157,47.63,
2015-05-19,,,50.943353,,94.090562,37.619335,44.81027,45.631932,18.321907,75.650144,22.777044,,55.149502,87.9138,61.75,,27.464489,,92.859465,80.211904,62.344014,39.621561,39.621561,,39.998979,,85.07,85.442603,85.442603,29.387623,71.347436,39.621561,95.26219,78.095541,,130.3,49.740837,,,95.135712,81.723685,43.33,,36.765267,263.21,,116.626747,,118.385096,74.137801,72.19,29.869648,42.533407,46.3755,47.3,
2015-05-20,,,50.856055,,93.84389,37.98059,44.9171,45.612398,18.597425,75.572033,22.864573,,55.256193,88.4175,61.95,,28.621355,,92.693732,80.162856,62.382864,40.025159,40.025159,,40.03771,,85.45,85.198427,85.198427,29.485695,71.099702,40.025159,95.02712,77.703151,,129.24,49.76005,,,94.883182,81.485173,42.83,,36.591299,263.2,,117.223228,,118.395002,74.000669,72.19,29.754432,42.988839,49.2914,47.56,
2015-05-21,,,51.331345,,93.557751,37.961063,43.984767,45.837042,18.370265,75.855184,22.728417,,55.110705,89.8593,61.97,,28.316139,,92.218232,80.535616,62.120629,39.680624,39.680624,,39.921518,,85.75,84.66312,84.66312,29.583767,71.347436,39.680624,95.73233,77.869917,,130.21,49.606351,,,94.407261,81.22758,42.45,,36.480152,263.6,,116.636525,,117.889802,73.530517,70.75,29.5144,43.058144,49.7726,47.5,
2015-05-22,,,51.08885,,93.242011,37.931772,43.508888,46.794218,18.557919,75.240063,22.48528,,54.81973,89.6322,62.23,,28.020769,,91.69861,80.721995,61.848681,39.54281,39.54281,,39.902153,,85.0,84.024507,84.024507,29.299349,71.357345,39.54281,95.98699,77.281331,,129.41,49.212497,,,93.494269,80.283073,42.75,,36.277189,263.01,,117.721926,,117.166674,72.717535,70.05,29.533603,42.523506,49.4935,47.8,
2015-05-26,,,50.58446,,92.965738,37.531462,43.110704,46.628178,18.311006,74.634706,22.300496,,54.295975,88.7434,62.06,,27.868161,,91.178988,80.104,61.188237,39.316401,39.316401,,39.689135,,85.0,83.21685,83.21685,28.87757,71.466348,39.316401,95.585411,76.869321,,127.655,49.260528,,,93.037773,79.872833,44.0,,36.451158,262.25,,116.822315,,116.38411,72.13958,70.35,29.29357,42.711619,48.4638,47.6,
2015-05-27,,,51.57384,,92.699332,37.785317,43.73226,46.999328,18.2715,75.542742,22.446378,,54.771234,87.5682,62.69,,28.764117,,91.639785,80.712186,61.421335,39.513278,39.513278,,39.815009,,84.33,85.583473,85.583473,29.456303,72.160004,39.513278,95.722536,77.33038,,130.035,49.788868,,,93.610821,80.349857,43.49,,37.272674,262.04,,117.242785,,117.12705,71.873639,71.05,29.130348,42.305691,49.3973,49.15,
2015-05-28,,,51.07915,,93.587351,37.785317,43.363211,47.26304,17.975206,75.171716,21.045911,,54.557853,87.1238,63.25,,28.650892,,91.561351,80.408093,61.235359,39.838126,39.838126,,39.834374,,85.14,85.996693,85.996693,29.613159,72.52,39.838126,94.89979,77.369619,,129.2,49.587138,,,94.271283,80.388019,42.63,,37.103538,263.85,,116.85165,,117.909614,73.420137,70.71,29.495197,42.027819,49.5705,48.63,
2015-05-29,,,51.263447,,93.015072,37.697444,42.955315,47.214204,18.192488,74.829982,21.843399,,54.460861,85.1684,63.27,,28.168454,,91.041729,80.408093,61.440913,40.940639,40.940639,,39.660087,,84.45,83.808506,83.808506,29.299349,72.48,40.940639,95.301368,77.006657,,127.28,49.183678,,,93.659384,79.252702,43.26,,37.089041,263.78,,115.922704,,116.780345,72.277504,71.33,29.5144,42.127059,49.5513,48.03,
2015-06-01,,,51.438043,,92.693318,37.951299,43.071857,47.19467,18.380142,74.654234,21.483557,,54.596649,85.1585,62.91,,28.094611,,90.914274,80.064762,61.225571,40.054691,40.054691,,39.640722,,84.27,83.507982,83.507982,29.907474,72.1,40.054691,94.968352,76.820272,,127.17,49.183678,,,93.212601,79.367188,43.52,,36.65412,259.68,,115.795585,,118.71199,71.982036,71.19,31.261837,41.898808,49.9073,47.15,
2015-06-02,,,51.176148,,93.406116,37.25808,43.110704,46.559808,18.30113,74.205097,21.327949,,54.179585,84.2795,62.91,,27.942004,,90.718191,79.73124,60.853617,40.162973,40.162973,,39.689135,,84.33,83.404677,83.404677,29.779911,71.88,40.162973,94.018277,76.525979,,126.115,48.636126,,,93.290302,79.138217,43.67,,36.41733,260.22,,115.922704,,118.890296,72.907875,70.48,31.165824,41.948428,50.0325,47.19,
2015-06-03,,,50.885154,,95.782106,37.424062,43.296399,46.276562,17.57027,74.341791,21.473831,,54.024398,83.3117,63.4,,28.010923,,89.904443,80.172666,60.9515,40.389382,40.389382,,39.572943,,84.26,83.83668,83.83668,29.760316,71.63,40.389382,94.517801,76.516169,,125.97,48.367152,,,93.243827,78.632572,44.36,,35.948583,261.32,,115.570682,,120.2474,73.636834,71.12,31.415458,41.442308,50.504,47.6,
2015-06-04,,,49.847276,,97.474999,37.013989,42.885914,45.973781,17.451752,73.482574,21.259871,,53.403651,82.3538,62.53,,27.71063,,89.482862,79.044579,60.941711,39.788906,39.788906,,39.301829,,83.61,82.944501,82.944501,29.230669,71.54,39.788906,93.440396,75.741198,,127.18,47.915662,,,92.108855,78.069684,43.76,,35.80361,259.31,,111.229081,,118.42472,73.735323,70.06,30.983399,41.045351,50.5906,46.71,
2015-06-05,,,49.478683,,96.267204,36.53557,42.240866,45.456124,17.649282,72.115638,21.191793,,52.782904,84.8622,62.68,,27.695862,,89.090695,78.779723,60.148862,39.395152,39.395152,,38.82738,,83.37,83.312681,83.312681,29.387623,71.06,39.395152,92.891899,75.260519,,125.55,46.311428,,,91.042372,76.037563,44.58,,34.861282,260.38,,108.852934,,117.75112,71.519117,69.86,30.935393,40.628546,50.3693,46.82,
2015-06-08,,,49.478683,,96.455303,36.799189,41.967209,45.20218,17.333234,71.725085,21.055636,,52.724709,84.6054,62.73,,27.641711,,89.776988,78.416774,60.011827,39.424683,39.424683,,38.885476,,83.35,83.312681,83.312681,29.613159,71.08,39.424683,92.186688,75.2409,,125.49,46.417096,,,90.836903,76.466885,44.68,,34.661293,255.69,,108.03155,,118.761519,71.745623,69.99,30.91619,40.420144,50.8023,47.53,
2015-06-09,,,49.478683,,96.188004,37.062807,41.957435,45.485426,17.145581,71.539572,20.977833,,52.812001,83.7858,62.35,,27.676171,,89.286779,78.387345,60.207592,39.592029,39.592029,,38.924206,,84.01,83.388205,83.388205,29.789807,71.37,39.592029,90.805651,75.074134,,124.88,46.647645,,,91.061941,77.039313,44.29,,35.183213,249.35,,109.126729,,119.177566,71.371384,69.44,30.829778,40.846872,51.2354,47.64,
2015-06-10,,,50.642659,,97.455199,37.131153,42.30928,45.749138,17.422123,72.291387,21.298773,,53.432748,83.1241,62.76,,27.971541,,89.325995,79.495813,60.736158,39.739687,39.739687,,39.050081,,84.34,84.332258,84.332258,30.339049,71.73,39.739687,89.081803,75.6431,,127.03,47.281653,,,91.668564,78.508546,44.82,,35.651477,249.33,,109.097394,,120.604012,71.558454,69.79,31.175425,41.085047,52.0341,48.11,
2015-06-11,,,50.497162,,97.2869,37.297135,42.240866,45.739371,17.501134,72.89087,21.259871,,53.452147,83.2525,62.23,,27.823856,,88.982849,80.231522,60.902558,39.729843,39.729843,,39.147708,,84.51,84.681557,84.681557,30.378338,71.4,39.729843,89.052419,75.672529,,127.17,46.92243,,,92.059933,78.470384,45.68,,35.192968,252.08,,109.273405,,119.890789,71.627416,69.85,31.252449,41.005655,52.1592,48.11,
2015-06-12,,,50.351665,,97.1879,37.209262,42.661124,45.6417,17.40237,72.271735,21.123715,,53.267862,82.7883,62.09,,27.794319,,89.257366,79.966667,60.814464,39.838126,39.838126,,39.011032,,84.7,84.275615,84.275615,30.309658,,39.838126,88.915295,75.505763,,128.385,46.640876,,,91.717485,78.098305,46.46,,35.119802,253.23,,108.823599,,119.385589,71.67666,69.89,31.319845,41.273601,52.4383,47.96,
2015-06-15,,,49.730878,,96.188004,37.140917,42.221319,45.251015,17.431999,71.495359,20.987558,,52.763505,83.7561,61.62,,27.730322,,89.080891,78.642391,60.383781,39.483746,39.483746,,38.649819,,84.76,83.718623,83.718623,29.936866,,39.483746,89.091598,75.358617,,126.91,46.155438,,,90.641218,77.535417,46.77,,35.412467,248.19,,108.530248,,115.92844,70.327239,70.02,30.694026,41.333145,53.2852,48.0,
2015-06-16,,,49.905474,,98.049196,37.707208,42.797952,46.442602,17.639405,72.271735,21.075087,,53.432748,82.492,64.535,,27.892775,,90.29661,79.750859,61.147265,40.108832,40.108832,,39.128183,,85.2,85.106381,85.106381,30.545089,,40.108832,90.139619,76.712364,,132.18,46.621458,,,91.531584,78.060143,48.46,,35.895364,251.07,,109.860108,,116.641662,71.420628,71.51,31.185053,41.591167,53.3044,48.45,
2015-06-17,,,49.410785,,98.969893,37.882954,43.315946,46.647712,17.115951,72.81225,21.119147,,53.587935,82.7982,65.26,,28.079843,,90.659365,80.44733,61.489854,40.153129,40.153129,,39.313671,,85.46,85.144143,85.144143,30.476409,,40.153129,89.855576,76.781033,,132.25,47.145731,,,92.020796,78.069684,48.44,,36.529472,251.8,,110.221908,,117.959144,71.873639,71.67,31.011749,41.888884,53.4969,48.98,
2015-06-18,,,49.827876,,100.583586,38.195391,44.000087,47.116533,17.224593,73.480523,21.168102,,54.169886,82.5315,66.79,,28.197991,,90.453477,80.525806,61.763925,40.212192,40.212192,,39.684646,,86.83,86.295888,86.295888,30.92758,,40.212192,90.379492,77.605053,,133.86,48.019519,,,93.175337,79.290864,49.61,,37.368445,254.97,,110.808611,,119.137943,72.612407,72.01,31.127285,41.988124,54.4977,49.57,
2015-06-19,,,49.953973,,99.900489,42.344941,43.726431,47.145834,17.155457,73.313455,21.177893,,54.441462,82.1661,67.83,,28.1783,,87.296528,80.584663,61.998844,40.399226,40.399226,,39.440583,,87.2,86.701831,86.701831,31.182606,,40.399226,89.730129,77.73258,,133.72,47.883597,,,92.81332,78.861543,52.03,,37.587944,250.09,,110.965065,,118.37519,72.080526,75.53,31.108029,42.692722,54.6228,48.86,
2015-06-22,,,50.429264,,100.425187,42.042268,43.775298,47.175136,17.135704,73.392075,21.461831,,54.868226,81.3958,68.1,,28.453978,,87.492611,81.281134,62.057573,40.40907,40.40907,,39.518683,,87.58,87.287144,87.287144,31.820222,,40.40907,89.818679,78.684127,,133.5,48.339908,,,93.537354,79.309945,52.25,,37.758665,248.49,,111.160632,,118.434626,72.740423,76.05,31.175425,42.901125,55.0463,49.74,
2015-06-23,,,50.438963,,100.266787,42.364468,43.540735,47.165369,17.283852,72.969491,21.54995,,54.858527,82.3933,68.48,,28.611509,,87.374961,81.251706,62.126091,40.453367,40.453367,,39.421058,,87.7,86.51302,86.51302,32.134131,,40.453367,91.451924,78.733176,,133.4,47.650587,,,93.537354,78.566384,53.39,,37.412345,245.15,,110.309913,,118.295943,71.144779,78.15,31.213937,43.72481,55.5852,50.46,
2015-06-24,,,49.905474,,99.237192,42.82336,43.491868,46.891889,16.651757,73.136559,21.500995,,54.848828,80.1712,67.22,,28.581972,,86.512192,80.44733,62.067361,40.438601,40.438601,,39.23557,,87.3,85.96547,85.96547,31.928091,,40.438601,90.340137,79.871109,,132.955,47.54379,,,93.234042,78.035269,52.51,,37.236746,238.83,,109.224513,,116.631757,71.479682,78.99,31.079145,44.667583,55.4601,49.43,
2015-06-25,,,49.177989,,99.078792,42.813596,43.462547,46.589109,16.375215,73.401902,21.158311,,54.790633,77.327,66.85,,28.537667,,86.139633,80.525806,61.538795,40.438601,40.438601,,39.069607,,87.725,86.135399,86.135399,32.183118,,40.438601,89.582547,79.998636,,136.77,47.728257,,,92.783967,78.508445,52.9,,37.231868,239.62,,108.471578,,116.562415,71.085725,77.85,31.194681,44.310322,54.9116,49.67,
2015-06-26,,,48.081912,,99.920289,42.960051,43.892579,46.735616,16.27645,73.578798,21.266012,,55.217396,77.275,66.82,,28.414596,,86.816122,81.708992,61.714984,40.616442,40.616442,,39.050082,,86.98,86.33365,86.33365,32.37936,,40.616442,90.015455,79.910348,,139.41,48.038937,,,92.862241,78.556728,52.65,,37.344056,237.62,,108.168448,,116.294957,71.203932,76.3,31.233193,43.26831,55.0463,49.9,
2015-06-29,,,46.995534,,98.791693,42.403523,42.651351,45.915179,15.871514,72.065357,20.845,,54.373568,74.9754,65.5,,27.700785,,86.188654,79.648273,61.274512,40.349683,40.349683,,38.464331,,85.675,85.26687,85.26687,31.702555,,40.349683,88.342854,78.635078,,134.39,47.252527,,,91.668564,77.368962,51.94,,36.612394,231.87,,105.97809,,114.5119,69.529417,74.14,30.732538,42.623255,55.0174,48.37,
2015-06-30,,,46.772439,,99.177792,42.686669,42.455882,46.540274,15.970279,71.642773,20.707926,,54.043796,75.9567,65.86,,27.750013,,87.090639,78.691863,61.372395,40.646082,40.646082,,38.298368,,85.14,85.767218,85.767218,31.65347,,40.646082,88.765924,79.41005,,134.02,47.485538,,,91.326115,77.417245,53.93,,36.417284,231.99,,106.007426,,114.927946,68.761122,81.03,31.108029,42.305689,55.1618,48.88,
2015-07-01,,,47.17983,,100.563786,43.54587,42.485202,46.725849,16.049291,73.283972,20.74709,,55.372583,74.0436,66.98,,28.050306,,87.806346,79.835611,61.675831,41.110439,41.110439,,38.561956,,88.3,85.62561,85.62561,31.859411,,41.110439,89.493997,78.056302,,134.5,47.670004,,,92.480656,78.508445,52.75,,36.475817,228.63,,106.789696,,114.908135,69.194514,81.44,31.108029,42.633179,55.6141,49.24,
2015-07-02,,,47.18953,,99.68269,43.506815,42.182225,46.550041,15.960403,72.900698,20.384823,,55.333786,73.6769,67.09,,27.986309,,88.276947,79.756732,61.803078,41.051159,41.051159,,38.552194,,88.19,85.738897,85.738897,31.830019,,41.051159,89.415287,78.438883,,133.6,47.563208,,,92.617635,78.382908,52.55,,36.427039,227.8,,106.339891,,115.987875,69.007444,80.58,30.944353,42.603407,55.1233,49.13,
2015-07-06,,,46.646341,,98.979793,43.565397,41.507857,46.169123,16.009785,73.853969,20.042139,,54.887624,71.1394,67.09,,27.676171,,87.178877,79.598974,61.411548,40.764641,40.764641,70.760241,38.483856,,,85.663373,85.663373,31.741745,,40.764641,88.254305,77.879726,,134.82,48.417579,,,92.363245,78.411878,52.41,,36.675804,225.88,,105.635847,,115.126064,68.376975,79.1,31.117657,42.246146,55.1618,48.95,
2015-07-07,,,46.69484,,101.029084,44.414834,42.993422,46.862588,16.44435,76.006201,20.570852,,56.148517,71.4268,67.985,,28.232451,,89.502471,80.230007,62.762328,41.278398,41.278398,72.37989,39.294145,,,86.210923,86.210923,31.780934,,41.278398,88.874151,79.047088,,136.34,50.174864,,,94.320093,79.609301,51.63,,37.446489,225.94,,107.376399,,116.394016,69.105934,79.6,31.416125,42.772114,55.5275,49.49,
2015-07-08,,,46.083753,,99.742089,43.594688,42.426561,46.462137,16.375215,74.817068,20.570852,,55.659843,70.2572,67.47,,28.015846,,88.600485,78.780602,62.331644,40.91284,40.91284,73.126675,38.913407,,,86.069315,86.069315,31.761339,,40.91284,87.014612,78.115161,,133.8,49.543794,,,93.547138,78.769174,52.1,,36.978225,224.36,,106.056318,,114.789264,69.036971,79.1,31.377613,42.295765,54.9789,49.09,
2015-07-09,,,45.676361,,100.345987,43.46776,42.934781,46.326461,16.533239,75.023447,20.580643,,55.640296,70.049,66.6,,28.168454,,89.03187,78.198868,62.24355,40.754761,40.754761,72.544765,38.971982,,,85.323514,85.323514,31.565195,,40.754761,86.719447,78.272903,,133.44,49.466124,,,92.549145,78.450505,51.58,,37.11968,226.08,,105.899863,,114.452464,70.120452,79.65,31.194681,42.345385,54.2991,49.15,
2015-07-10,,,45.792759,,100.682586,43.770433,43.423454,46.818041,16.582621,75.84896,20.707926,,55.972593,69.6228,67.22,,28.212759,,90.071114,79.214438,62.400162,40.91284,40.91284,74.979088,39.430821,,,86.68295,86.68295,31.859411,,40.91284,87.024451,78.87432,,136.11,49.81564,,,93.488433,79.338915,52.1,,37.495266,227.16,,105.205598,,114.947758,70.021963,80.66,31.290961,42.653027,55.2411,49.88,
2015-07-13,,,46.074053,,101.048884,43.663033,44.391025,47.024504,16.829533,76.959472,20.786254,,56.21693,69.7418,68.15,,28.655815,,90.326023,80.032809,62.821058,41.100559,41.100559,76.453259,39.694409,,,87.070012,87.070012,32.124334,,41.100559,88.146078,79.465877,,139.39,49.835057,,,95.122401,79.551361,52.97,,37.831831,229.75,,106.290999,,115.938345,71.085725,81.15,31.570173,43.387397,56.1832,50.42,
2015-07-14,,,46.355347,,101.108284,43.663033,44.674456,47.319452,17.155457,77.214988,20.796045,,55.953047,69.3552,68.35,,28.724734,,90.620149,80.792022,62.762328,41.377197,41.377197,75.648284,40.192297,,,86.843439,86.843439,32.369563,,41.377197,86.709608,79.584189,,140.88,49.854475,,,95.034343,79.84106,53.82,,37.875731,225.26,,106.134545,,116.542604,70.563653,81.45,31.377613,43.695039,55.989,50.22,
2015-07-15,,,46.035254,,100.048988,43.379888,44.185783,46.788546,16.44435,76.9693,20.492524,,55.523014,68.2351,68.31,,28.483515,,89.884834,80.466645,62.331644,40.843681,40.843681,74.397178,40.153247,,,86.277007,86.277007,32.192915,,40.843681,85.115718,78.903898,,140.12,49.73797,,,94.271172,79.831404,53.61,,37.861098,220.55,,105.714074,,115.343993,70.603088,80.59,31.156169,43.109527,55.3771,49.63,
2015-07-16,,,46.413546,,101.246883,43.565397,44.566948,47.211304,17.086322,77.401712,20.796045,,55.73803,69.8012,68.8,,28.849386,,90.512303,80.663843,63.134282,41.466117,41.466117,76.375671,40.494936,,,87.145536,87.145536,32.369563,,41.466117,86.335733,79.465877,,139.68,51.369041,,,94.809305,82.361442,53.76,,38.539105,221.85,,106.202993,,116.433639,71.095535,81.55,31.531661,43.119451,55.9113,50.58,
2015-07-17,,,46.578443,,100.702386,43.389651,44.45944,47.044167,17.37274,77.313264,20.678553,,55.650069,69.038,68.86,,28.48846,,89.718163,80.653983,62.987458,41.387077,41.387077,77.229139,40.270398,,,86.815117,86.815117,32.114438,,41.387077,86.375088,78.884179,,140.06,51.670013,,,94.691894,82.8829,53.96,,38.631782,223.25,,106.056318,,116.67138,70.573562,81.57,31.339101,42.613331,55.5519,50.28,
2015-07-20,,,46.597842,,101.177584,43.243196,44.498533,46.808209,17.580146,77.784986,20.796045,,55.542561,70.4158,68.95,,28.60712,,89.541688,80.634263,62.781904,41.308038,41.308038,77.694667,40.39731,,,86.852879,86.852879,32.026163,,41.308038,86.394766,78.884179,,142.75,52.145742,,,95.210459,82.670454,53.79,,38.919569,222.59,,105.674961,,116.810062,70.642425,80.96,30.857702,42.48432,54.9304,50.19,
2015-07-21,,,46.064353,,100.880585,42.979578,44.312838,46.660735,17.481381,77.421367,20.482733,,55.913953,70.3662,67.81,,28.409352,,88.943632,80.535664,62.664445,41.564916,41.564916,77.801351,40.211822,,,86.777355,86.777355,31.555398,,41.564916,86.709608,79.051787,,144.05,51.990402,,,94.838658,82.602858,53.35,,38.963469,222.57,,105.000252,,115.888816,70.248468,80.13,30.568862,42.216374,55.212,49.89,
2015-07-22,,,46.24865,,102.00918,43.116269,44.342158,47.506252,17.777676,77.362401,20.561061,,56.324438,71.2881,68.03,,28.557678,,89.306387,80.93992,63.026611,41.742755,41.742755,76.268988,39.928709,,,87.542038,87.542038,31.604385,,41.742755,87.53607,79.327847,,147.85,52.388461,,,95.07348,82.583545,54.0,,39.202479,221.66,,105.049144,,118.246414,70.287903,82.68,30.944353,42.801885,55.2606,50.55,
2015-07-23,,,46.578443,,101.227083,42.960051,44.381252,47.388273,17.520887,75.92758,20.531688,,55.786898,70.6933,68.11,,28.508236,,88.875002,81.137118,62.967881,41.614316,41.614316,74.950472,39.870134,,,86.277007,86.277007,31.368953,,41.614316,89.700613,78.972913,,148.53,52.252538,,,94.779953,82.496635,53.6,,38.909814,222.96,,104.560225,,116.453451,69.756022,80.94,30.67477,42.801885,54.9595,50.08,
2015-07-24,,,45.773359,,101.306283,42.63785,43.853485,47.466926,16.987557,76.576198,20.355451,,55.630522,68.8001,67.89,,28.458794,,88.433814,79.97365,63.173435,41.525397,41.525397,74.628167,39.479633,,,85.757778,85.757778,31.045345,,41.525397,88.480598,78.765868,,148.89,52.223412,,,94.10484,81.743417,53.01,,38.802503,224.15,,103.249922,,115.334087,68.948291,80.44,30.462954,42.563711,53.4542,49.45,
2015-07-27,,,45.841258,,101.642882,42.501159,43.677563,47.466926,16.888792,76.301027,20.365241,,55.669616,70.733,67.01,,28.389576,,88.894611,79.293317,63.310471,41.525397,41.525397,75.575548,39.577259,,,85.927707,85.927707,31.153214,,41.525397,88.077206,78.696853,,148.76,52.378752,,,93.596059,82.593201,52.87,,38.626904,218.21,,103.631279,,116.235522,68.495182,80.41,30.62663,42.345385,53.3279,49.89,
2015-07-28,,,46.898536,,103.751573,43.149282,44.312838,48.1748,17.273975,77.617917,20.658971,,56.24625,71.1691,67.14,,28.908716,,90.218177,80.496225,63.672636,42.286152,42.286152,76.493627,39.587021,,,86.937844,86.937844,31.565195,,42.286152,88.638019,79.98842,,149.99,53.640891,,,94.03635,82.660798,53.46,,41.070657,218.2,,106.300777,,116.631757,68.268676,80.39,31.059889,43.049984,54.7847,50.73,
2015-07-29,,,46.685141,,104.820769,43.335863,45.153355,47.889684,17.481381,78.12895,21.05061,,56.18761,74.1031,67.59,,29.071875,,90.688778,81.492075,64.04459,42.58255,42.58255,76.093188,39.626071,,,87.372109,87.372109,31.496515,,42.58255,88.844635,80.254621,,151.32,52.815646,,,94.447288,82.515948,52.84,,41.236501,222.51,,107.337285,,117.513379,69.398231,80.98,31.213937,43.486636,54.8041,51.33,
2015-07-30,,,46.384447,,105.691965,43.640285,44.410572,48.341937,17.530764,78.443431,21.040819,,56.940166,73.5579,68.08,,29.338861,,91.041729,87.112218,64.690615,44.726498,44.726498,77.362873,39.596784,,,87.664765,87.664765,31.869307,,44.726498,88.03785,80.856037,,152.18,52.621471,,,94.545131,82.458008,54.11,,41.631599,223.47,,108.305345,,117.879897,69.427956,81.87,31.300589,44.042376,55.076,51.55,
2015-07-31,,,45.996455,,107.325458,43.267123,49.9228,48.47958,17.580146,78.836532,21.207266,,56.891299,74.3806,67.98,,29.274587,,91.071142,86.964319,64.768921,44.588179,44.588179,77.61681,40.104435,,,87.995184,87.995184,31.898699,,44.588179,86.965418,80.856037,,153.55,52.796229,,,94.271172,82.593201,53.74,,41.84622,220.52,,109.214735,,118.890296,70.488151,81.96,31.262077,44.012604,55.4062,51.62,
2015-08-03,,,46.268049,,107.483858,43.276943,47.74332,49.03998,17.580146,79.219807,21.226848,,57.594988,74.8069,67.68,,29.383359,,90.708386,88.078488,64.671039,44.943856,44.943856,78.495823,40.553511,,,88.429448,88.429448,31.928091,,44.943856,86.562026,80.885615,,155.81,53.068074,,,95.347439,82.718738,53.49,,42.49496,228.19,,109.42008,,119.890789,69.536948,82.69,31.108029,39.656001,56.1249,51.24,
2015-08-04,,,46.956735,,108.414454,43.375143,49.375487,48.843349,17.688788,80.12394,21.461831,,57.653628,75.917,68.65,,29.813504,,90.982904,88.492604,66.07076,45.052536,45.052536,77.948882,40.856149,,,89.420704,89.420704,32.114438,,45.052536,86.335733,81.447595,,151.72,53.320502,,,95.699671,82.8829,53.88,,42.841281,234.78,,109.615648,,120.098812,68.952354,81.82,31.050261,41.263677,56.2997,52.11,
2015-08-05,,,46.772439,,109.582649,43.944706,50.665582,49.157959,17.955453,81.80445,21.540159,,58.05434,74.3212,70.15,,30.060714,,90.845645,89.774391,67.206198,45.734252,45.734252,78.603258,41.119737,,,90.024898,90.024898,32.34987,,45.734252,86.512832,82.364509,,154.0,53.854483,,,97.049897,82.94084,53.09,,42.904691,233.22,,110.974843,,122.188952,69.76484,81.98,31.050261,41.085047,56.7271,52.16,
2015-08-06,,,46.510544,,109.701448,44.160747,52.180468,49.639707,17.441876,80.870833,21.34434,,58.200942,52.2072,69.6,,29.803616,,90.394652,88.916579,67.401964,46.248009,46.248009,77.900048,40.924486,,,89.71336,89.71336,32.232203,,46.248009,86.640737,82.256057,,144.87,53.951571,,,97.01076,82.815304,51.66,,42.470572,232.85,,109.283183,,123.011139,73.084145,78.52,31.059889,41.749949,56.1249,50.61,
2015-08-07,,,45.026475,,108.711453,44.337508,50.538528,49.433244,17.511011,80.458077,21.354131,,57.77091,52.9605,67.82,,29.778895,,87.973017,89.015178,67.460693,45.556413,45.556413,76.630363,40.778049,,,89.958814,89.958814,32.28119,,45.556413,86.739125,82.403946,,149.17,53.873901,,,96.961839,82.168309,58.09,,42.026696,235.07,,107.601302,,122.673494,72.3212,79.56,30.934726,41.531623,48.8022,49.51,
2015-08-10,,,45.133172,,109.42425,44.180387,51.105388,49.629876,16.997434,80.359801,21.540159,,58.05434,54.1302,68.98,,30.090379,,90.012289,89.88285,67.538999,45.852811,45.852811,76.972201,40.690186,,,90.232589,90.232589,32.036059,,45.852811,87.949301,83.478609,,144.73,54.087493,,,96.952054,82.921527,63.59,,42.075474,234.68,,108.060886,,123.130305,72.083399,80.36,31.387241,42.524016,48.2874,50.11,
2015-08-11,,,44.686982,,109.493549,44.160747,51.007653,49.47257,16.562868,80.251698,21.559741,,57.80023,52.4947,67.51,,29.892611,,89.649534,89.685652,67.734764,45.546533,45.546533,76.151789,40.494936,,,89.826646,89.826646,33.065963,,45.546533,85.538788,83.419453,,142.8,54.106911,,,96.492195,82.535261,62.62,,42.075474,233.33,,106.486566,,124.202816,71.855507,79.24,31.165797,41.630862,47.627,49.6,
2015-08-12,,,45.482365,,107.671957,43.885786,51.623381,49.551223,16.859163,80.202561,21.569532,,57.761136,52.4253,67.08,,30.105212,,90.453477,91.056178,67.441117,45.97137,45.97137,74.901638,40.28016,,,89.00532,89.00532,32.909008,,45.97137,83.50215,83.478609,,142.15,54.11662,,,96.257373,82.699424,61.68,,41.816953,234.3,,107.588523,,124.381568,71.568164,77.14,31.011749,41.958352,47.5882,49.95,
2015-08-13,,,46.083753,,107.563057,43.640285,51.271537,49.413581,16.483856,80.703765,22.950061,,57.555894,49.8382,67.48,,29.912388,,88.708331,91.726651,67.431328,45.457613,45.457613,74.217962,40.12396,,,88.929796,88.929796,33.026674,,45.457613,82.675688,83.32086,,149.06,53.951571,,,96.658527,81.753074,62.37,,41.699887,235.14,,106.880121,,126.64576,70.963753,76.51,30.886586,41.9782,47.4716,49.85,
2015-08-14,,,45.783059,,107.414558,44.435708,51.300857,49.846171,16.780151,80.831523,23.517938,,57.917512,50.1554,68.32,,30.263426,,89.561296,92.002728,68.292695,45.926911,45.926911,74.637934,40.270398,,,89.751122,89.751122,33.59561,,45.926911,82.478912,84.001151,,150.4,54.136037,,,97.089034,81.366809,66.28,,41.675498,236.55,,107.61804,,127.122432,70.973662,77.71,31.156169,42.176678,47.7047,49.69,
2015-08-17,,,46.358765,,107.671957,44.317868,51.799303,49.71836,17.224593,81.568589,23.929159,,57.946832,50.4924,68.38,,30.327701,,90.502498,92.535163,68.126295,45.645332,45.645332,74.032392,40.368023,,,89.987136,89.987136,34.203834,,45.645332,83.049564,83.803965,,150.71,54.048658,,,97.705441,81.405435,65.94,,41.743787,233.91,,107.254,,127.618965,72.559001,77.58,31.310217,42.524016,48.0155,49.92,
2015-08-18,,,46.524646,,107.097759,44.033086,51.457232,49.384086,17.293728,81.352383,23.586474,,57.604761,49.7986,63.65,,29.912388,,91.610372,92.032308,67.832647,45.595933,45.595933,73.436617,40.31921,,,88.722104,88.722104,34.11546,,45.595933,82.360846,83.557483,,150.52,53.592347,,,97.617383,81.135049,65.91,,41.587699,232.58,,107.214644,,128.800714,72.598634,77.3,30.992493,42.543863,48.4914,48.24,
2015-08-19,,,45.587908,,105.543466,43.728665,51.349724,49.266107,17.313481,81.16566,23.410237,,57.204049,49.0254,64.15,,30.26837,,90.277002,89.577193,67.490058,44.667218,44.667218,73.036178,39.811559,,,88.674902,88.674902,33.850637,,44.667218,81.071959,82.334931,,147.25,53.213705,,,96.854212,80.864664,65.45,,41.436489,225.89,,110.077768,,128.830506,72.727443,77.5,30.809562,42.851505,47.9572,46.52,
2015-08-20,,,45.080508,,103.900072,43.159102,51.056521,48.794191,16.797846,80.015837,23.194835,,56.510134,49.9571,62.82,,31.440145,,89.796597,89.577193,67.264928,43.471745,43.471745,72.518537,39.587021,,,89.817206,89.817206,33.772159,,43.471745,78.317086,80.836319,,144.6,53.136035,,,95.866004,80.227326,64.99,,41.338934,219.24,,109.959701,,127.777856,71.330363,76.15,30.212626,43.119451,47.6756,45.93,
2015-08-21,,,44.026678,,101.217183,42.216378,50.616715,47.791368,16.698686,77.637573,22.822778,,54.936607,49.6994,60.49,,30.347477,,88.329367,87.122077,66.031607,42.68135,42.68135,70.58471,38.591244,,,90.515805,90.515805,33.624408,,42.68135,77.254493,78.815164,,138.91,52.369043,,,94.17333,78.199432,63.74,,40.78287,213.28,,108.129663,,122.256406,69.33878,75.62,29.885275,41.352992,47.2871,44.43,
2015-08-24,,,42.494722,,98.049196,40.743371,49.453674,46.218313,16.123553,75.426376,21.970962,,53.284893,50.8492,60.13,,29.333917,,85.319932,84.035929,64.348026,41.456237,41.456237,69.217357,37.468554,,,88.391686,88.391686,32.993621,,41.456237,75.581892,76.23203,,135.46,50.621467,,,89.848695,75.650081,61.34,,39.4171,204.67,,106.378336,,118.452962,65.87085,75.71,29.2402,39.864404,45.6264,42.73,
2015-08-25,,,41.967807,,97.2374,39.614066,49.219111,45.372797,15.627748,73.726211,21.706606,,53.568323,51.5034,59.51,,29.061986,,83.997754,82.95134,63.721578,40.814041,40.814041,68.572748,37.087816,,,87.136095,87.136095,32.806384,,40.814041,74.214294,74.950323,,134.36,50.310786,,,87.705946,74.7327,61.83,,40.017063,202.61,,105.128794,,119.1779,64.592671,74.89,29.432759,39.447599,45.6555,42.1,
2015-08-26,,,42.92406,,97.2869,41.037972,50.606942,46.63124,16.411119,75.298618,22.196155,,54.623856,52.0982,60.48,,29.887667,,87.017056,84.696542,65.512829,41.693356,41.693356,72.186466,37.810242,,,88.976999,88.976999,33.279425,,41.693356,76.919973,77.001055,,138.59,51.660304,,,90.494455,77.011666,62.85,,40.777992,205.15,,107.391745,,124.014134,66.069018,78.46,30.106719,40.499535,46.2382,44.86,
2015-08-27,,,43.743705,,96.772102,41.145993,50.675356,46.916356,16.540028,75.73103,22.460512,,55.669616,53.5156,61.96,,30.347477,,89.03979,85.721972,65.933724,42.246632,42.246632,73.42685,38.337418,,,90.4214,90.4214,33.092188,,42.246632,77.10691,77.957406,,140.01,52.145742,,,91.580505,78.0063,63.71,,41.207234,208.19,,114.416729,,126.159157,66.485169,79.68,30.222254,42.017895,46.5976,46.89,
2015-08-28,,,43.568067,,97.484899,40.979052,50.694903,46.995009,16.668937,75.780167,22.465439,,55.835765,53.6345,62.19,,30.406808,,89.000322,84.89374,66.111231,42.286152,42.286152,72.948277,38.513144,,,90.383638,90.383638,33.309015,,42.286152,77.303687,78.795446,,140.43,52.592345,,,91.512016,77.591064,66.06,,41.299912,208.42,,115.695788,,127.052917,66.524803,79.46,30.280022,42.395896,47.6853,46.79,
2015-08-31,,,43.899828,,97.1186,40.929952,50.323512,47.181809,16.321874,75.406721,22.869422,,55.474147,56.1027,60.86,,30.20904,,88.329367,85.130378,65.36176,41.851435,41.851435,70.965615,38.386231,,,89.52455,89.52455,33.279425,,41.851435,77.077394,78.164451,,138.46,52.019528,,,90.924961,77.059949,65.28,,40.851159,205.07,,115.823694,,127.112501,67.466098,79.37,29.923787,42.057684,47.7921,46.14,
2015-09-01,,,42.28981,,94.990109,40.134528,49.776198,46.080671,15.945063,74.109485,22.494998,,54.272012,54.6158,58.95,,29.492131,,85.921819,82.645683,64.799656,40.517642,40.517642,68.484846,37.829767,,,89.760563,89.760563,32.707916,,40.517642,74.814463,76.51795,,135.03,50.51467,,,89.359483,75.109309,64.66,,39.831709,197.05,,112.183296,,126.834442,65.6925,77.81,29.365363,41.182311,47.0929,44.5,
2015-09-02,,,42.563025,,95.861305,40.360389,50.650843,46.965514,16.28221,75.28879,23.096047,,55.532788,56.063,59.24,,29.981607,,87.441337,83.602093,65.815387,41.762515,41.762515,70.389373,37.976205,,,91.837479,91.837479,33.634206,,41.762515,75.493342,78.065858,,136.4,51.582634,,,90.357816,75.997719,65.56,,40.24144,201.5,,113.7772,,128.105567,66.187918,80.1,29.760111,41.779156,47.5105,45.59,
2015-09-03,,,42.689875,,96.760178,40.969232,50.73929,47.712715,16.649105,75.622927,23.362086,,56.304891,56.9254,58.8,,30.248593,,89.03979,84.114808,66.397213,42.72087,42.72087,70.477275,38.230031,,,92.394471,92.394471,33.693385,,42.72087,76.113189,78.953194,,135.64,52.029237,,,90.84096,76.721967,65.53,,41.177968,208.01,,114.997225,,128.105567,66.346452,81.98,30.058579,42.465528,47.8795,45.41,
2015-09-04,,,41.860472,,94.565147,40.48805,49.127583,47.132652,16.450783,74.463277,23.076341,,55.307998,57.867,58.27,,29.996439,,88.526707,82.872461,65.657604,42.058913,42.058913,68.924353,37.605229,,,92.309104,92.309104,33.437171,,42.058913,74.352038,77.661627,,134.24,50.854477,,,89.647889,74.636134,65.4,,40.797503,208.27,,113.747683,,126.635829,66.653612,82.65,29.740855,41.908472,47.2483,45.4,
2015-09-08,,,42.641087,,97.286589,40.988872,50.297054,48.548401,17.214322,76.33051,23.529591,,55.865085,58.0256,59.35,,30.698515,,90.884919,83.533074,66.584581,42.414591,42.414591,72.342735,37.976205,,,94.395828,94.395828,34.018576,,42.414591,74.962045,79.751797,,136.9,51.932149,,,91.077602,77.021323,66.59,,41.771685,208.23,,114.475762,,128.264458,68.655103,82.58,31.656825,42.545107,48.2389,46.29,
2015-09-09,,,41.948291,,95.508712,40.389849,48.272592,47.899516,16.381371,74.708965,23.559151,,54.526122,58.0752,58.32,,30.189263,,89.177928,82.290726,65.243422,41.485877,41.485877,70.487042,37.390454,,,93.001517,93.001517,33.397685,,41.485877,73.958485,78.756009,,132.4,51.475837,,,89.559149,75.582484,64.54,,41.446958,213.34,,112.753953,,125.036992,67.812891,81.02,31.339101,42.276527,47.7436,45.64,
2015-09-10,,,42.016595,,96.819772,40.409489,48.410177,48.322274,16.272294,75.114451,23.766069,,54.623856,60.355,57.98,,30.164542,,89.503539,81.797731,65.43079,41.871194,41.871194,70.477275,37.507604,,,93.039457,93.039457,33.427275,,41.871194,74.049995,78.933476,,132.24,51.718556,,,89.785931,76.161882,64.14,,41.279674,213.4,,112.724436,,126.526592,68.625378,81.23,31.348729,42.624686,48.0349,45.55,
2015-09-11,,,41.78241,,95.488848,40.920132,48.184145,48.568064,16.173133,75.60895,23.864602,,55.190717,60.3649,58.38,,30.51558,,89.996889,82.103388,66.061923,42.167593,42.167593,72.039964,37.546991,,,93.731871,93.731871,33.722876,,42.167593,74.811765,79.71236,,132.77,51.605707,,,90.338095,76.74128,66.05,,41.515839,215.71,,114.239629,,126.526592,68.714553,81.75,30.790306,43.141952,48.1612,46.29,
2015-09-14,,,41.889745,,94.932641,40.59607,48.154662,48.676211,16.51028,75.3617,23.64783,,54.819325,58.8285,57.45,,30.352422,,89.020056,82.694982,65.805525,41.772395,41.772395,72.811541,37.517449,,,93.504228,93.504228,33.476558,,41.772395,74.336895,79.958842,,132.16,51.468328,,,89.923972,76.625401,65.27,,41.309195,227.76,,113.767361,,127.013194,68.456935,81.21,29.904531,43.07232,48.3166,45.82,
2015-09-15,,,42.41666,,95.995394,41.106713,47.869665,49.423412,16.96642,75.955099,23.933575,,55.4546,57.6192,58.11,,30.644129,,89.543007,85.593793,66.525412,42.473871,42.473871,73.631953,37.911333,,,94.073335,94.073335,33.634206,,42.473871,74.989841,80.668711,,132.48,53.097259,,,90.771939,78.035269,68.05,,41.417437,222.09,,114.347857,,127.648757,71.974407,81.24,29.894903,43.500059,49.5014,45.81,
2015-09-16,,,43.119213,,96.611194,41.715556,48.606727,50.691688,17.263902,76.410039,23.992694,,55.825992,59.6215,58.05,,31.059442,,92.49324,86.8953,67.442528,42.523271,42.523271,74.5891,38.551395,,,95.097727,95.097727,34.255097,,42.523271,74.010422,82.029293,,133.93,54.323863,,,91.767808,79.280975,68.8,,41.830726,223.04,,115.636754,,130.250591,82.219663,81.38,30.039323,43.390638,50.2201,46.13,
2015-09-17,,,43.17776,,96.233768,41.980697,48.2038,50.701519,17.47214,76.953988,24.091227,,56.177836,56.6875,58.86,,30.738069,,92.059092,88.315125,67.915878,43.195107,43.195107,74.647701,38.777878,,,94.879569,94.879569,34.432438,,43.195107,74.514971,82.039152,,134.7,53.666403,,,92.06361,79.261662,69.73,,41.604401,224.46,,114.898836,,129.505791,81.843145,81.54,29.769739,43.450322,49.6471,46.67,
2015-09-18,,,42.182476,,98.08117,41.460234,47.673116,50.298424,17.392811,76.380369,23.884308,,55.288451,56.2414,58.04,,30.199151,,91.230264,85.436035,66.515551,42.335552,42.335552,73.680787,38.383994,,,94.044879,94.044879,34.195917,,42.335552,73.832346,81.477173,,134.6,53.038382,,,91.748087,78.431191,67.82,,41.171432,229.03,,114.692219,,126.467008,83.606835,80.5,29.644575,42.664476,48.8604,46.21,
2015-09-21,,,42.328841,,99.203517,41.636995,48.115353,50.603203,17.551469,77.201238,24.002548,,55.503468,56.4992,57.76,,30.26837,,91.546008,87.427734,66.722641,42.335552,42.335552,73.446384,38.590783,,,94.860599,94.860599,34.649265,,42.335552,74.237964,82.009574,,135.24,53.764531,,,92.398853,79.300289,68.61,,42.106252,225.94,,115.164486,,127.330976,82.90334,81.73,30.33779,42.435685,49.8316,46.2,
2015-09-22,,,41.421376,,98.508258,38.690981,47.299672,50.259098,17.452308,76.410039,24.376972,,55.835765,56.2018,55.87,,29.828337,,90.490239,85.268416,66.101369,41.485877,41.485877,72.577138,38.196899,,,94.338918,94.338918,34.511311,,41.485877,72.753996,81.309565,,134.54,53.185574,,,91.077602,77.996643,67.32,,41.860246,225.49,,111.396182,,126.357771,82.130487,81.64,30.183742,41.679682,48.9187,45.11,
2015-09-23,,,41.040826,,97.912322,38.789182,48.076043,50.495056,17.601049,76.775968,24.938608,,56.109422,54.5861,54.81,,30.011272,,90.628377,85.416315,66.357767,41.772395,41.772395,71.600457,38.167358,,,94.348403,94.348403,34.531004,,41.772395,71.94276,81.388439,,134.36,53.381831,,,91.107182,77.668317,67.89,,42.253855,217.04,,111.720867,,127.162154,82.031404,81.92,30.588118,41.928367,48.8119,44.89,
2015-09-24,,,41.001796,,97.922254,40.330929,47.781218,50.278761,17.551469,76.963878,25.027287,,55.659843,54.6852,53.76,,30.258482,,90.865185,85.643092,66.278876,41.624196,41.624196,71.219552,38.551395,,,94.443254,94.443254,34.856195,,41.624196,73.931277,81.979996,,137.14,53.5879,,,91.176203,77.649004,68.25,,41.437117,217.48,,111.6028,,126.238603,80.366797,81.41,30.568862,42.754003,48.4428,44.39,
2015-09-25,,,41.470165,,98.905549,40.782651,47.800873,50.799835,17.482056,77.349588,25.027287,,56.128969,55.3204,53.7,,30.747957,,91.328934,86.027629,67.274883,42.286152,42.286152,71.639525,39.014208,,,94.538105,94.538105,35.240566,,42.286152,70.775372,82.256057,,136.23,53.764531,,,92.162211,77.83248,67.49,,42.303056,217.48,,112.517819,,128.919882,81.545893,82.41,30.029695,43.11211,48.909,44.38,
2015-09-28,,,40.094331,,95.558374,39.692626,46.012271,49.944487,17.075497,76.340809,24.869635,,54.15473,52.9988,52.17,,30.382087,,90.065958,84.332842,65.588573,41.135507,41.135507,68.357878,38.925585,,,93.845692,93.845692,33.663795,,41.135507,69.469481,80.353214,,134.08,53.607526,,,91.176203,77.17719,61.37,,42.726185,214.18,,111.189565,,125.056854,81.635069,80.28,29.837135,41.61005,48.7148,42.39,
2015-09-29,,,40.026027,,94.873047,39.339104,46.886917,49.738023,16.311958,77.379258,24.288292,,54.301332,53.517,51.85,,30.545245,,91.161195,84.80857,65.529405,40.48083,40.48083,67.5863,39.053597,,,92.603142,92.603142,32.924644,,40.48083,68.89568,80.047576,,134.55,53.215013,,,91.738227,76.913119,55.22,,42.775386,212.63,,110.727136,,122.643702,81.248642,77.99,30.010439,41.600102,48.132,40.23,
2015-09-30,,,40.445608,,96.2437,39.781006,47.515876,49.826508,16.381371,78.180347,24.376972,,54.858419,51.9526,51.6,,31.301707,,90.657978,86.533087,65.628019,41.53228,41.53228,68.934119,39.506563,,,92.460866,92.460866,33.240038,,41.53228,69.647557,81.023645,,135.14,53.381831,,,92.980598,77.587967,59.1,,43.562602,210.61,,112.252168,,124.341846,82.259296,77.79,30.125975,42.873372,48.1418,40.15,
2015-10-01,,,40.455365,,97.524963,40.173808,47.938458,49.177623,15.994644,78.348476,24.711982,,54.721591,51.8629,50.45,,31.252265,,90.825717,86.384422,65.322314,41.869538,41.869538,69.17829,39.191456,,,91.645146,91.645146,33.121777,,41.869538,69.746488,77.572894,,134.2,53.2052,,,92.536894,77.715112,58.91,,42.932829,213.5,,111.7799,,126.814581,82.47728,76.54,29.788023,43.440375,48.6274,40.11,
2015-10-02,,,41.392103,,99.034668,41.077253,48.28242,49.747855,16.500364,78.694626,24.731689,,55.337319,53.4572,52.16,,31.731852,,93.055659,88.188227,66.476105,43.208649,43.208649,69.744764,39.772435,,,92.897181,92.897181,33.407581,,43.208649,72.338485,78.499667,,133.93,53.833221,,,92.842557,78.194352,60.24,,43.306757,211.11,,113.787039,,128.224735,83.071783,80.86,30.019761,44.156589,48.268,41.78,
2015-10-05,,,42.582541,,102.32225,41.597715,48.616554,50.495056,17.154825,81.661622,25.253912,,55.923726,54.4536,53.34,,32.305379,,94.219964,89.476659,67.1171,43.932761,43.932761,70.555409,40.382955,,,94.604501,94.604501,34.402848,,43.932761,74.356681,80.520822,,135.12,54.686938,,,94.469471,79.915703,61.02,,44.153015,219.24,,114.849641,,131.323103,83.487934,82.14,30.444615,44.673854,49.3946,42.94,
2015-10-06,,,42.582541,,102.520895,41.155813,47.987595,49.914992,16.96642,81.058333,25.115966,,54.438161,55.0315,51.58,,31.534085,,92.917521,87.980096,66.614165,43.545907,43.545907,70.780046,40.33372,,,94.462224,94.462224,34.324074,,43.545907,74.28743,80.294058,,133.9,54.372927,,,95.711841,79.700535,60.65,,44.536783,217.24,,112.970409,,130.409482,80.247897,80.53,29.845958,44.34559,50.3561,41.96,
2015-10-07,,,43.236306,,103.087035,40.203268,49.029308,49.983813,17.293651,82.195681,25.500243,,54.891322,55.9781,51.91,,31.647801,,94.39757,88.257604,67.274883,43.972438,43.972438,71.444189,40.885157,,,95.145152,95.145152,34.718241,,43.972438,71.576715,80.668711,,134.66,54.853756,,,97.141554,80.854623,60.26,,44.733587,222.17,,114.121562,,133.636947,81.456718,81.96,30.058384,44.385379,50.3658,41.76,
2015-10-08,,,44.036436,,104.755656,41.018332,49.402753,50.465561,17.610965,82.680291,25.441124,,55.640019,57.652,52.17,,32.201551,,95.709881,89.437015,68.280752,44.939574,44.939574,72.69434,41.338124,,,95.638378,95.638378,34.787218,,44.939574,71.359066,81.98644,,136.16,55.31496,,,97.585258,82.302123,60.92,,45.520804,225.69,,115.075936,,135.742248,81.248642,82.81,30.434959,45.748176,51.0034,41.71,
2015-10-09,,,44.319409,,104.984098,41.008512,49.953092,50.724724,17.759707,82.77919,25.648042,,55.768086,57.3431,54.12,,32.344933,,95.275733,89.803723,68.477981,44.637034,44.637034,72.655273,41.377512,,,96.387702,96.387702,35.654427,,44.637034,71.260135,82.253949,,137.43,55.746724,,,98.078262,82.223879,60.49,,45.727448,228.44,,116.187734,,135.940861,80.862216,84.08,30.608763,46.086388,50.7582,43.82,
2015-10-12,,,44.338924,,105.748883,41.283474,50.031712,50.338947,17.581217,83.10556,25.805695,,56.319757,54.8322,53.44,,32.829464,,95.77895,90.74527,68.862578,44.686631,44.686631,72.000897,41.357818,,,96.634315,96.634315,35.7333,,44.686631,70.537937,82.580904,,137.46,56.384559,,,97.752879,82.800923,61.12,,46.199778,228.35,,116.512418,,136.119613,78.028422,83.83,30.830845,46.802602,52.7104,43.46,
2015-10-13,,,43.831524,,105.570102,40.763011,49.363443,49.755336,17.8787,82.680291,25.94364,,55.748383,54.7724,52.65,,32.57731,,94.466639,90.398384,68.39909,44.478325,44.478325,71.668825,41.01317,,,96.084178,96.084178,35.358826,,44.478325,70.795159,81.798193,,131.68,56.541564,,,96.549949,82.556413,59.47,,45.835691,227.53,,116.896135,,134.083827,85.786676,83.07,30.608763,45.211015,52.3573,43.27,
2015-10-14,,,43.870555,,105.03376,39.987227,49.225858,48.944215,17.690294,81.889092,25.322885,,55.255819,53.9753,51.76,,31.988951,,93.045792,89.030664,67.698926,44.379131,44.379131,72.049731,41.042711,,,94.424284,94.424284,34.856195,,44.379131,70.597296,81.005575,,128.57,56.472874,,,96.125965,82.624876,60.49,,45.304319,230.12,,117.378242,,132.763049,85.211991,82.42,30.06804,44.057115,51.8373,42.7,
2015-10-15,,,44.456016,,105.202608,40.58625,49.432235,48.963999,17.858867,82.067111,24.968167,,55.561209,52.5803,51.94,,32.207339,,93.470073,89.724435,68.241306,44.617195,44.617195,73.465917,41.279041,,,95.097727,95.097727,34.353663,,44.617195,73.713629,81.055114,,130.56,56.786885,,,96.904912,84.179961,61.11,,45.934093,235.04,,117.693087,,133.994451,86.955864,82.78,30.125975,43.699008,53.0047,43.28,
2015-10-16,,,44.846324,,106.454074,40.939772,50.002229,48.954107,18.186098,83.20446,25.628336,,56.093178,50.6174,53.51,,32.70864,,94.012757,90.031676,68.823132,45.480178,45.480178,75.585314,41.377512,,,95.676318,95.676318,34.994149,,45.480178,74.297323,81.907178,,132.25,57.620976,,,98.305044,85.85241,61.51,,46.603227,240.58,,117.181464,,134.153342,87.490916,83.25,30.348057,45.061804,53.0342,43.54,
2015-10-19,,,44.856082,,106.722246,40.841571,50.277399,48.865082,17.918364,83.965989,25.864814,,55.837044,52.9091,52.6,,32.922065,,93.983156,90.923668,68.645626,46.04558,46.04558,75.009073,41.347971,,,96.283366,96.283366,35.023739,,46.04558,74.237964,81.85764,,132.7,58.543383,,,98.778328,86.478356,61.44,,46.73115,241.34,,116.85678,,134.242718,87.322474,83.66,30.31909,45.937177,52.9164,43.34,
2015-10-20,,,44.592624,,107.238724,40.330929,50.021884,48.954107,17.620881,83.797859,25.431271,,55.758234,52.7497,52.06,,32.728493,,92.956989,90.983134,68.014493,45.371065,45.371065,75.077441,41.643384,,,95.761684,95.761684,34.649265,,45.371065,73.960957,81.590131,,139.61,58.621886,,,98.867069,86.771769,61.46,,46.868912,258.43,,113.058959,,134.957726,87.689083,83.45,30.434959,45.84765,52.8085,40.25,
2015-10-21,,,44.192559,,107.367843,40.55679,49.658267,49.171725,17.462224,83.886869,25.707162,,56.132583,54.4137,51.0,,33.06104,,92.799117,90.794825,68.645626,45.083404,45.083404,75.253243,41.544913,,,95.448676,95.448676,34.639368,,45.083404,74.297323,82.164779,,138.89,58.720014,,,98.847348,87.026059,60.97,,46.603227,255.42,,113.757522,,135.364883,87.10449,82.65,30.512205,45.986914,52.9066,40.37,
2015-10-22,,,45.568393,,108.231951,41.627175,50.424811,50.8731,17.958028,88.614283,26.436303,,58.34912,53.8657,52.09,,33.994154,,94.654112,92.321121,71.012377,46.561386,46.561386,78.07585,42.578859,,,97.5354,97.5354,35.890948,,46.561386,78.402967,84.760604,,142.47,60.250816,,,101.637752,87.583542,61.72,,48.098939,257.65,,116.364834,,136.854483,87.263024,84.22,31.13983,46.931918,53.8877,41.01,
2015-10-23,,,45.753789,,107.745269,40.53715,50.62136,50.8731,18.15635,88.901092,26.653075,,57.462505,54.8123,51.57,,33.91474,,94.39757,92.558986,70.706671,46.154693,46.154693,76.161556,42.135739,,,97.525915,97.525915,35.969821,,46.154693,80.25298,84.38411,,141.58,59.907367,,,100.996847,87.661786,60.87,,48.108779,257.78,,116.364834,,135.255646,87.669267,88.11,31.477781,47.190551,54.0544,40.75,
2015-10-26,,,45.265904,,106.74211,40.62553,50.061194,51.051151,18.077021,88.891202,26.475716,,57.442803,53.0486,50.57,,33.56234,,93.697014,92.261655,70.558749,46.422515,46.422515,75.01884,41.938797,,,99.271176,99.271176,35.890948,,46.422515,78.85805,84.433649,,141.46,60.250816,,,101.105308,87.730248,63.71,,48.699191,255.82,,115.430137,,135.057032,87.431466,87.76,31.236387,44.862855,52.4161,40.13,
2015-10-27,,,45.119539,,106.801704,39.790827,49.864644,50.635699,17.541553,89.494492,26.51513,,57.354141,51.3946,50.0,,33.175197,,93.075393,91.250731,70.055815,46.224129,46.224129,75.370445,41.958491,,,99.735946,99.735946,35.55586,,46.224129,78.492005,83.591492,,140.61,59.91718,,,101.499711,86.869573,63.46,,47.577407,248.28,,115.213681,,134.739251,85.915485,86.86,30.946714,44.564433,52.5044,39.43,
2015-10-28,,,45.665969,,106.811636,39.958804,50.542741,50.24003,17.789455,89.929651,26.436303,,57.255629,52.7198,50.77,,33.567304,,87.066391,93.104092,69.937477,46.025742,46.025742,77.333573,42.076656,,,98.929712,98.929712,32.766997,,46.025742,78.917409,83.522138,,141.34,60.290068,,,101.302509,87.436836,66.07,,48.364624,245.95,,114.475762,,134.669736,87.16394,87.73,31.014305,44.733539,54.2899,39.97,
2015-10-29,,,44.426743,,106.007122,40.21571,50.238089,50.645591,17.987776,89.089002,26.692488,,57.314736,51.5341,50.07,,33.666571,,87.776815,92.2121,70.006508,45.90671,45.90671,76.815932,42.135739,,,107.181758,107.181758,35.270156,,45.90671,81.905131,83.859,,136.64,60.378383,,,101.36167,87.299911,65.77,,48.14814,244.94,,114.810286,,134.173203,86.688338,87.13,31.130174,43.619428,53.7994,40.24,
2015-10-30,,,44.553593,,105.460847,40.067495,50.454293,50.24003,17.958028,88.386813,26.603809,,57.245777,50.5676,49.85,,33.527597,,87.510406,94.214125,69.543019,45.787678,45.787678,76.151789,41.702467,,,107.864687,107.864687,35.023739,,45.787678,81.123575,83.20509,,136.32,59.338223,,,100.760205,86.458796,64.27,,47.547887,219.59,,115.49901,,133.865353,87.292749,85.64,30.647386,44.126746,52.9851,40.98,
2015-11-02,,,45.15857,,106.156106,40.423211,50.414983,50.190572,18.136518,88.159343,26.564396,,57.117711,51.4245,48.84,,33.512707,,86.790115,94.927719,69.631772,46.065419,46.065419,76.444793,41.594149,,,106.536771,106.536771,36.324602,,46.065419,81.588551,83.769831,,134.98,59.367661,,,99.981258,86.859792,66.41,,47.134598,224.8,,115.528526,,134.143411,87.897159,80.84,30.695665,44.544538,53.9563,41.99,
2015-11-03,,,42.104414,,105.878003,40.472616,50.680325,49.686094,18.027441,87.259355,26.524983,,56.457675,54.6429,49.71,,33.636791,,86.888785,95.195316,67.146684,46.025742,46.025742,74.647701,41.515372,,,107.418886,107.418886,36.216139,,46.025742,83.250595,84.185955,,134.7,56.767259,,,99.507974,86.400113,64.7,,45.245278,217.94,,115.321909,,133.478057,87.094581,83.7,31.062583,45.101593,53.2107,41.53,
2015-11-04,,,41.977564,,106.126309,40.531902,49.805679,49.89382,18.027441,87.209905,26.505276,,56.437972,50.6872,48.21,,33.363805,,86.54344,95.274604,67.72851,45.509936,45.509936,74.051926,41.328277,,,106.584196,106.584196,36.600509,,45.509936,82.587756,84.265217,,132.82,56.94389,,,99.212171,86.136042,64.28,,44.979592,215.84,,115.725305,,132.276446,86.618979,84.67,31.303978,44.912593,53.613,41.3,
2015-11-05,,,42.026353,,106.156106,40.769047,50.837565,49.854253,18.414168,86.735185,26.603809,,56.763065,52.391,47.91,,33.552414,,86.54344,96.30535,68.408951,45.509936,45.509936,73.661254,41.682772,,,107.72241,107.72241,36.570919,,45.509936,82.429466,85.067743,,132.24,56.963516,,,99.202311,86.224066,65.12,,45.422402,211.27,,116.069667,,132.644736,87.015314,86.81,31.719175,45.360226,52.9262,41.87,
2015-11-06,,,41.10913,,103.732632,40.205829,49.677922,48.241903,17.789455,85.311027,26.288504,,55.738532,52.4907,45.9,,33.070966,,85.014055,95.968375,66.988901,44.518002,44.518002,70.330773,41.31843,,,105.389072,105.389072,36.127468,,44.518002,82.073314,83.363614,,150.24,56.021484,,,98.324764,84.473373,63.03,,43.91685,210.0,,113.147509,,131.500045,86.767605,85.73,31.468125,45.260752,53.6032,41.47,
2015-11-09,,,40.513911,,103.136696,40.828333,49.25534,48.142986,19.088462,84.954988,26.180119,,55.590763,52.1917,46.76,,33.051113,,83.987887,95.829621,66.535274,44.031954,44.031954,69.578729,40.904852,,,104.611293,104.611293,36.216139,,44.031954,81.608337,82.779058,,149.05,56.011671,,,97.496517,83.377967,61.98,,43.857809,213.83,,113.058959,,131.659307,86.559529,84.7,31.20742,44.813118,53.6228,43.38,
2015-11-10,,,39.645477,,103.404867,40.660355,50.129986,47.776993,18.810811,86.181346,26.564396,,55.817342,49.8601,45.26,,33.284391,,84.658843,96.463926,66.397213,44.230341,44.230341,70.39914,41.131335,,,105.616715,105.616715,36.906007,,44.230341,81.450048,83.016844,,151.89,55.727099,,,97.447216,83.094336,62.13,,43.877489,208.51,,113.534002,,134.157718,87.500824,85.15,31.448814,45.002119,53.9759,42.9,
2015-11-11,,,39.528385,,104.497417,40.403449,50.650843,48.340821,18.909972,87.506604,26.249091,,56.280352,46.0738,43.82,,33.433293,,85.438336,96.354905,66.683195,44.111309,44.111309,70.428441,41.397207,,,106.385009,106.385009,37.886528,,44.111309,81.618231,83.452784,,152.05,56.139238,,,98.038821,83.182359,62.6,,44.280938,209.66,,114.048626,,134.356794,91.345272,85.31,31.332945,44.57438,54.1525,42.67,
2015-11-12,,,37.576848,,103.265815,38.743439,50.719635,47.776993,18.900056,85.864866,23.174874,,55.364183,45.2468,42.42,,32.971699,,84.027355,93.619464,65.381483,43.288004,43.288004,69.80326,40.94424,,,104.118068,104.118068,36.846827,,43.288004,80.371698,81.590131,,148.46,55.69766,,,96.993652,82.174977,59.91,,44.684386,205.77,,112.158372,,132.764182,91.275914,84.5,30.695665,43.38069,53.3187,41.49,
2015-11-13,,,36.845021,,101.726314,38.377842,49.982574,47.450566,18.334839,85.904426,23.16502,,54.979983,43.3536,41.46,,32.842651,,82.705178,93.104092,65.174392,42.920988,42.920988,69.675271,40.747298,,,103.605872,103.605872,36.83703,,42.920988,80.440949,81.015483,,146.73,55.226644,,,96.66827,81.568592,59.72,,44.792629,201.9,,110.58481,,131.58963,92.950428,84.41,30.415647,42.873372,53.5345,40.56,
2015-11-16,,,37.592145,,103.712768,39.296776,50.080849,48.152878,18.255511,87.051665,23.155167,,56.260649,44.3301,42.08,,33.656645,,83.632676,94.214125,66.002755,43.704616,43.704616,70.546581,41.31843,,,106.280673,106.280673,37.684545,,43.704616,81.440154,82.531365,,147.47,55.707473,,,98.167003,82.497731,60.5,,45.383041,209.57,,112.158372,,134.635502,93.019787,85.02,30.174253,43.95764,54.4959,40.02,
2015-11-17,,,36.569764,,104.606672,38.891655,49.540337,47.519808,18.215846,86.201126,23.13546,,55.354332,39.9858,40.37,,33.567304,,82.46837,93.698753,65.115223,43.466552,43.466552,70.344753,41.032864,,,107.589618,107.589618,37.585978,,43.466552,80.688277,81.946809,,145.61,55.619158,,,97.447216,81.99893,60.28,,45.324,210.41,,110.950985,,137.472343,94.258333,84.17,30.512205,43.708955,54.9472,39.71,
2015-11-18,,,36.776206,,105.440983,40.442973,50.113514,48.50898,18.285259,87.793414,23.174874,,56.319757,40.3544,42.38,,33.974301,,84.185227,94.907897,65.391344,44.121228,44.121228,71.462195,41.633537,,,107.959538,107.959538,38.258924,,44.121228,81.687482,83.908539,,149.13,55.992045,,,98.867069,83.554015,64.54,,45.176397,213.4,,112.207855,,137.651512,93.227863,84.75,30.415647,44.862855,55.0943,40.51,
2015-11-19,,,35.812809,,105.798544,40.61095,50.172808,48.934324,18.683413,88.337363,23.283259,,56.063624,47.7079,41.02,,34.167872,,83.958286,95.205227,65.549127,44.220422,44.220422,72.205516,42.450846,,,108.006963,108.006963,38.288612,,44.220422,81.875452,83.938262,,149.36,56.384559,,,99.517834,84.356008,64.14,,45.383041,212.85,,120.026184,,136.825344,93.019787,84.59,30.763255,44.226221,55.4573,39.7,
2015-11-20,,,35.222974,,104.646401,40.363925,49.510689,48.291362,18.723229,86.913205,22.918689,,55.906003,47.2695,41.07,,33.835326,,83.464937,95.205227,65.332175,43.595503,43.595503,72.510721,41.781243,,,108.177695,108.177695,38.338094,,43.595503,81.20272,83.403245,,148.09,56.060735,,,98.699447,84.101718,63.38,,45.747129,212.36,,121.124708,,136.984605,91.652432,83.31,31.043272,43.42048,55.8399,39.78,
2015-11-23,,,36.097896,,104.854979,41.09512,49.965278,49.250859,18.782952,88.159343,23.105901,,56.950239,45.5557,41.04,,34.376334,,85.097327,97.227074,67.620034,43.724455,43.724455,72.924224,42.30314,,,108.851138,108.851138,38.209442,,43.724455,80.717957,84.354387,,150.41,56.541564,,,99.438953,84.688542,61.99,,46.2785,213.7,,121.273158,,141.424014,91.404723,83.92,31.043272,47.837133,56.4579,40.14,
2015-11-24,,,35.429417,,104.219313,41.055596,50.22222,50.774183,18.753091,88.456043,23.470471,,57.107859,48.6744,41.19,,35.398789,,85.961714,97.336096,66.91987,43.625261,43.625261,73.318037,42.697024,,,108.974445,108.974445,37.645356,,43.625261,80.292553,84.493095,,152.26,56.4925,,,99.222032,84.991735,66.11,,45.943933,215.39,,120.877293,,140.68743,91.266005,85.17,31.361912,48.831875,56.0459,40.44,
2015-11-25,,,35.852132,,104.368297,41.114882,50.834927,51.951297,18.882491,88.802192,23.460618,,57.373844,52.5704,43.1,,36.505622,,86.349197,98.237998,68.221583,43.575665,43.575665,73.485407,42.697024,,,109.885015,109.885015,37.764111,,43.575665,80.806995,84.929035,,156.41,56.42381,,,99.09385,85.255806,69.1,,45.82585,212.92,,121.669022,,142.528889,92.062223,86.28,31.371568,49.587879,55.526,41.38,
2015-11-27,,,35.842301,,105.788612,41.154406,50.953516,52.525017,18.882491,89.573611,23.716803,,57.541316,50.6573,42.33,,37.230274,,86.438616,98.456041,68.807645,44.061712,44.061712,73.455871,42.816097,,,110.416181,110.416181,38.03131,,44.061712,81.133468,85.236174,,156.54,56.669131,,,99.330493,85.500316,70.99,,46.091536,218.49,,121.985714,,143.126118,92.928105,86.6,31.583995,50.435959,55.4867,41.33,
2015-11-30,,,35.871793,,101.845501,40.442973,49.708337,51.674329,18.67346,88.762633,23.174874,,56.900983,52.2117,42.7,,37.185604,,85.753069,97.692892,68.310983,43.307842,43.307842,72.550102,42.290198,,,110.273905,110.273905,36.685419,,43.307842,79.728645,85.127189,,154.61,56.521939,,,98.758608,85.470974,69.52,,45.510964,213.62,,119.937114,,139.612417,91.594447,86.46,30.946714,49.8872,55.4671,40.63,
2015-12-01,,,36.078235,,103.529643,40.403449,49.856572,52.238157,18.832722,90.63184,23.017221,,57.393546,52.7896,41.19,,37.478443,,85.067521,97.970401,68.916911,43.962519,43.962519,73.318037,42.558109,,,110.767131,110.767131,36.388531,,43.962519,79.837469,85.919808,,157.22,56.806511,,,99.646015,85.85241,70.0,,45.392881,214.72,,119.561043,,142.190458,92.729052,86.36,30.985337,50.535734,55.6339,40.17,
2015-12-02,,,35.901284,,101.676094,40.324401,49.184571,52.119456,18.484336,89.850531,22.457035,,56.930536,52.2714,39.96,,37.463553,,84.660167,96.295439,68.430182,43.506229,43.506229,71.910157,42.439037,,,110.330815,110.330815,36.220295,,43.506229,79.273561,84.720973,,154.81,56.757447,,,98.774736,85.382951,69.15,,45.540484,214.43,,119.373007,,141.185122,92.31104,85.67,30.541172,50.465891,54.751,39.45,
2015-12-03,,,35.006702,,101.167863,39.524039,49.01657,51.872164,18.195674,88.802192,22.000954,,56.41827,54.1048,39.56,,37.602527,,84.014361,94.65021,68.072584,42.266312,42.266312,70.354598,42.131436,,,109.097751,109.097751,35.814549,,42.266312,78.472219,83.759923,,153.07,56.021484,,,98.387501,85.422072,66.36,,44.517103,207.53,,119.056315,,139.851308,91.524779,84.75,30.232188,51.363861,54.1035,37.97,
2015-12-04,,,35.360602,,104.346798,40.660355,49.490924,52.5448,18.633644,91.403259,22.169506,,57.64968,51.5142,39.43,,38.510825,,85.941843,96.919833,69.711571,44.141067,44.141067,71.102842,42.955014,,,111.17499,111.17499,36.042162,,44.141067,79.036127,85.662207,,156.695,57.414907,,,100.343534,87.730248,67.58,,46.012814,212.85,,121.866955,,144.002055,94.689728,85.73,30.695665,51.922598,55.2807,38.61,
2015-12-07,,,34.81009,,102.762314,40.284877,49.135159,52.5448,18.593829,90.80986,21.822488,,57.708787,88.5705,39.82,,38.446301,,86.577713,96.60268,70.039369,43.674858,43.674858,70.325062,42.86571,,,111.991063,111.991063,35.418698,,43.674858,79.253775,86.593533,,155.58,57.179399,,,99.956299,86.840231,66.32,,45.934093,214.0,,122.391475,,141.145306,94.301574,86.11,30.531517,51.683139,54.7215,37.59,
2015-12-08,,,34.672462,,102.66266,40.077376,49.046218,52.910794,17.210241,91.541719,22.040613,,58.132392,89.3278,38.41,,38.575349,,87.293067,95.651223,70.347299,43.6451,43.6451,70.423515,42.67718,,,112.150297,112.150297,35.032744,,43.6451,78.41286,85.741469,,156.5,57.140147,,,99.459844,86.820671,66.29,,45.678247,220.41,,122.20344,,142.329812,94.142331,87.05,30.657042,52.491312,54.4665,37.68,
2015-12-09,,,34.81009,,102.283979,39.91928,49.0561,52.950361,17.090794,89.939541,21.564703,,57.708787,89.1783,38.91,,38.222949,,86.051133,94.788964,70.128768,43.297923,43.297923,69.80326,42.329889,,,110.358918,110.358918,34.805131,,43.297923,78.205105,85.374883,,152.0,56.256992,,,98.427217,86.08714,66.26,,44.694226,214.6,,121.322641,,139.532786,93.276449,85.14,30.13563,52.890409,54.1133,38.12,
2015-12-10,,,34.495511,,100.131471,39.840232,49.065982,53.05917,17.100748,90.555977,21.45564,,57.905813,89.1285,38.91,,38.232876,,86.2101,95.016918,70.2579,43.625261,43.625261,69.744189,42.429115,,,109.483132,109.483132,34.043119,,43.625261,78.147927,84.394018,,151.83,56.109799,,,98.198848,85.803508,65.54,,44.614873,217.71,,120.748637,,139.333709,92.948011,83.44,30.019761,53.289507,53.7307,38.3,
2015-12-11,,,33.640251,,99.692997,38.84225,48.30504,52.416208,17.090794,89.919659,21.425895,,57.235926,88.6403,39.47,,38.436374,,86.865842,94.174481,69.661905,42.385344,42.385344,68.611978,41.942907,,,108.657107,108.657107,33.894675,,42.385344,77.08381,83.07629,,149.74,55.403275,,,97.086788,84.424471,63.27,,44.198282,213.62,,119.33342,,137.661466,92.241371,82.16,29.913548,52.401515,52.475,37.6,
2015-12-14,,,33.600928,,100.659632,38.822488,49.145041,52.673393,16.961394,91.301662,21.713425,,57.561018,88.9491,38.42,,38.704397,,89.329839,94.402435,70.605564,42.970585,42.970585,69.8771,42.121514,,,110.159875,110.159875,34.884301,,42.970585,76.974415,83.809462,,151.91,56.443436,,,97.255583,85.246025,62.67,,44.674386,206.54,,118.927659,,137.054282,91.475015,80.07,30.048729,52.591086,51.5724,36.56,
2015-12-15,,,34.269408,,101.018384,39.13868,49.411865,52.633826,17.200287,92.793032,21.762999,,57.679234,88.7897,38.96,,38.719287,,88.773452,96.10713,71.032694,43.664939,43.664939,70.89609,42.736716,,,110.727146,110.727146,35.339528,,43.664939,76.606449,83.958078,,152.58,56.266805,,,98.685374,85.911093,61.99,,44.694223,205.49,,120.778327,,138.636941,93.276449,79.04,30.2515,53.828289,51.9747,37.67,
2015-12-16,,,34.800259,,102.911793,40.31452,50.63728,53.138303,17.817427,93.538717,22.050528,,58.309715,88.8993,40.62,,39.627584,,90.830095,97.702803,71.489624,44.483284,44.483284,71.880621,43.500758,,,111.383985,111.383985,35.933304,,44.483284,78.048477,85.622576,,153.31,57.846671,,,100.363392,88.170367,63.68,,45.606755,207.76,,122.78734,,142.299951,93.714367,80.91,30.753599,53.728514,54.025,38.8,
2015-12-17,,,33.709065,,101.137967,40.146543,48.43351,52.564584,17.488949,92.494758,22.000954,,56.378865,88.5506,41.1,,39.453866,,89.250355,96.761257,71.132026,44.002196,44.002196,70.807482,43.153466,,,111.294416,111.294416,35.567142,,44.002196,77.16337,84.007616,,150.29,57.336404,,,99.489631,87.123863,62.02,,45.130652,207.35,,122.361786,,139.244125,93.276449,80.59,30.676134,52.760703,53.2794,38.17,
2015-12-18,,,34.407036,,99.922199,40.107019,48.09751,51.644654,17.060933,91.112755,21.733254,,56.093178,87.9328,40.55,,39.10643,,88.18726,94.134837,70.307566,42.950746,42.950746,69.576818,42.171127,,,109.672222,109.672222,35.299943,,42.950746,76.576614,82.907859,,145.84,56.060735,,,97.205937,85.011295,61.16,,44.337146,205.24,,120.293392,,137.930219,92.111986,79.71,30.288809,52.431447,53.3677,37.89,
2015-12-21,,,34.711784,,100.171332,40.502259,48.275392,52.089781,17.13061,91.649648,21.842317,,56.556188,88.431,41.42,,39.538244,,88.604549,93.559998,70.575764,44.081551,44.081551,70.852316,42.44896,,,111.115278,111.115278,35.349425,,44.081551,77.461721,83.849093,,147.48,56.364933,,,97.920833,85.723843,61.44,,44.912437,204.34,,121.728402,,140.747153,92.291134,78.8,30.598669,53.050048,53.1421,38.92,
2015-12-22,,,35.793148,,101.755817,40.937024,49.194453,52.574475,17.319733,93.001824,22.129847,,57.541316,89.1584,41.04,,39.960131,,89.151,94.967363,71.708155,44.349373,44.349373,72.390857,42.955014,,,112.707615,112.707615,35.111914,,44.349373,77.998752,84.740788,,147.495,57.251905,,,99.092467,86.753083,61.67,,45.527405,206.11,,121.698712,,141.971474,92.699194,79.5,30.821381,53.469101,55.212,39.43,
2015-12-23,,,36.058574,,102.822105,41.915244,49.490924,52.989928,17.618349,93.31004,22.209165,,58.043731,89.4075,42.31,,39.582914,,89.757064,96.414371,72.582281,45.212356,45.212356,73.959177,43.332073,,,113.274885,113.274885,35.478076,,45.212356,78.764518,86.058516,,147.47,57.905986,,,99.926512,88.158392,63.49,,46.092778,203.83,,123.569173,,143.02658,93.515313,80.28,30.87948,53.678627,56.6247,39.86,
2015-12-24,,,36.029082,,101.546545,41.628694,49.43163,52.742635,17.757704,93.379637,21.812573,,57.846705,89.5569,41.5,,39.617658,,89.737193,95.869265,72.383616,44.984211,44.984211,73.413243,43.203079,,,115.534013,115.534013,34.775442,,44.984211,78.863968,85.899992,,148.82,57.767242,,,99.827221,87.940668,63.79,,46.063021,205.4,,123.49,,142.369627,93.535218,79.68,31.024727,53.818311,56.3206,40.0,
2015-12-28,,,35.881623,,101.596372,41.865839,49.115394,53.009711,17.528765,93.787279,21.782828,,57.708787,89.5769,41.23,,39.711962,,89.806742,95.542202,72.383616,44.706469,44.706469,72.877235,43.153466,,,115.125977,115.125977,34.320214,,44.706469,78.416442,86.385471,,148.16,57.747421,,,99.966228,87.673462,61.11,,45.90432,203.87,,122.945686,,142.608519,92.997774,80.06,31.247439,53.409236,56.2912,39.85,
2015-12-29,,,36.461628,,101.656164,42.191912,49.342689,53.098736,17.737796,94.443481,21.753084,,58.004326,89.8858,41.07,,39.955167,,90.392935,97.215066,73.019345,45.552804,45.552804,74.137846,43.371764,,,116.807883,116.807883,34.636894,,45.552804,79.371164,86.883313,,150.17,58.391592,,,100.730769,88.435495,62.67,,46.142372,204.25,,123.509793,,143.583995,94.440912,80.61,31.721912,53.778402,55.5946,39.43,
2015-12-30,,,36.255185,,101.06821,42.083221,49.036335,52.633826,17.578534,94.105437,21.624192,,57.689085,89.7861,40.88,,39.538244,,90.015387,97.633281,72.70148,45.313838,45.313838,73.204795,43.232847,,,116.947213,116.947213,34.438969,,45.313838,78.893803,86.226162,,150.24,58.272668,,,100.432896,88.059427,62.01,,46.291154,202.65,,122.668581,,143.504364,94.092568,79.27,31.450784,53.658672,55.4867,38.76,
2015-12-31,,,36.058574,,98.935633,41.658337,48.660805,51.980972,17.070887,92.66378,21.306918,,56.80247,89.6566,40.39,,39.250368,,88.693969,95.432674,71.787621,44.646726,44.646726,72.222114,42.627567,,,114.907031,114.907031,33.944156,,44.646726,78.515892,85.190651,,148.96,57.687959,,,99.211616,87.000497,61.7,,45.775375,201.91,,122.064887,,141.782351,93.475502,78.46,30.588986,53.209687,55.0158,38.91,
